scenario_id,instance_id,seed,n_trucks,n_shipments_offered,shipment_density,detour_tolerance,deadline_slack_factor,diesel_price,truckly_solver_status,truckly_n_candidates,truckly_solve_ms,config_hash
S0_base,0,2107536317,30,180,6.0,0.35,1.8,90.0,optimal,45,11.551530999895476,109edf423bbb
S0_base,1,1771476736,30,180,6.0,0.35,1.8,90.0,optimal,29,5.920055000160573,109edf423bbb
S0_base,2,2449616140,30,180,6.0,0.35,1.8,90.0,optimal,53,6.245331999934933,109edf423bbb
S0_base,3,3636726270,30,180,6.0,0.35,1.8,90.0,optimal,12,5.2380189999894355,109edf423bbb
S0_base,4,3300666689,30,180,6.0,0.35,1.8,90.0,optimal,28,4.356099999995422,109edf423bbb
S0_base,5,2211007132,30,180,6.0,0.35,1.8,90.0,optimal,53,6.956307000109518,109edf423bbb
S0_base,6,1874947551,30,180,6.0,0.35,1.8,90.0,optimal,44,6.811350999896604,109edf423bbb
S0_base,7,1928773018,30,180,6.0,0.35,1.8,90.0,optimal,33,7.084927999812862,109edf423bbb
S0_base,8,1592713437,30,180,6.0,0.35,1.8,90.0,optimal,30,7.270014999903651,109edf423bbb
S0_base,9,2650537528,30,180,6.0,0.35,1.8,90.0,optimal,36,5.7385830000384885,109edf423bbb
S0_base,10,2314477947,30,180,6.0,0.35,1.8,90.0,optimal,23,4.345680999904289,109edf423bbb
S0_base,11,1978418366,30,180,6.0,0.35,1.8,90.0,optimal,34,6.629107999970074,109edf423bbb
S0_base,12,2032243833,30,180,6.0,0.35,1.8,90.0,optimal,29,4.555655000103798,109edf423bbb
S0_base,13,1696184252,30,180,6.0,0.35,1.8,90.0,optimal,42,7.2756590000153665,109edf423bbb
S0_base,14,2754008343,30,180,6.0,0.35,1.8,90.0,optimal,33,6.1341370001173345,109edf423bbb
S0_base,15,2417948762,30,180,6.0,0.35,1.8,90.0,optimal,31,6.18935300008161,109edf423bbb
S0_base,16,2571113116,30,180,6.0,0.35,1.8,90.0,optimal,31,5.396491000055903,109edf423bbb
S0_base,17,2135714648,30,180,6.0,0.35,1.8,90.0,optimal,29,5.64677599982133,109edf423bbb
S0_base,18,1799655067,30,180,6.0,0.35,1.8,90.0,optimal,43,5.127844000071491,109edf423bbb
S0_base,19,2857479158,30,180,6.0,0.35,1.8,90.0,optimal,49,6.983940000054645,109edf423bbb
S0_base,20,1616759840,30,180,6.0,0.35,1.8,90.0,optimal,58,4.966304999925342,109edf423bbb
S0_base,21,2674583931,30,180,6.0,0.35,1.8,90.0,optimal,41,6.769453000060821,109edf423bbb
S0_base,22,2338524350,30,180,6.0,0.35,1.8,90.0,optimal,26,6.53032299987899,109edf423bbb
S0_base,23,1903125882,30,180,6.0,0.35,1.8,90.0,optimal,34,5.393554999955086,109edf423bbb
S0_base,24,2056290236,30,180,6.0,0.35,1.8,90.0,optimal,24,5.772922000005565,109edf423bbb
S0_base,25,1720230655,30,180,6.0,0.35,1.8,90.0,optimal,47,4.562568999972427,109edf423bbb
S0_base,26,2778054746,30,180,6.0,0.35,1.8,90.0,optimal,45,6.9460150000395515,109edf423bbb
S0_base,27,2441995165,30,180,6.0,0.35,1.8,90.0,optimal,64,7.812278000074002,109edf423bbb
S0_base,28,2495820632,30,180,6.0,0.35,1.8,90.0,optimal,39,5.134959000088202,109edf423bbb
S0_base,29,2159761051,30,180,6.0,0.35,1.8,90.0,optimal,40,5.466918999900372,109edf423bbb
S0_base,30,1823701470,30,180,6.0,0.35,1.8,90.0,optimal,27,5.098375999978089,109edf423bbb
S0_base,31,2881525561,30,180,6.0,0.35,1.8,90.0,optimal,31,5.154980000042997,109edf423bbb
S0_base,32,2545465980,30,180,6.0,0.35,1.8,90.0,optimal,42,4.537463000133357,109edf423bbb
S0_base,33,2599291447,30,180,6.0,0.35,1.8,90.0,optimal,49,7.223262000024988,109edf423bbb
S0_base,34,2263231866,30,180,6.0,0.35,1.8,90.0,optimal,49,7.27230999996209,109edf423bbb
S0_base,35,3321055957,30,180,6.0,0.35,1.8,90.0,optimal,33,5.092556000136028,109edf423bbb
S0_base,36,2984996376,30,180,6.0,0.35,1.8,90.0,optimal,34,5.614035000007789,109edf423bbb
S0_base,37,3435301022,30,180,6.0,0.35,1.8,90.0,optimal,38,4.013825000129145,109edf423bbb
S0_base,38,2702762262,30,180,6.0,0.35,1.8,90.0,optimal,41,4.317593999985547,109edf423bbb
S0_base,39,2366702681,30,180,6.0,0.35,1.8,90.0,optimal,29,5.725793000010526,109edf423bbb
S0_base,40,3424526772,30,180,6.0,0.35,1.8,90.0,optimal,37,5.591324000079112,109edf423bbb
S0_base,41,2995770626,30,180,6.0,0.35,1.8,90.0,optimal,35,4.53941799992208,109edf423bbb
S0_base,42,1847747873,30,180,6.0,0.35,1.8,90.0,optimal,26,5.2168269999128825,109edf423bbb
S0_base,43,2806233077,30,180,6.0,0.35,1.8,90.0,optimal,62,7.16199300018161,109edf423bbb
S0_base,44,2470173496,30,180,6.0,0.35,1.8,90.0,optimal,58,6.9273020001219265,109edf423bbb
S0_base,45,2623337850,30,180,6.0,0.35,1.8,90.0,optimal,50,6.949280000071667,109edf423bbb
S0_base,46,2287278269,30,180,6.0,0.35,1.8,90.0,optimal,38,3.9181699999062403,109edf423bbb
S0_base,47,3345102360,30,180,6.0,0.35,1.8,90.0,optimal,38,4.095857999800501,109edf423bbb
S0_base,48,2269874188,30,180,6.0,0.35,1.8,90.0,optimal,43,6.4067609998801345,109edf423bbb
S0_base,49,3411254619,30,180,6.0,0.35,1.8,90.0,optimal,44,5.080820000102904,109edf423bbb
S0_base,50,2726808665,30,180,6.0,0.35,1.8,90.0,optimal,40,5.524208999986513,109edf423bbb
S0_base,51,2390749084,30,180,6.0,0.35,1.8,90.0,optimal,39,7.250379999959478,109edf423bbb
S0_base,52,3448573175,30,180,6.0,0.35,1.8,90.0,optimal,36,6.642658999908235,109edf423bbb
S0_base,53,2971724223,30,180,6.0,0.35,1.8,90.0,optimal,31,6.566437000174119,109edf423bbb
S0_base,54,3166339061,30,180,6.0,0.35,1.8,90.0,optimal,23,5.71684099986669,109edf423bbb
S0_base,55,2830279480,30,180,6.0,0.35,1.8,90.0,optimal,28,4.978269000048385,109edf423bbb
S0_base,56,2494219899,30,180,6.0,0.35,1.8,90.0,optimal,31,5.349729000045045,109edf423bbb
S0_base,57,3552043990,30,180,6.0,0.35,1.8,90.0,optimal,38,3.9885410001261334,109edf423bbb
S0_base,58,2868253408,30,180,6.0,0.35,1.8,90.0,optimal,27,5.094430000099237,109edf423bbb
S0_base,59,3269809876,30,180,6.0,0.35,1.8,90.0,optimal,22,5.40356399983466,109edf423bbb
S0_base,60,2933750295,30,180,6.0,0.35,1.8,90.0,optimal,45,5.895156999940809,109edf423bbb
S0_base,61,1844090738,30,180,6.0,0.35,1.8,90.0,optimal,28,3.8821749999442545,109edf423bbb
S0_base,62,2428723012,30,180,6.0,0.35,1.8,90.0,optimal,46,6.9482760000028065,109edf423bbb
S0_base,63,2764782593,30,180,6.0,0.35,1.8,90.0,optimal,70,7.52916299984463,109edf423bbb
S0_base,64,3373280691,30,180,6.0,0.35,1.8,90.0,optimal,57,6.503715999997439,109edf423bbb
S0_base,65,3037221110,30,180,6.0,0.35,1.8,90.0,optimal,48,4.752030999952694,109edf423bbb
S0_base,66,3190385464,30,180,6.0,0.35,1.8,90.0,optimal,23,5.241031999958068,109edf423bbb
S0_base,67,2325252197,30,180,6.0,0.35,1.8,90.0,optimal,47,7.069608000165317,109edf423bbb
S0_base,68,2518266302,30,180,6.0,0.35,1.8,90.0,optimal,65,5.80936100004692,109edf423bbb
S0_base,69,3476751506,30,180,6.0,0.35,1.8,90.0,optimal,47,5.788435000113168,109edf423bbb
S0_base,70,2335371075,30,180,6.0,0.35,1.8,90.0,optimal,47,5.470306000006531,109edf423bbb
S0_base,71,3293856279,30,180,6.0,0.35,1.8,90.0,optimal,47,6.977187000074991,109edf423bbb
S0_base,72,2221781382,30,180,6.0,0.35,1.8,90.0,optimal,56,7.6836700000058045,109edf423bbb
S0_base,73,1768798254,30,180,6.0,0.35,1.8,90.0,optimal,22,5.122844999959852,109edf423bbb
S0_base,74,2404676609,30,180,6.0,0.35,1.8,90.0,optimal,44,4.612961000020732,109edf423bbb
S0_base,75,2740736190,30,180,6.0,0.35,1.8,90.0,optimal,37,4.8245989999031735,109edf423bbb
S0_base,76,1782250986,30,180,6.0,0.35,1.8,90.0,optimal,28,4.314651000186132,109edf423bbb
S0_base,77,3061267513,30,180,6.0,0.35,1.8,90.0,optimal,39,5.5496069999207975,109edf423bbb
S0_base,78,1965146213,30,180,6.0,0.35,1.8,90.0,optimal,39,7.157720999884987,109edf423bbb
S0_base,79,2301205794,30,180,6.0,0.35,1.8,90.0,optimal,40,6.428725999967355,109edf423bbb
S0_base,80,1689373842,30,180,6.0,0.35,1.8,90.0,optimal,44,6.269905999943148,109edf423bbb
S0_base,81,3500797909,30,180,6.0,0.35,1.8,90.0,optimal,41,6.059977000177241,109edf423bbb
S0_base,82,3164738328,30,180,6.0,0.35,1.8,90.0,optimal,62,8.04919899997003,109edf423bbb
S0_base,83,1861675398,30,180,6.0,0.35,1.8,90.0,optimal,65,8.008384000049773,109edf423bbb
S0_base,84,2197734979,30,180,6.0,0.35,1.8,90.0,optimal,29,4.114788000151748,109edf423bbb
S0_base,85,1792844657,30,180,6.0,0.35,1.8,90.0,optimal,64,6.042350000143415,109edf423bbb
S0_base,86,3604268724,30,180,6.0,0.35,1.8,90.0,optimal,38,5.921141999806423,109edf423bbb
S0_base,87,2462888293,30,180,6.0,0.35,1.8,90.0,optimal,41,5.692812000006597,109edf423bbb
S0_base,88,1758204583,30,180,6.0,0.35,1.8,90.0,optimal,47,6.0743450001155,109edf423bbb
S0_base,89,2094264164,30,180,6.0,0.35,1.8,90.0,optimal,85,8.211797999820192,109edf423bbb
S0_base,90,1896315472,30,180,6.0,0.35,1.8,90.0,optimal,61,6.141428000091764,109edf423bbb
S0_base,91,2902418689,30,180,6.0,0.35,1.8,90.0,optimal,37,9.687417000122878,109edf423bbb
S0_base,92,1713420245,30,180,6.0,0.35,1.8,90.0,optimal,26,5.039480000050389,109edf423bbb
S0_base,93,1654733768,30,180,6.0,0.35,1.8,90.0,optimal,18,4.23197700001765,109edf423bbb
S0_base,94,3188784731,30,180,6.0,0.35,1.8,90.0,optimal,51,8.465495000109513,109edf423bbb
S0_base,95,1837628995,30,180,6.0,0.35,1.8,90.0,optimal,45,6.110692999982348,109edf423bbb
S0_base,96,3005889504,30,180,6.0,0.35,1.8,90.0,optimal,56,5.801668999993126,109edf423bbb
S0_base,97,1816891060,30,180,6.0,0.35,1.8,90.0,optimal,56,7.347170999992159,109edf423bbb
S0_base,98,1551262953,30,180,6.0,0.35,1.8,90.0,optimal,41,6.302554999820131,109edf423bbb
S0_base,99,3545582247,30,180,6.0,0.35,1.8,90.0,optimal,63,7.336165999959121,109edf423bbb
S1_low_avail,0,3315057248,30,60,2.0,0.35,1.8,90.0,optimal,21,4.046269000127722,109edf423bbb
S1_low_avail,1,2978997667,30,60,2.0,0.35,1.8,90.0,optimal,18,5.493446000173208,109edf423bbb
S1_low_avail,2,3132162021,30,60,2.0,0.35,1.8,90.0,optimal,15,3.431674000012208,109edf423bbb
S1_low_avail,3,2696763553,30,60,2.0,0.35,1.8,90.0,optimal,13,5.125636000002487,109edf423bbb
S1_low_avail,4,2360703972,30,60,2.0,0.35,1.8,90.0,optimal,17,5.249678999916796,109edf423bbb
S1_low_avail,5,3418528063,30,60,2.0,0.35,1.8,90.0,optimal,13,4.718156000080853,109edf423bbb
S1_low_avail,6,2177808745,30,60,2.0,0.35,1.8,90.0,optimal,8,4.047143999969194,109edf423bbb
S1_low_avail,7,3235632836,30,60,2.0,0.35,1.8,90.0,optimal,4,4.30777700012186,109edf423bbb
S1_low_avail,8,2379343712,30,60,2.0,0.35,1.8,90.0,optimal,14,4.377155999918614,109edf423bbb
S1_low_avail,9,1710574811,30,60,2.0,0.35,1.8,90.0,optimal,13,3.4071160000621603,109edf423bbb
S1_low_avail,10,2617339141,30,60,2.0,0.35,1.8,90.0,optimal,10,4.619800000000396,109edf423bbb
S1_low_avail,11,2281279560,30,60,2.0,0.35,1.8,90.0,optimal,16,5.040446000066368,109edf423bbb
S1_low_avail,12,3339103651,30,60,2.0,0.35,1.8,90.0,optimal,8,4.527869000185092,109edf423bbb
S1_low_avail,13,2275872897,30,60,2.0,0.35,1.8,90.0,optimal,13,5.675494000115577,109edf423bbb
S1_low_avail,14,3056869537,30,60,2.0,0.35,1.8,90.0,optimal,4,4.331520000050659,109edf423bbb
S1_low_avail,15,2720809956,30,60,2.0,0.35,1.8,90.0,optimal,7,4.338677000077951,109edf423bbb
S1_low_avail,16,2384750375,30,60,2.0,0.35,1.8,90.0,optimal,16,3.691816999889852,109edf423bbb
S1_low_avail,17,3442574466,30,60,2.0,0.35,1.8,90.0,optimal,9,3.0041190000247298,109edf423bbb
S1_low_avail,18,2977722932,30,60,2.0,0.35,1.8,90.0,optimal,13,22.19538100007412,109edf423bbb
S1_low_avail,19,3160340352,30,60,2.0,0.35,1.8,90.0,optimal,5,4.483983999989505,109edf423bbb
S1_low_avail,20,2824280771,30,60,2.0,0.35,1.8,90.0,optimal,10,4.457287000150245,109edf423bbb
S1_low_avail,21,1734621214,30,60,2.0,0.35,1.8,90.0,optimal,19,5.4156139999577135,109edf423bbb
S1_low_avail,22,2538192536,30,60,2.0,0.35,1.8,90.0,optimal,15,3.737340999805383,109edf423bbb
S1_low_avail,23,2874252117,30,60,2.0,0.35,1.8,90.0,optimal,9,4.250940000019909,109edf423bbb
S1_low_avail,24,3263811167,30,60,2.0,0.35,1.8,90.0,optimal,8,4.17821099995308,109edf423bbb
S1_low_avail,25,2927751586,30,60,2.0,0.35,1.8,90.0,optimal,17,4.383611000093879,109edf423bbb
S1_low_avail,26,1838092029,30,60,2.0,0.35,1.8,90.0,optimal,26,3.692322000006243,109edf423bbb
S1_low_avail,27,2434721721,30,60,2.0,0.35,1.8,90.0,optimal,11,4.237284000055297,109edf423bbb
S1_low_avail,28,1555857915,30,60,2.0,0.35,1.8,90.0,optimal,15,4.249917999914032,109edf423bbb
S1_low_avail,29,3367281982,30,60,2.0,0.35,1.8,90.0,optimal,6,3.1764300001668744,109edf423bbb
S1_low_avail,30,3031222401,30,60,2.0,0.35,1.8,90.0,optimal,11,4.171221999968111,109edf423bbb
S1_low_avail,31,3184386755,30,60,2.0,0.35,1.8,90.0,optimal,11,4.1993810000349185,109edf423bbb
S1_low_avail,32,2331250906,30,60,2.0,0.35,1.8,90.0,optimal,12,3.0346179999014566,109edf423bbb
S1_low_avail,33,1659328730,30,60,2.0,0.35,1.8,90.0,optimal,15,4.256452999925386,109edf423bbb
S1_low_avail,34,1708825283,30,60,2.0,0.35,1.8,90.0,optimal,11,4.350762000058239,109edf423bbb
S1_low_avail,35,2850205714,30,60,2.0,0.35,1.8,90.0,optimal,15,4.327903000103106,109edf423bbb
S1_low_avail,36,3287857570,30,60,2.0,0.35,1.8,90.0,optimal,10,2.900147999980618,109edf423bbb
S1_low_avail,37,2951797989,30,60,2.0,0.35,1.8,90.0,optimal,13,2.8918069999690488,109edf423bbb
S1_low_avail,38,1762799545,30,60,2.0,0.35,1.8,90.0,optimal,11,3.999029999931736,109edf423bbb
S1_low_avail,39,2410675318,30,60,2.0,0.35,1.8,90.0,optimal,11,3.1995019999158103,109edf423bbb
S1_low_avail,40,1579904318,30,60,2.0,0.35,1.8,90.0,optimal,19,5.388231999859272,109edf423bbb
S1_low_avail,41,3391328385,30,60,2.0,0.35,1.8,90.0,optimal,12,4.513054999961241,109edf423bbb
S1_low_avail,42,3055268804,30,60,2.0,0.35,1.8,90.0,optimal,9,4.0962139999010105,109edf423bbb
S1_low_avail,43,1971144922,30,60,2.0,0.35,1.8,90.0,optimal,10,4.563988999962021,109edf423bbb
S1_low_avail,44,2307204503,30,60,2.0,0.35,1.8,90.0,optimal,14,4.282151000097656,109edf423bbb
S1_low_avail,45,1683375133,30,60,2.0,0.35,1.8,90.0,optimal,19,5.272534000141604,109edf423bbb
S1_low_avail,46,3494799200,30,60,2.0,0.35,1.8,90.0,optimal,13,4.1241670000999875,109edf423bbb
S1_low_avail,47,2405139643,30,60,2.0,0.35,1.8,90.0,optimal,33,4.855440000028466,109edf423bbb
S1_low_avail,48,1867674107,30,60,2.0,0.35,1.8,90.0,optimal,23,4.2487270000037825,109edf423bbb
S1_low_avail,49,2203733688,30,60,2.0,0.35,1.8,90.0,optimal,17,4.647730000215233,109edf423bbb
S1_low_avail,50,1786845948,30,60,2.0,0.35,1.8,90.0,optimal,16,4.556696000008742,109edf423bbb
S1_low_avail,51,3598270015,30,60,2.0,0.35,1.8,90.0,optimal,22,4.602991999945516,109edf423bbb
S1_low_avail,52,1603950721,30,60,2.0,0.35,1.8,90.0,optimal,14,4.381049999892639,109edf423bbb
S1_low_avail,53,1764203292,30,60,2.0,0.35,1.8,90.0,optimal,19,4.440580999926169,109edf423bbb
S1_low_avail,54,2226376344,30,60,2.0,0.35,1.8,90.0,optimal,17,4.376594000177647,109edf423bbb
S1_low_avail,55,1890316763,30,60,2.0,0.35,1.8,90.0,optimal,9,3.0396300001029886,109edf423bbb
S1_low_avail,56,2896419980,30,60,2.0,0.35,1.8,90.0,optimal,9,4.170930999862321,109edf423bbb
S1_low_avail,57,1707421536,30,60,2.0,0.35,1.8,90.0,optimal,9,4.312396999921475,109edf423bbb
S1_low_avail,58,1660732477,30,60,2.0,0.35,1.8,90.0,optimal,9,4.47114500002499,109edf423bbb
S1_low_avail,59,2329847159,30,60,2.0,0.35,1.8,90.0,optimal,11,4.454050000049392,109edf423bbb
S1_low_avail,60,1843627704,30,60,2.0,0.35,1.8,90.0,optimal,12,4.755807000037748,109edf423bbb
S1_low_avail,61,2179687285,30,60,2.0,0.35,1.8,90.0,optimal,5,3.8232590000006894,109edf423bbb
S1_low_avail,62,1810892351,30,60,2.0,0.35,1.8,90.0,optimal,12,4.669292000016867,109edf423bbb
S1_low_avail,63,3622316418,30,60,2.0,0.35,1.8,90.0,optimal,7,3.0320770001708297,109edf423bbb
S1_low_avail,64,3551580956,30,60,2.0,0.35,1.8,90.0,optimal,11,4.018302000076801,109edf423bbb
S1_low_avail,65,1740156889,30,60,2.0,0.35,1.8,90.0,optimal,16,4.110736000029647,109edf423bbb
S1_low_avail,66,2250422747,30,60,2.0,0.35,1.8,90.0,optimal,7,4.308526000158963,109edf423bbb
S1_low_avail,67,1914363166,30,60,2.0,0.35,1.8,90.0,optimal,19,5.536012999982631,109edf423bbb
S1_low_avail,68,2920466383,30,60,2.0,0.35,1.8,90.0,optimal,19,4.6356580000974645,109edf423bbb
S1_low_avail,69,3448110141,30,60,2.0,0.35,1.8,90.0,optimal,13,4.528352999841445,109edf423bbb
S1_low_avail,70,1636686074,30,60,2.0,0.35,1.8,90.0,optimal,10,4.371870000113631,109edf423bbb
S1_low_avail,71,2353893562,30,60,2.0,0.35,1.8,90.0,optimal,11,4.811025999970298,109edf423bbb
S1_low_avail,72,2017833981,30,60,2.0,0.35,1.8,90.0,optimal,14,3.9169669998955214,109edf423bbb
S1_low_avail,73,3008579745,30,60,2.0,0.35,1.8,90.0,optimal,10,4.451344000017343,109edf423bbb
S1_low_avail,74,3344639326,30,60,2.0,0.35,1.8,90.0,optimal,22,4.81255699992289,109edf423bbb
S1_low_avail,75,1533215259,30,60,2.0,0.35,1.8,90.0,optimal,7,4.563230000030671,109edf423bbb
S1_low_avail,76,2457364377,30,60,2.0,0.35,1.8,90.0,optimal,7,4.177744000116945,109edf423bbb
S1_low_avail,77,1716110486,30,60,2.0,0.35,1.8,90.0,optimal,4,2.9439959998853737,109edf423bbb
S1_low_avail,78,2274469150,30,60,2.0,0.35,1.8,90.0,optimal,16,4.878811000025962,109edf423bbb
S1_low_avail,79,3241168511,30,60,2.0,0.35,1.8,90.0,optimal,20,4.211507000036363,109edf423bbb
S1_low_avail,80,3577228092,30,60,2.0,0.35,1.8,90.0,optimal,18,4.649895000056858,109edf423bbb
S1_low_avail,81,3424063738,30,60,2.0,0.35,1.8,90.0,optimal,24,4.359734999979992,109edf423bbb
S1_low_avail,82,3566938409,30,60,2.0,0.35,1.8,90.0,optimal,16,4.342600999962087,109edf423bbb
S1_low_avail,83,2377939965,30,60,2.0,0.35,1.8,90.0,optimal,3,4.763615000001664,109edf423bbb
S1_low_avail,84,3137697696,30,60,2.0,0.35,1.8,90.0,optimal,15,4.3956749998415034,109edf423bbb
S1_low_avail,85,2984533342,30,60,2.0,0.35,1.8,90.0,optimal,9,4.073049999988143,109edf423bbb
S1_low_avail,86,3320592923,30,60,2.0,0.35,1.8,90.0,optimal,4,3.883001999838598,109edf423bbb
S1_low_avail,87,3656652504,30,60,2.0,0.35,1.8,90.0,optimal,11,3.2078669999009435,109edf423bbb
S1_low_avail,88,2481410780,30,60,2.0,0.35,1.8,90.0,optimal,18,4.541404000065086,109edf423bbb
S1_low_avail,89,3487513997,30,60,2.0,0.35,1.8,90.0,optimal,16,4.201196000167329,109edf423bbb
S1_low_avail,90,2881062527,30,60,2.0,0.35,1.8,90.0,optimal,12,4.148163999843746,109edf423bbb
S1_low_avail,91,3217122108,30,60,2.0,0.35,1.8,90.0,optimal,18,4.7007779999148624,109edf423bbb
S1_low_avail,92,2920941176,30,60,2.0,0.35,1.8,90.0,optimal,12,3.049912000051336,109edf423bbb
S1_low_avail,93,1779560745,30,60,2.0,0.35,1.8,90.0,optimal,11,3.0209300000478834,109edf423bbb
S1_low_avail,94,3590984812,30,60,2.0,0.35,1.8,90.0,optimal,12,4.1599889998451545,109edf423bbb
S1_low_avail,95,2777591712,30,60,2.0,0.35,1.8,90.0,optimal,16,3.46281900010581,109edf423bbb
S1_low_avail,96,3113651293,30,60,2.0,0.35,1.8,90.0,optimal,8,4.199794000214752,109edf423bbb
S1_low_avail,97,3024411991,30,60,2.0,0.35,1.8,90.0,optimal,14,4.4235269999717275,109edf423bbb
S1_low_avail,98,3296546520,30,60,2.0,0.35,1.8,90.0,optimal,11,5.635089999941556,109edf423bbb
S1_low_avail,99,2338061316,30,60,2.0,0.35,1.8,90.0,optimal,11,5.128857000045173,109edf423bbb
S2_mod_avail,0,1917604366,30,180,6.0,0.35,1.8,90.0,optimal,32,5.894235999903685,109edf423bbb
S2_mod_avail,1,1581544785,30,180,6.0,0.35,1.8,90.0,optimal,33,5.561877999980425,109edf423bbb
S2_mod_avail,2,2639548091,30,180,6.0,0.35,1.8,90.0,optimal,38,4.404036000096312,109edf423bbb
S2_mod_avail,3,2975607672,30,180,6.0,0.35,1.8,90.0,optimal,32,4.233649000070727,109edf423bbb
S2_mod_avail,4,2357134762,30,180,6.0,0.35,1.8,90.0,optimal,73,8.446382999864,109edf423bbb
S2_mod_avail,5,2021075181,30,180,6.0,0.35,1.8,90.0,optimal,48,5.749285000092641,109edf423bbb
S2_mod_avail,6,2200017695,30,180,6.0,0.35,1.8,90.0,optimal,53,7.555948000117496,109edf423bbb
S2_mod_avail,7,2536077276,30,180,6.0,0.35,1.8,90.0,optimal,39,6.402268000101685,109edf423bbb
S2_mod_avail,8,1529974059,30,180,6.0,0.35,1.8,90.0,optimal,24,5.6500299999697745,109edf423bbb
S2_mod_avail,9,2460605577,30,180,6.0,0.35,1.8,90.0,optimal,40,5.908268999974098,109edf423bbb
S2_mod_avail,10,2124545996,30,180,6.0,0.35,1.8,90.0,optimal,69,7.948117999831084,109edf423bbb
S2_mod_avail,11,2096546880,30,180,6.0,0.35,1.8,90.0,optimal,37,5.400061000045753,109edf423bbb
S2_mod_avail,12,2432606461,30,180,6.0,0.35,1.8,90.0,optimal,19,5.843071999834137,109edf423bbb
S2_mod_avail,13,2900135973,30,180,6.0,0.35,1.8,90.0,optimal,57,4.628235000154746,109edf423bbb
S2_mod_avail,14,2615501688,30,180,6.0,0.35,1.8,90.0,optimal,68,5.361081999808448,109edf423bbb
S2_mod_avail,15,2228016811,30,180,6.0,0.35,1.8,90.0,optimal,28,4.869085999871459,109edf423bbb
S2_mod_avail,16,1993076065,30,180,6.0,0.35,1.8,90.0,optimal,27,5.405683999924804,109edf423bbb
S2_mod_avail,17,2045121584,30,180,6.0,0.35,1.8,90.0,optimal,36,6.509132000019235,109edf423bbb
S2_mod_avail,18,3003606788,30,180,6.0,0.35,1.8,90.0,optimal,40,5.553705000011178,109edf423bbb
S2_mod_avail,19,2512030873,30,180,6.0,0.35,1.8,90.0,optimal,50,6.02599600006215,109edf423bbb
S2_mod_avail,20,3626032411,30,180,6.0,0.35,1.8,90.0,optimal,47,5.846416000167665,109edf423bbb
S2_mod_avail,21,2484651980,30,180,6.0,0.35,1.8,90.0,optimal,34,5.606073000080869,109edf423bbb
S2_mod_avail,22,2148592399,30,180,6.0,0.35,1.8,90.0,optimal,33,4.585292000001573,109edf423bbb
S2_mod_avail,23,2072500477,30,180,6.0,0.35,1.8,90.0,optimal,41,7.666025000162335,109edf423bbb
S2_mod_avail,24,2408560058,30,180,6.0,0.35,1.8,90.0,optimal,34,6.750371999942217,109edf423bbb
S2_mod_avail,25,2924182376,30,180,6.0,0.35,1.8,90.0,optimal,73,16.95059600001514,109edf423bbb
S2_mod_avail,26,2588122795,30,180,6.0,0.35,1.8,90.0,optimal,75,6.026223000162645,109edf423bbb
S2_mod_avail,27,2252063214,30,180,6.0,0.35,1.8,90.0,optimal,43,5.532383999934609,109edf423bbb
S2_mod_avail,28,1969029662,30,180,6.0,0.35,1.8,90.0,optimal,26,5.366937999951915,109edf423bbb
S2_mod_avail,29,3110410093,30,180,6.0,0.35,1.8,90.0,optimal,79,7.657062000134829,109edf423bbb
S2_mod_avail,30,3027653191,30,180,6.0,0.35,1.8,90.0,optimal,49,4.629724000096758,109edf423bbb
S2_mod_avail,31,2691593610,30,180,6.0,0.35,1.8,90.0,optimal,56,6.657225000026301,109edf423bbb
S2_mod_avail,32,1529499266,30,180,6.0,0.35,1.8,90.0,optimal,46,6.047499000032985,109edf423bbb
S2_mod_avail,33,2670879697,30,180,6.0,0.35,1.8,90.0,optimal,33,5.7958519998919655,109edf423bbb
S2_mod_avail,34,3006939278,30,180,6.0,0.35,1.8,90.0,optimal,46,4.66034199985188,109edf423bbb
S2_mod_avail,35,3131124006,30,180,6.0,0.35,1.8,90.0,optimal,68,7.6602049998655275,109edf423bbb
S2_mod_avail,36,2795064425,30,180,6.0,0.35,1.8,90.0,optimal,46,4.650600000104532,109edf423bbb
S2_mod_avail,37,3573512099,30,180,6.0,0.35,1.8,90.0,optimal,34,5.505828999957885,109edf423bbb
S2_mod_avail,38,2567408882,30,180,6.0,0.35,1.8,90.0,optimal,47,9.115509999901406,109edf423bbb
S2_mod_avail,39,3570654402,30,180,6.0,0.35,1.8,90.0,optimal,39,4.315583000106926,109edf423bbb
S2_mod_avail,40,3234594821,30,180,6.0,0.35,1.8,90.0,optimal,46,5.765805000010005,109edf423bbb
S2_mod_avail,41,2898535240,30,180,6.0,0.35,1.8,90.0,optimal,42,7.0369820000451,109edf423bbb
S2_mod_avail,42,3051699594,30,180,6.0,0.35,1.8,90.0,optimal,29,5.895946999999069,109edf423bbb
S2_mod_avail,43,2715640013,30,180,6.0,0.35,1.8,90.0,optimal,41,6.824267999945732,109edf423bbb
S2_mod_avail,44,1526641569,30,180,6.0,0.35,1.8,90.0,optimal,33,6.757376999985354,109edf423bbb
S2_mod_avail,45,1841512444,30,180,6.0,0.35,1.8,90.0,optimal,30,4.0281079998294445,109edf423bbb
S2_mod_avail,46,2097346318,30,180,6.0,0.35,1.8,90.0,optimal,56,4.395210999973642,109edf423bbb
S2_mod_avail,47,3155170409,30,180,6.0,0.35,1.8,90.0,optimal,37,6.696486999999252,109edf423bbb
S2_mod_avail,48,2819110828,30,180,6.0,0.35,1.8,90.0,optimal,55,6.456034000166255,109edf423bbb
S2_mod_avail,49,3549465696,30,180,6.0,0.35,1.8,90.0,optimal,38,4.947798000102921,109edf423bbb
S2_mod_avail,50,2543362479,30,180,6.0,0.35,1.8,90.0,optimal,41,4.444688999910795,109edf423bbb
S2_mod_avail,51,3594700805,30,180,6.0,0.35,1.8,90.0,optimal,74,5.235975000005055,109edf423bbb
S2_mod_avail,52,3258641224,30,180,6.0,0.35,1.8,90.0,optimal,24,4.99270900013471,109edf423bbb
S2_mod_avail,53,2922581643,30,180,6.0,0.35,1.8,90.0,optimal,33,4.27234599987969,109edf423bbb
S2_mod_avail,54,2103832083,30,180,6.0,0.35,1.8,90.0,optimal,26,5.171671999960381,109edf423bbb
S2_mod_avail,55,2439891664,30,180,6.0,0.35,1.8,90.0,optimal,34,6.220222999900216,109edf423bbb
S2_mod_avail,56,1550687972,30,180,6.0,0.35,1.8,90.0,optimal,40,7.158313999980237,109edf423bbb
S2_mod_avail,57,3362112039,30,180,6.0,0.35,1.8,90.0,optimal,21,5.100746999914918,109edf423bbb
S2_mod_avail,58,3006464485,30,180,6.0,0.35,1.8,90.0,optimal,38,6.057152000039423,109edf423bbb
S2_mod_avail,59,2000361268,30,180,6.0,0.35,1.8,90.0,optimal,39,5.9520350000639155,109edf423bbb
S2_mod_avail,60,2336420849,30,180,6.0,0.35,1.8,90.0,optimal,57,7.262582000066686,109edf423bbb
S2_mod_avail,61,1654158787,30,180,6.0,0.35,1.8,90.0,optimal,46,5.00131900002998,109edf423bbb
S2_mod_avail,62,3465582854,30,180,6.0,0.35,1.8,90.0,optimal,58,8.33775599994624,109edf423bbb
S2_mod_avail,63,3618747208,30,180,6.0,0.35,1.8,90.0,optimal,59,4.842060000100901,109edf423bbb
S2_mod_avail,64,1896890453,30,180,6.0,0.35,1.8,90.0,optimal,42,4.917498999930103,109edf423bbb
S2_mod_avail,65,2093689183,30,180,6.0,0.35,1.8,90.0,optimal,39,4.255954999962341,109edf423bbb
S2_mod_avail,66,1757629602,30,180,6.0,0.35,1.8,90.0,optimal,74,6.4818060000106925,109edf423bbb
S2_mod_avail,67,2664393932,30,180,6.0,0.35,1.8,90.0,optimal,42,5.554265999990093,109edf423bbb
S2_mod_avail,68,1574734375,30,180,6.0,0.35,1.8,90.0,optimal,39,6.787886999973125,109edf423bbb
S2_mod_avail,69,3386158442,30,180,6.0,0.35,1.8,90.0,optimal,29,4.125579000174184,109edf423bbb
S2_mod_avail,70,2197159998,30,180,6.0,0.35,1.8,90.0,optimal,57,7.83747300010873,109edf423bbb
S2_mod_avail,71,3103924328,30,180,6.0,0.35,1.8,90.0,optimal,11,3.794771999992008,109edf423bbb
S2_mod_avail,72,2767864747,30,180,6.0,0.35,1.8,90.0,optimal,69,7.365145999983724,109edf423bbb
S2_mod_avail,73,1678205190,30,180,6.0,0.35,1.8,90.0,optimal,20,3.7905399999544898,109edf423bbb
S2_mod_avail,74,3489629257,30,180,6.0,0.35,1.8,90.0,optimal,44,6.5545160000510805,109edf423bbb
S2_mod_avail,75,1536784469,30,180,6.0,0.35,1.8,90.0,optimal,53,6.0151319999022235,109edf423bbb
S2_mod_avail,76,3207395143,30,180,6.0,0.35,1.8,90.0,optimal,21,4.030519000025379,109edf423bbb
S2_mod_avail,77,2117735586,30,180,6.0,0.35,1.8,90.0,optimal,28,4.521697999962271,109edf423bbb
S2_mod_avail,78,1781676005,30,180,6.0,0.35,1.8,90.0,optimal,44,7.106343999794262,109edf423bbb
S2_mod_avail,79,2491137745,30,180,6.0,0.35,1.8,90.0,optimal,42,6.949864000034722,109edf423bbb
S2_mod_avail,80,3580797302,30,180,6.0,0.35,1.8,90.0,optimal,87,7.513413999959084,109edf423bbb
S2_mod_avail,81,3310865958,30,180,6.0,0.35,1.8,90.0,optimal,42,4.4542030000229715,109edf423bbb
S2_mod_avail,82,2221206401,30,180,6.0,0.35,1.8,90.0,optimal,38,5.706344999907742,109edf423bbb
S2_mod_avail,83,1885146820,30,180,6.0,0.35,1.8,90.0,optimal,54,6.144817999938823,109edf423bbb
S2_mod_avail,84,2038311174,30,180,6.0,0.35,1.8,90.0,optimal,38,6.123005000063131,109edf423bbb
S2_mod_avail,85,3477326487,30,180,6.0,0.35,1.8,90.0,optimal,41,4.747386999952141,109edf423bbb
S2_mod_avail,86,3414336773,30,180,6.0,0.35,1.8,90.0,optimal,30,4.151207999939288,109edf423bbb
S2_mod_avail,87,2324677216,30,180,6.0,0.35,1.8,90.0,optimal,39,4.33229800000845,109edf423bbb
S2_mod_avail,88,1948136534,30,180,6.0,0.35,1.8,90.0,optimal,35,5.781165999906079,109edf423bbb
S2_mod_avail,89,2141781989,30,180,6.0,0.35,1.8,90.0,optimal,58,7.051758999978119,109edf423bbb
S2_mod_avail,90,3373855672,30,180,6.0,0.35,1.8,90.0,optimal,29,5.0380559998757235,109edf423bbb
S2_mod_avail,91,3517807588,30,180,6.0,0.35,1.8,90.0,optimal,49,6.124009000131991,109edf423bbb
S2_mod_avail,92,1523488294,30,180,6.0,0.35,1.8,90.0,optimal,36,4.359036000096239,109edf423bbb
S2_mod_avail,93,1844665719,30,180,6.0,0.35,1.8,90.0,optimal,44,7.380005000186429,109edf423bbb
S2_mod_avail,94,2245252804,30,180,6.0,0.35,1.8,90.0,optimal,39,4.4520269998429285,109edf423bbb
S2_mod_avail,95,1909193223,30,180,6.0,0.35,1.8,90.0,optimal,70,7.48165599998174,109edf423bbb
S2_mod_avail,96,1963018690,30,180,6.0,0.35,1.8,90.0,optimal,33,6.3140940001176205,109edf423bbb
S2_mod_avail,97,1626959109,30,180,6.0,0.35,1.8,90.0,optimal,51,10.045253999805936,109edf423bbb
S2_mod_avail,98,3438383176,30,180,6.0,0.35,1.8,90.0,optimal,38,4.712907000111954,109edf423bbb
S2_mod_avail,99,2348723619,30,180,6.0,0.35,1.8,90.0,optimal,22,5.272021999871868,109edf423bbb
S3_high_avail,0,2946705878,30,450,15.0,0.35,1.8,90.0,optimal,72,7.988086000068506,109edf423bbb
S3_high_avail,1,3322531759,30,450,15.0,0.35,1.8,90.0,optimal,160,10.154628000009325,109edf423bbb
S3_high_avail,2,1520986740,30,450,15.0,0.35,1.8,90.0,optimal,110,9.472771999980978,109edf423bbb
S3_high_avail,3,2479471944,30,450,15.0,0.35,1.8,90.0,optimal,129,7.333215000016935,109edf423bbb
S3_high_avail,4,2143412363,30,450,15.0,0.35,1.8,90.0,optimal,135,9.040884999876653,109edf423bbb
S3_high_avail,5,2296576717,30,450,15.0,0.35,1.8,90.0,optimal,99,8.600448999914079,109edf423bbb
S3_high_avail,6,1960517136,30,450,15.0,0.35,1.8,90.0,optimal,118,7.478263999928458,109edf423bbb
S3_high_avail,7,1624457555,30,450,15.0,0.35,1.8,90.0,optimal,65,7.220322999955897,109edf423bbb
S3_high_avail,8,2596635321,30,450,15.0,0.35,1.8,90.0,optimal,91,7.991365999941991,109edf423bbb
S3_high_avail,9,1590532104,30,450,15.0,0.35,1.8,90.0,optimal,99,9.176480999940395,109edf423bbb
S3_high_avail,10,2400047532,30,450,15.0,0.35,1.8,90.0,optimal,141,10.966955999947459,109edf423bbb
S3_high_avail,11,2063987951,30,450,15.0,0.35,1.8,90.0,optimal,66,6.187331000091945,109edf423bbb
S3_high_avail,12,1727928370,30,450,15.0,0.35,1.8,90.0,optimal,104,8.619226000064373,109edf423bbb
S3_high_avail,13,3298485356,30,450,15.0,0.35,1.8,90.0,optimal,132,9.315842999967572,109edf423bbb
S3_high_avail,14,3634544937,30,450,15.0,0.35,1.8,90.0,optimal,91,7.6323979999415315,109edf423bbb
S3_high_avail,15,2503518347,30,450,15.0,0.35,1.8,90.0,optimal,70,8.098474999997052,109edf423bbb
S3_high_avail,16,2167458766,30,450,15.0,0.35,1.8,90.0,optimal,83,7.6097189999018156,109edf423bbb
S3_high_avail,17,2320623120,30,450,15.0,0.35,1.8,90.0,optimal,293,14.121742000043014,109edf423bbb
S3_high_avail,18,3195014541,30,450,15.0,0.35,1.8,90.0,optimal,83,7.56150299980618,109edf423bbb
S3_high_avail,19,3531074122,30,450,15.0,0.35,1.8,90.0,optimal,118,8.116915000073277,109edf423bbb
S3_high_avail,20,2606989162,30,450,15.0,0.35,1.8,90.0,optimal,67,7.497157999978299,109edf423bbb
S3_high_avail,21,1665824588,30,450,15.0,0.35,1.8,90.0,optimal,144,8.200161000104345,109edf423bbb
S3_high_avail,22,2755484145,30,450,15.0,0.35,1.8,90.0,optimal,132,8.719549000034021,109edf423bbb
S3_high_avail,23,3091543726,30,450,15.0,0.35,1.8,90.0,optimal,115,9.75169499997719,109edf423bbb
S3_high_avail,24,3046519558,30,450,15.0,0.35,1.8,90.0,optimal,79,7.715915999824574,109edf423bbb
S3_high_avail,25,2710459977,30,450,15.0,0.35,1.8,90.0,optimal,98,7.524881000108508,109edf423bbb
S3_high_avail,26,3617224307,30,450,15.0,0.35,1.8,90.0,optimal,124,9.893006999845966,109edf423bbb
S3_high_avail,27,2652013330,30,450,15.0,0.35,1.8,90.0,optimal,155,10.24785200002043,109edf423bbb
S3_high_avail,28,2191505169,30,450,15.0,0.35,1.8,90.0,optimal,108,8.34910100002162,109edf423bbb
S3_high_avail,29,3149990373,30,450,15.0,0.35,1.8,90.0,optimal,221,11.809373999994932,109edf423bbb
S3_high_avail,30,3170968138,30,450,15.0,0.35,1.8,90.0,optimal,195,10.602778000020407,109edf423bbb
S3_high_avail,31,2967095146,30,450,15.0,0.35,1.8,90.0,optimal,118,9.000069999956395,109edf423bbb
S3_high_avail,32,2631035565,30,450,15.0,0.35,1.8,90.0,optimal,109,8.488766000027681,109edf423bbb
S3_high_avail,33,2294975984,30,450,15.0,0.35,1.8,90.0,optimal,177,9.179579999909038,109edf423bbb
S3_high_avail,34,2731437742,30,450,15.0,0.35,1.8,90.0,optimal,223,11.460011000053782,109edf423bbb
S3_high_avail,35,3067497323,30,450,15.0,0.35,1.8,90.0,optimal,41,6.382566999945993,109edf423bbb
S3_high_avail,36,3070565961,30,450,15.0,0.35,1.8,90.0,optimal,156,10.000631000139037,109edf423bbb
S3_high_avail,37,2734506380,30,450,15.0,0.35,1.8,90.0,optimal,119,8.515920000036203,109edf423bbb
S3_high_avail,38,1538307370,30,450,15.0,0.35,1.8,90.0,optimal,106,8.855536000055508,109edf423bbb
S3_high_avail,39,2627966927,30,450,15.0,0.35,1.8,90.0,optimal,67,8.286567999903127,109edf423bbb
S3_high_avail,40,2964026508,30,450,15.0,0.35,1.8,90.0,optimal,167,10.811933000013596,109edf423bbb
S3_high_avail,41,3174036776,30,450,15.0,0.35,1.8,90.0,optimal,76,7.555823000075179,109edf423bbb
S3_high_avail,42,3246260622,30,450,15.0,0.35,1.8,90.0,optimal,73,7.869992999985698,109edf423bbb
S3_high_avail,43,2991141549,30,450,15.0,0.35,1.8,90.0,optimal,95,8.638825999923938,109edf423bbb
S3_high_avail,44,2524496112,30,450,15.0,0.35,1.8,90.0,optimal,135,10.059097000066686,109edf423bbb
S3_high_avail,45,2860555693,30,450,15.0,0.35,1.8,90.0,optimal,97,8.366094999928464,109edf423bbb
S3_high_avail,46,2806730226,30,450,15.0,0.35,1.8,90.0,optimal,138,14.165504999937184,109edf423bbb
S3_high_avail,47,3142789807,30,450,15.0,0.35,1.8,90.0,optimal,152,10.7953770000222,109edf423bbb
S3_high_avail,48,2084965716,30,450,15.0,0.35,1.8,90.0,optimal,150,9.976069999993342,109edf423bbb
S3_high_avail,49,2421025297,30,450,15.0,0.35,1.8,90.0,optimal,153,9.067493999964427,109edf423bbb
S3_high_avail,50,1569554339,30,450,15.0,0.35,1.8,90.0,optimal,162,9.751328999982434,109edf423bbb
S3_high_avail,51,2703259411,30,450,15.0,0.35,1.8,90.0,optimal,95,7.328338999968764,109edf423bbb
S3_high_avail,52,2140259088,30,450,15.0,0.35,1.8,90.0,optimal,78,6.076664999909553,109edf423bbb
S3_high_avail,53,1981494901,30,450,15.0,0.35,1.8,90.0,optimal,81,7.559485999991011,109edf423bbb
S3_high_avail,54,2862023598,30,450,15.0,0.35,1.8,90.0,optimal,184,14.343026999995345,109edf423bbb
S3_high_avail,55,2164390128,30,450,15.0,0.35,1.8,90.0,optimal,118,8.693049000157771,109edf423bbb
S3_high_avail,56,2599788596,30,450,15.0,0.35,1.8,90.0,optimal,61,6.1156539998137305,109edf423bbb
S3_high_avail,57,2243729903,30,450,15.0,0.35,1.8,90.0,optimal,201,17.40203700001075,109edf423bbb
S3_high_avail,58,3301553994,30,450,15.0,0.35,1.8,90.0,optimal,105,8.913741000014852,109edf423bbb
S3_high_avail,59,3118743404,30,450,15.0,0.35,1.8,90.0,optimal,156,10.618774000022313,109edf423bbb
S3_high_avail,60,2060919313,30,450,15.0,0.35,1.8,90.0,optimal,109,8.963751000010234,109edf423bbb
S3_high_avail,61,2683260299,30,450,15.0,0.35,1.8,90.0,optimal,81,7.848058000035962,109edf423bbb
S3_high_avail,62,1593600742,30,450,15.0,0.35,1.8,90.0,optimal,141,9.704446999876382,109edf423bbb
S3_high_avail,63,2679213008,30,450,15.0,0.35,1.8,90.0,optimal,72,8.587770000076489,109edf423bbb
S3_high_avail,64,3015272589,30,450,15.0,0.35,1.8,90.0,optimal,99,8.867344000009325,109edf423bbb
S3_high_avail,65,1957448498,30,450,15.0,0.35,1.8,90.0,optimal,153,10.455817000092793,109edf423bbb
S3_high_avail,66,2786731114,30,450,15.0,0.35,1.8,90.0,optimal,98,8.295005000036326,109edf423bbb
S3_high_avail,67,2239682612,30,450,15.0,0.35,1.8,90.0,optimal,140,9.212206999791306,109edf423bbb
S3_high_avail,68,2575742193,30,450,15.0,0.35,1.8,90.0,optimal,141,10.639156000024741,109edf423bbb
S3_high_avail,69,3661659978,30,450,15.0,0.35,1.8,90.0,optimal,158,9.165282000139996,109edf423bbb
S3_high_avail,70,1853977683,30,450,15.0,0.35,1.8,90.0,optimal,133,11.238218000016786,109edf423bbb
S3_high_avail,71,2084881079,30,450,15.0,0.35,1.8,90.0,optimal,151,10.085074000016903,109edf423bbb
S3_high_avail,72,2136211797,30,450,15.0,0.35,1.8,90.0,optimal,194,9.975484000051438,109edf423bbb
S3_high_avail,73,2472271378,30,450,15.0,0.35,1.8,90.0,optimal,86,9.378795999964495,109edf423bbb
S3_high_avail,74,3561930935,30,450,15.0,0.35,1.8,90.0,optimal,187,11.19396100011727,109edf423bbb
S3_high_avail,75,1750506868,30,450,15.0,0.35,1.8,90.0,optimal,169,8.756627000138906,109edf423bbb
S3_high_avail,76,3482896679,30,450,15.0,0.35,1.8,90.0,optimal,95,9.317870999893785,109edf423bbb
S3_high_avail,77,2032740982,30,450,15.0,0.35,1.8,90.0,optimal,89,8.279980999986947,109edf423bbb
S3_high_avail,78,2368800563,30,450,15.0,0.35,1.8,90.0,optimal,148,12.635384000077465,109edf423bbb
S3_high_avail,79,3458460120,30,450,15.0,0.35,1.8,90.0,optimal,108,8.362470000065514,109edf423bbb
S3_high_avail,80,2551695790,30,450,15.0,0.35,1.8,90.0,optimal,186,11.184455999909915,109edf423bbb
S3_high_avail,81,3586367494,30,450,15.0,0.35,1.8,90.0,optimal,106,9.702035999907821,109edf423bbb
S3_high_avail,82,1929270167,30,450,15.0,0.35,1.8,90.0,optimal,97,6.97636999984752,109edf423bbb
S3_high_avail,83,2914248332,30,450,15.0,0.35,1.8,90.0,optimal,100,8.555333999993309,109edf423bbb
S3_high_avail,84,2112165394,30,450,15.0,0.35,1.8,90.0,optimal,101,6.951831000151287,109edf423bbb
S3_high_avail,85,2448224975,30,450,15.0,0.35,1.8,90.0,optimal,85,6.834319999825311,109edf423bbb
S3_high_avail,86,1542354661,30,450,15.0,0.35,1.8,90.0,optimal,185,11.571191000030012,109edf423bbb
S3_high_avail,87,3353778728,30,450,15.0,0.35,1.8,90.0,optimal,187,10.979017999943608,109edf423bbb
S3_high_avail,88,1672634998,30,450,15.0,0.35,1.8,90.0,optimal,51,5.787840000039068,109edf423bbb
S3_high_avail,89,2008694579,30,450,15.0,0.35,1.8,90.0,optimal,81,9.250469999869892,109edf423bbb
S3_high_avail,90,2344754160,30,450,15.0,0.35,1.8,90.0,optimal,82,7.495129999824712,109edf423bbb
S3_high_avail,91,3434413717,30,450,15.0,0.35,1.8,90.0,optimal,156,9.893943999941257,109edf423bbb
S3_high_avail,92,2651928693,30,450,15.0,0.35,1.8,90.0,optimal,117,10.163838999915242,109edf423bbb
S3_high_avail,93,1569164183,30,450,15.0,0.35,1.8,90.0,optimal,84,7.611552999833293,109edf423bbb
S3_high_avail,94,1905223764,30,450,15.0,0.35,1.8,90.0,optimal,108,8.23857999989741,109edf423bbb
S3_high_avail,95,2994883321,30,450,15.0,0.35,1.8,90.0,optimal,181,8.678372000076706,109edf423bbb
S3_high_avail,96,3330942902,30,450,15.0,0.35,1.8,90.0,optimal,144,10.53717499985396,109edf423bbb
S3_high_avail,97,2755399508,30,450,15.0,0.35,1.8,90.0,optimal,109,9.591189000047962,109edf423bbb
S3_high_avail,98,3613177016,30,450,15.0,0.35,1.8,90.0,optimal,155,12.008304000119097,109edf423bbb
S3_high_avail,99,1801752949,30,450,15.0,0.35,1.8,90.0,optimal,84,7.48414200006664,109edf423bbb
S4_strict_dl,0,2803715377,30,180,6.0,0.35,1.25,90.0,optimal,23,4.346739000084199,109edf423bbb
S4_strict_dl,1,1797612160,30,180,6.0,0.35,1.25,90.0,optimal,34,4.316262999964238,109edf423bbb
S4_strict_dl,2,2192967476,30,180,6.0,0.35,1.25,90.0,optimal,20,3.7935780001134844,109edf423bbb
S4_strict_dl,3,1856907895,30,180,6.0,0.35,1.25,90.0,optimal,44,4.42067600010887,109edf423bbb
S4_strict_dl,4,1520848314,30,180,6.0,0.35,1.25,90.0,optimal,24,5.967995999981213,109edf423bbb
S4_strict_dl,5,2700244562,30,180,6.0,0.35,1.25,90.0,optimal,39,5.553628999905413,109edf423bbb
S4_strict_dl,6,3485436735,30,180,6.0,0.35,1.25,90.0,optimal,34,5.502281999952174,109edf423bbb
S4_strict_dl,7,2296438291,30,180,6.0,0.35,1.25,90.0,optimal,19,5.212053999912314,109edf423bbb
S4_strict_dl,8,1960378710,30,180,6.0,0.35,1.25,90.0,optimal,33,9.086592999892673,109edf423bbb
S4_strict_dl,9,2260714166,30,180,6.0,0.35,1.25,90.0,optimal,37,6.754696999905718,109edf423bbb
S4_strict_dl,10,3402094597,30,180,6.0,0.35,1.25,90.0,optimal,78,6.810225999970498,109edf423bbb
S4_strict_dl,11,1590670530,30,180,6.0,0.35,1.25,90.0,optimal,31,4.43365400019502,109edf423bbb
S4_strict_dl,12,2779668974,30,180,6.0,0.35,1.25,90.0,optimal,29,4.174325000121826,109edf423bbb
S4_strict_dl,13,2063849525,30,180,6.0,0.35,1.25,90.0,optimal,27,4.016546000002563,109edf423bbb
S4_strict_dl,14,2217013879,30,180,6.0,0.35,1.25,90.0,optimal,44,6.084439000005659,109edf423bbb
S4_strict_dl,15,1880954298,30,180,6.0,0.35,1.25,90.0,optimal,48,5.930098999897382,109edf423bbb
S4_strict_dl,16,2340138578,30,180,6.0,0.35,1.25,90.0,optimal,40,7.484894000072018,109edf423bbb
S4_strict_dl,17,2676198159,30,180,6.0,0.35,1.25,90.0,optimal,37,4.483947999915472,109edf423bbb
S4_strict_dl,18,1670094942,30,180,6.0,0.35,1.25,90.0,optimal,24,6.356352000011611,109edf423bbb
S4_strict_dl,19,2320484694,30,180,6.0,0.35,1.25,90.0,optimal,39,5.352255999923727,109edf423bbb
S4_strict_dl,20,1984425113,30,180,6.0,0.35,1.25,90.0,optimal,60,8.272491000070659,109edf423bbb
S4_strict_dl,21,2236667763,30,180,6.0,0.35,1.25,90.0,optimal,46,5.0428419999661855,109edf423bbb
S4_strict_dl,22,3378048194,30,180,6.0,0.35,1.25,90.0,optimal,25,5.23219000001518,109edf423bbb
S4_strict_dl,23,2760015090,30,180,6.0,0.35,1.25,90.0,optimal,32,5.529869999918446,109edf423bbb
S4_strict_dl,24,2423955509,30,180,6.0,0.35,1.25,90.0,optimal,41,6.139893000181473,109edf423bbb
S4_strict_dl,25,2087895928,30,180,6.0,0.35,1.25,90.0,optimal,20,5.110235999836732,109edf423bbb
S4_strict_dl,26,2938517798,30,180,6.0,0.35,1.25,90.0,optimal,26,5.41534099988894,109edf423bbb
S4_strict_dl,27,3274577379,30,180,6.0,0.35,1.25,90.0,optimal,17,6.672432000186745,109edf423bbb
S4_strict_dl,28,2863485905,30,180,6.0,0.35,1.25,90.0,optimal,26,5.128131999981633,109edf423bbb
S4_strict_dl,29,2527426324,30,180,6.0,0.35,1.25,90.0,optimal,39,7.185726999978215,109edf423bbb
S4_strict_dl,30,2191366743,30,180,6.0,0.35,1.25,90.0,optimal,46,7.186989000047106,109edf423bbb
S4_strict_dl,31,2835046983,30,180,6.0,0.35,1.25,90.0,optimal,55,8.434326000042347,109edf423bbb
S4_strict_dl,32,3171106564,30,180,6.0,0.35,1.25,90.0,optimal,45,6.696419000036258,109edf423bbb
S4_strict_dl,33,2966956720,30,180,6.0,0.35,1.25,90.0,optimal,47,8.296726000025956,109edf423bbb
S4_strict_dl,34,2630897139,30,180,6.0,0.35,1.25,90.0,optimal,74,5.881690000023809,109edf423bbb
S4_strict_dl,35,2784061493,30,180,6.0,0.35,1.25,90.0,optimal,21,4.9279800000476826,109edf423bbb
S4_strict_dl,36,2731576168,30,180,6.0,0.35,1.25,90.0,optimal,25,5.739352000091458,109edf423bbb
S4_strict_dl,37,3067635749,30,180,6.0,0.35,1.25,90.0,optimal,33,6.362866000017675,109edf423bbb
S4_strict_dl,38,2109150545,30,180,6.0,0.35,1.25,90.0,optimal,29,5.5390289999195375,109edf423bbb
S4_strict_dl,39,1829708217,30,180,6.0,0.35,1.25,90.0,optimal,48,8.286064000003535,109edf423bbb
S4_strict_dl,40,2887532308,30,180,6.0,0.35,1.25,90.0,optimal,34,6.6001749999031745,109edf423bbb
S4_strict_dl,41,2551472727,30,180,6.0,0.35,1.25,90.0,optimal,35,5.812220000052548,109edf423bbb
S4_strict_dl,42,3509957931,30,180,6.0,0.35,1.25,90.0,optimal,31,6.6567269998358825,109edf423bbb
S4_strict_dl,43,2811000580,30,180,6.0,0.35,1.25,90.0,optimal,25,5.741369000134,109edf423bbb
S4_strict_dl,44,1933179032,30,180,6.0,0.35,1.25,90.0,optimal,55,7.268175000035626,109edf423bbb
S4_strict_dl,45,2991003123,30,180,6.0,0.35,1.25,90.0,optimal,38,6.511140999919007,109edf423bbb
S4_strict_dl,46,2654943542,30,180,6.0,0.35,1.25,90.0,optimal,20,6.019817999913357,109edf423bbb
S4_strict_dl,47,2371470184,30,180,6.0,0.35,1.25,90.0,optimal,34,5.500414000152887,109edf423bbb
S4_strict_dl,48,2707529765,30,180,6.0,0.35,1.25,90.0,optimal,25,4.986868000059985,109edf423bbb
S4_strict_dl,49,3043589346,30,180,6.0,0.35,1.25,90.0,optimal,28,4.579648000117231,109edf423bbb
S4_strict_dl,50,3094473938,30,180,6.0,0.35,1.25,90.0,optimal,26,6.001873999821328,109edf423bbb
S4_strict_dl,51,3325823460,30,180,6.0,0.35,1.25,90.0,optimal,25,6.099393000113196,109edf423bbb
S4_strict_dl,52,2267999369,30,180,6.0,0.35,1.25,90.0,optimal,60,6.688478999876679,109edf423bbb
S4_strict_dl,53,2604058950,30,180,6.0,0.35,1.25,90.0,optimal,36,7.422691999863673,109edf423bbb
S4_strict_dl,54,3534004334,30,180,6.0,0.35,1.25,90.0,optimal,30,5.400564999945345,109edf423bbb
S4_strict_dl,55,3197944753,30,180,6.0,0.35,1.25,90.0,optimal,28,6.773091000013665,109edf423bbb
S4_strict_dl,56,3222352645,30,180,6.0,0.35,1.25,90.0,optimal,25,10.568091000095592,109edf423bbb
S4_strict_dl,57,2164528554,30,180,6.0,0.35,1.25,90.0,optimal,24,5.941534999919895,109edf423bbb
S4_strict_dl,58,2500588135,30,180,6.0,0.35,1.25,90.0,optimal,20,7.36933199982559,109edf423bbb
S4_strict_dl,59,3637475149,30,180,6.0,0.35,1.25,90.0,optimal,28,5.496684000036112,109edf423bbb
S4_strict_dl,60,2782822249,30,180,6.0,0.35,1.25,90.0,optimal,20,5.888284000093336,109edf423bbb
S4_strict_dl,61,3454579922,30,180,6.0,0.35,1.25,90.0,optimal,55,8.509949999961464,109edf423bbb
S4_strict_dl,62,2061057739,30,180,6.0,0.35,1.25,90.0,optimal,52,5.173421000108647,109edf423bbb
S4_strict_dl,63,2397117320,30,180,6.0,0.35,1.25,90.0,optimal,30,5.361088999961794,109edf423bbb
S4_strict_dl,64,2243952966,30,180,6.0,0.35,1.25,90.0,optimal,36,7.0799090001401055,109edf423bbb
S4_strict_dl,65,2500226646,30,180,6.0,0.35,1.25,90.0,optimal,36,7.315885999787497,109edf423bbb
S4_strict_dl,66,1621527343,30,180,6.0,0.35,1.25,90.0,optimal,44,7.844758000146612,109edf423bbb
S4_strict_dl,67,3221991156,30,180,6.0,0.35,1.25,90.0,optimal,46,6.345015000079002,109edf423bbb
S4_strict_dl,68,1804422570,30,180,6.0,0.35,1.25,90.0,optimal,30,5.383764000043811,109edf423bbb
S4_strict_dl,69,2140482151,30,180,6.0,0.35,1.25,90.0,optimal,39,4.787384999872302,109edf423bbb
S4_strict_dl,70,2603697461,30,180,6.0,0.35,1.25,90.0,optimal,28,4.343937000157894,109edf423bbb
S4_strict_dl,71,3661521552,30,180,6.0,0.35,1.25,90.0,optimal,26,5.4815460000554594,109edf423bbb
S4_strict_dl,72,2758775846,30,180,6.0,0.35,1.25,90.0,optimal,67,6.4513439999700495,109edf423bbb
S4_strict_dl,73,1700951755,30,180,6.0,0.35,1.25,90.0,optimal,55,7.418207000000621,109edf423bbb
S4_strict_dl,74,2037011336,30,180,6.0,0.35,1.25,90.0,optimal,38,4.4451830001435155,109edf423bbb
S4_strict_dl,75,2707168276,30,180,6.0,0.35,1.25,90.0,optimal,28,6.085899000026984,109edf423bbb
S4_strict_dl,76,1617508719,30,180,6.0,0.35,1.25,90.0,optimal,27,4.1270949998306605,109edf423bbb
S4_strict_dl,77,2655305031,30,180,6.0,0.35,1.25,90.0,optimal,39,4.400717999942572,109edf423bbb
S4_strict_dl,78,1597480940,30,180,6.0,0.35,1.25,90.0,optimal,38,7.430537999880471,109edf423bbb
S4_strict_dl,79,1933540521,30,180,6.0,0.35,1.25,90.0,optimal,41,6.032103000052302,109edf423bbb
S4_strict_dl,80,2057039115,30,180,6.0,0.35,1.25,90.0,optimal,44,4.714716999842494,109edf423bbb
S4_strict_dl,81,2215774635,30,180,6.0,0.35,1.25,90.0,optimal,36,5.707366000024194,109edf423bbb
S4_strict_dl,82,2551834216,30,180,6.0,0.35,1.25,90.0,optimal,36,4.325698000002376,109edf423bbb
S4_strict_dl,83,3641493773,30,180,6.0,0.35,1.25,90.0,optimal,34,5.544203999988895,109edf423bbb
S4_strict_dl,84,1830069706,30,180,6.0,0.35,1.25,90.0,optimal,22,4.992246000028899,109edf423bbb
S4_strict_dl,85,1776244239,30,180,6.0,0.35,1.25,90.0,optimal,36,4.327322000108325,109edf423bbb
S4_strict_dl,86,2112303820,30,180,6.0,0.35,1.25,90.0,optimal,37,4.718222999827049,109edf423bbb
S4_strict_dl,87,1977614703,30,180,6.0,0.35,1.25,90.0,optimal,11,3.5616390000541287,109edf423bbb
S4_strict_dl,88,3538022958,30,180,6.0,0.35,1.25,90.0,optimal,46,4.946703999848978,109edf423bbb
S4_strict_dl,89,2548319452,30,180,6.0,0.35,1.25,90.0,optimal,34,4.308109000021432,109edf423bbb
S4_strict_dl,90,1672773424,30,180,6.0,0.35,1.25,90.0,optimal,35,5.336242000112179,109edf423bbb
S4_strict_dl,91,3170745075,30,180,6.0,0.35,1.25,90.0,optimal,41,7.738270000118064,109edf423bbb
S4_strict_dl,92,3098492562,30,180,6.0,0.35,1.25,90.0,optimal,20,3.760353000188843,109edf423bbb
S4_strict_dl,93,2191728232,30,180,6.0,0.35,1.25,90.0,optimal,24,4.023047000146107,109edf423bbb
S4_strict_dl,94,2527787813,30,180,6.0,0.35,1.25,90.0,optimal,39,5.971653999949922,109edf423bbb
S4_strict_dl,95,1569302609,30,180,6.0,0.35,1.25,90.0,optimal,30,4.209046999903876,109edf423bbb
S4_strict_dl,96,3274215890,30,180,6.0,0.35,1.25,90.0,optimal,40,6.545230000028823,109edf423bbb
S4_strict_dl,97,1752197836,30,180,6.0,0.35,1.25,90.0,optimal,41,4.480474000047252,109edf423bbb
S4_strict_dl,98,2088257417,30,180,6.0,0.35,1.25,90.0,optimal,24,5.45852899995225,109edf423bbb
S4_strict_dl,99,3177916974,30,180,6.0,0.35,1.25,90.0,optimal,59,8.134651999853304,109edf423bbb
S5_relaxed_dl,0,2329841063,30,180,6.0,0.35,3.0,90.0,optimal,47,6.037448999904882,109edf423bbb
S5_relaxed_dl,1,1993781482,30,180,6.0,0.35,3.0,90.0,optimal,64,7.9893699999047385,109edf423bbb
S5_relaxed_dl,2,1657721901,30,180,6.0,0.35,3.0,90.0,optimal,49,7.828473000017766,109edf423bbb
S5_relaxed_dl,3,3368691825,30,180,6.0,0.35,3.0,90.0,optimal,54,8.369306000076904,109edf423bbb
S5_relaxed_dl,4,1557267758,30,180,6.0,0.35,3.0,90.0,optimal,65,6.3889350001318235,109edf423bbb
S5_relaxed_dl,5,2433311878,30,180,6.0,0.35,3.0,90.0,optimal,90,6.601087000035477,109edf423bbb
S5_relaxed_dl,6,2097252297,30,180,6.0,0.35,3.0,90.0,optimal,136,12.437625000075059,109edf423bbb
S5_relaxed_dl,7,3103355514,30,180,6.0,0.35,3.0,90.0,optimal,52,6.340175000104864,109edf423bbb
S5_relaxed_dl,8,1914357070,30,180,6.0,0.35,3.0,90.0,optimal,55,6.010249999917505,109edf423bbb
S5_relaxed_dl,9,3601280591,30,180,6.0,0.35,3.0,90.0,optimal,109,9.25403099995492,109edf423bbb
S5_relaxed_dl,10,2536782693,30,180,6.0,0.35,3.0,90.0,optimal,49,5.950664000010875,109edf423bbb
S5_relaxed_dl,11,2200723112,30,180,6.0,0.35,3.0,90.0,optimal,67,6.663200000048164,109edf423bbb
S5_relaxed_dl,12,2353887466,30,180,6.0,0.35,3.0,90.0,optimal,73,9.706614000151603,109edf423bbb
S5_relaxed_dl,13,2017827885,30,180,6.0,0.35,3.0,90.0,optimal,48,6.042320999995354,109edf423bbb
S5_relaxed_dl,14,3497809776,30,180,6.0,0.35,3.0,90.0,optimal,63,7.3967670000456565,109edf423bbb
S5_relaxed_dl,15,2640253508,30,180,6.0,0.35,3.0,90.0,optimal,80,8.797501000117336,109edf423bbb
S5_relaxed_dl,16,1533221355,30,180,6.0,0.35,3.0,90.0,optimal,80,9.34150100010811,109edf423bbb
S5_relaxed_dl,17,2457358281,30,180,6.0,0.35,3.0,90.0,optimal,91,9.591555000042717,109edf423bbb
S5_relaxed_dl,18,3058279380,30,180,6.0,0.35,3.0,90.0,optimal,48,6.828267000173582,109edf423bbb
S5_relaxed_dl,19,3179122791,30,180,6.0,0.35,3.0,90.0,optimal,81,8.620761999964088,109edf423bbb
S5_relaxed_dl,20,3241174607,30,180,6.0,0.35,3.0,90.0,optimal,106,6.16730000001553,109edf423bbb
S5_relaxed_dl,21,3577234188,30,180,6.0,0.35,3.0,90.0,optimal,47,6.581574999927398,109edf423bbb
S5_relaxed_dl,22,2560829096,30,180,6.0,0.35,3.0,90.0,optimal,61,7.08914899996671,109edf423bbb
S5_relaxed_dl,23,2954808565,30,180,6.0,0.35,3.0,90.0,optimal,72,7.273940000004586,109edf423bbb
S5_relaxed_dl,24,2801644211,30,180,6.0,0.35,3.0,90.0,optimal,55,6.27827499988598,109edf423bbb
S5_relaxed_dl,25,3137703792,30,180,6.0,0.35,3.0,90.0,optimal,116,10.469363000083831,109edf423bbb
S5_relaxed_dl,26,3000359492,30,180,6.0,0.35,3.0,90.0,optimal,61,7.711169999993217,109edf423bbb
S5_relaxed_dl,27,2664299911,30,180,6.0,0.35,3.0,90.0,optimal,78,8.892288000197368,109edf423bbb
S5_relaxed_dl,28,1522919480,30,180,6.0,0.35,3.0,90.0,optimal,45,6.904535000103351,109edf423bbb
S5_relaxed_dl,29,2698173396,30,180,6.0,0.35,3.0,90.0,optimal,67,7.692207999980383,109edf423bbb
S5_relaxed_dl,30,3034232977,30,180,6.0,0.35,3.0,90.0,optimal,42,6.0651890000826825,109edf423bbb
S5_relaxed_dl,31,3103830307,30,180,6.0,0.35,3.0,90.0,optimal,114,9.348499999987325,109edf423bbb
S5_relaxed_dl,32,2767770726,30,180,6.0,0.35,3.0,90.0,optimal,97,9.148879000122179,109edf423bbb
S5_relaxed_dl,33,1626390295,30,180,6.0,0.35,3.0,90.0,optimal,35,6.116310999914276,109edf423bbb
S5_relaxed_dl,34,2584875499,30,180,6.0,0.35,3.0,90.0,optimal,74,6.723012999827915,109edf423bbb
S5_relaxed_dl,35,2930762162,30,180,6.0,0.35,3.0,90.0,optimal,80,8.80310799993822,109edf423bbb
S5_relaxed_dl,36,3207301122,30,180,6.0,0.35,3.0,90.0,optimal,86,7.030078000070716,109edf423bbb
S5_relaxed_dl,37,3113657389,30,180,6.0,0.35,3.0,90.0,optimal,74,6.992540000055669,109edf423bbb
S5_relaxed_dl,38,2155172185,30,180,6.0,0.35,3.0,90.0,optimal,83,9.42278799993801,109edf423bbb
S5_relaxed_dl,39,2491231766,30,180,6.0,0.35,3.0,90.0,optimal,75,6.179485000075147,109edf423bbb
S5_relaxed_dl,40,2827291347,30,180,6.0,0.35,3.0,90.0,optimal,53,6.706461000021591,109edf423bbb
S5_relaxed_dl,41,2674126993,30,180,6.0,0.35,3.0,90.0,optimal,56,7.269023999924684,109edf423bbb
S5_relaxed_dl,42,3010186574,30,180,6.0,0.35,3.0,90.0,optimal,93,8.50889699995605,109edf423bbb
S5_relaxed_dl,43,3127876710,30,180,6.0,0.35,3.0,90.0,optimal,68,7.031712000070911,109edf423bbb
S5_relaxed_dl,44,2387760951,30,180,6.0,0.35,3.0,90.0,optimal,140,11.164473999997426,109edf423bbb
S5_relaxed_dl,45,2234596597,30,180,6.0,0.35,3.0,90.0,optimal,75,6.688621999956013,109edf423bbb
S5_relaxed_dl,46,2570656178,30,180,6.0,0.35,3.0,90.0,optimal,82,5.935023000120054,109edf423bbb
S5_relaxed_dl,47,2906715759,30,180,6.0,0.35,3.0,90.0,optimal,78,7.088130000056481,109edf423bbb
S5_relaxed_dl,48,3231347525,30,180,6.0,0.35,3.0,90.0,optimal,71,8.003529000006893,109edf423bbb
S5_relaxed_dl,49,2089967094,30,180,6.0,0.35,3.0,90.0,optimal,69,9.245320999980322,109edf423bbb
S5_relaxed_dl,50,2131125782,30,180,6.0,0.35,3.0,90.0,optimal,85,10.60288100006801,109edf423bbb
S5_relaxed_dl,51,2467185363,30,180,6.0,0.35,3.0,90.0,optimal,65,8.971092000138015,109edf423bbb
S5_relaxed_dl,52,2803244944,30,180,6.0,0.35,3.0,90.0,optimal,32,8.330716999807919,109edf423bbb
S5_relaxed_dl,53,2529497490,30,180,6.0,0.35,3.0,90.0,optimal,50,6.749964999926306,109edf423bbb
S5_relaxed_dl,54,2193437909,30,180,6.0,0.35,3.0,90.0,optimal,42,7.785505000128978,109edf423bbb
S5_relaxed_dl,55,2027654967,30,180,6.0,0.35,3.0,90.0,optimal,60,7.20299999989038,109edf423bbb
S5_relaxed_dl,56,2363714548,30,180,6.0,0.35,3.0,90.0,optimal,113,10.485187000085716,109edf423bbb
S5_relaxed_dl,57,1626865088,30,180,6.0,0.35,3.0,90.0,optimal,71,8.099301999891395,109edf423bbb
S5_relaxed_dl,58,2632968305,30,180,6.0,0.35,3.0,90.0,optimal,58,8.288216999972065,109edf423bbb
S5_relaxed_dl,59,2296908724,30,180,6.0,0.35,3.0,90.0,optimal,83,6.326748999981646,109edf423bbb
S5_relaxed_dl,60,3255393928,30,180,6.0,0.35,3.0,90.0,optimal,59,6.277005000129066,109edf423bbb
S5_relaxed_dl,61,2260243733,30,180,6.0,0.35,3.0,90.0,optimal,84,7.885625999961121,109edf423bbb
S5_relaxed_dl,62,3072498701,30,180,6.0,0.35,3.0,90.0,optimal,51,10.25395299984666,109edf423bbb
S5_relaxed_dl,63,2443138960,30,180,6.0,0.35,3.0,90.0,optimal,65,9.90099800014832,109edf423bbb
S5_relaxed_dl,64,3632137404,30,180,6.0,0.35,3.0,90.0,optimal,67,8.686183000008896,109edf423bbb
S5_relaxed_dl,65,1820713337,30,180,6.0,0.35,3.0,90.0,optimal,49,8.206368000173825,109edf423bbb
S5_relaxed_dl,66,2217484312,30,180,6.0,0.35,3.0,90.0,optimal,60,7.135515000072701,109edf423bbb
S5_relaxed_dl,67,2003608564,30,180,6.0,0.35,3.0,90.0,optimal,45,10.892051000155334,109edf423bbb
S5_relaxed_dl,68,2339668145,30,180,6.0,0.35,3.0,90.0,optimal,45,5.791710000039529,109edf423bbb
S5_relaxed_dl,69,1650911491,30,180,6.0,0.35,3.0,90.0,optimal,88,10.01349900002424,109edf423bbb
S5_relaxed_dl,70,2657014708,30,180,6.0,0.35,3.0,90.0,optimal,101,8.958487000199966,109edf423bbb
S5_relaxed_dl,71,1564078168,30,180,6.0,0.35,3.0,90.0,optimal,63,9.280307000153698,109edf423bbb
S5_relaxed_dl,72,1900137749,30,180,6.0,0.35,3.0,90.0,optimal,64,7.0478019999882235,109edf423bbb
S5_relaxed_dl,73,2236197330,30,180,6.0,0.35,3.0,90.0,optimal,113,7.324341999947137,109edf423bbb
S5_relaxed_dl,74,3096545104,30,180,6.0,0.35,3.0,90.0,optimal,58,6.693899000083547,109edf423bbb
S5_relaxed_dl,75,2760485523,30,180,6.0,0.35,3.0,90.0,optimal,62,9.544005999941874,109edf423bbb
S5_relaxed_dl,76,3608091001,30,180,6.0,0.35,3.0,90.0,optimal,49,8.326401999966038,109edf423bbb
S5_relaxed_dl,77,1796666934,30,180,6.0,0.35,3.0,90.0,optimal,93,11.28038199999537,109edf423bbb
S5_relaxed_dl,78,2938047365,30,180,6.0,0.35,3.0,90.0,optimal,101,12.235485000019253,109edf423bbb
S5_relaxed_dl,79,3200015919,30,180,6.0,0.35,3.0,90.0,optimal,86,7.887677000098847,109edf423bbb
S5_relaxed_dl,80,2863956338,30,180,6.0,0.35,3.0,90.0,optimal,45,9.24307300010696,109edf423bbb
S5_relaxed_dl,81,3504620186,30,180,6.0,0.35,3.0,90.0,optimal,80,9.374992999937604,109edf423bbb
S5_relaxed_dl,82,1693196119,30,180,6.0,0.35,3.0,90.0,optimal,46,6.323034999923038,109edf423bbb
S5_relaxed_dl,83,3639546315,30,180,6.0,0.35,3.0,90.0,optimal,80,9.856563000084861,109edf423bbb
S5_relaxed_dl,84,3303486734,30,180,6.0,0.35,3.0,90.0,optimal,87,8.758299999954033,109edf423bbb
S5_relaxed_dl,85,2967427153,30,180,6.0,0.35,3.0,90.0,optimal,49,7.152245000042967,109edf423bbb
S5_relaxed_dl,86,3401149371,30,180,6.0,0.35,3.0,90.0,optimal,67,7.527869000114151,109edf423bbb
S5_relaxed_dl,87,2784531926,30,180,6.0,0.35,3.0,90.0,optimal,58,6.957349000003887,109edf423bbb
S5_relaxed_dl,88,1595533482,30,180,6.0,0.35,3.0,90.0,optimal,34,4.9886190001871,109edf423bbb
S5_relaxed_dl,89,1772620531,30,180,6.0,0.35,3.0,90.0,optimal,61,7.404793999967296,109edf423bbb
S5_relaxed_dl,90,2961618975,30,180,6.0,0.35,3.0,90.0,optimal,88,8.418622999897707,109edf423bbb
S5_relaxed_dl,91,3224062322,30,180,6.0,0.35,3.0,90.0,optimal,62,8.795391999910862,109edf423bbb
S5_relaxed_dl,92,2888002741,30,180,6.0,0.35,3.0,90.0,optimal,97,10.690867999983311,109edf423bbb
S5_relaxed_dl,93,3480573783,30,180,6.0,0.35,3.0,90.0,optimal,106,10.10332400005609,109edf423bbb
S5_relaxed_dl,94,1669149716,30,180,6.0,0.35,3.0,90.0,optimal,55,9.30579700002454,109edf423bbb
S5_relaxed_dl,95,1516109070,30,180,6.0,0.35,3.0,90.0,optimal,50,6.911431999924389,109edf423bbb
S5_relaxed_dl,96,3327533137,30,180,6.0,0.35,3.0,90.0,optimal,87,8.664641999985179,109edf423bbb
S5_relaxed_dl,97,2991473556,30,180,6.0,0.35,3.0,90.0,optimal,135,18.06305800005248,109edf423bbb
S5_relaxed_dl,98,3377102968,30,180,6.0,0.35,3.0,90.0,optimal,82,7.994533000101001,109edf423bbb
S5_relaxed_dl,99,2370999751,30,180,6.0,0.35,3.0,90.0,optimal,51,7.709079000051133,109edf423bbb
S6_low_util,0,1626265837,30,180,6.0,0.35,1.8,90.0,optimal,37,5.029195000133768,109edf423bbb
S6_low_util,1,2411931812,30,180,6.0,0.35,1.8,90.0,optimal,41,6.996153000045524,109edf423bbb
S6_low_util,2,1809161064,30,180,6.0,0.35,1.8,90.0,optimal,59,5.74236500006009,109edf423bbb
S6_low_util,3,3034357435,30,180,6.0,0.35,1.8,90.0,optimal,50,7.2759119998409005,109edf423bbb
S6_low_util,4,1845358991,30,180,6.0,0.35,1.8,90.0,optimal,37,4.504165999833276,109edf423bbb
S6_low_util,5,2851462208,30,180,6.0,0.35,1.8,90.0,optimal,27,4.705452000052901,109edf423bbb
S6_low_util,6,2515402627,30,180,6.0,0.35,1.8,90.0,optimal,55,6.317707999869526,109edf423bbb
S6_low_util,7,1705690249,30,180,6.0,0.35,1.8,90.0,optimal,51,7.197184999995443,109edf423bbb
S6_low_util,8,2041749830,30,180,6.0,0.35,1.8,90.0,optimal,31,6.39544599994224,109edf423bbb
S6_low_util,9,3290992604,30,180,6.0,0.35,1.8,90.0,optimal,57,6.0775859999466775,109edf423bbb
S6_low_util,10,2954933023,30,180,6.0,0.35,1.8,90.0,optimal,55,8.132092999858287,109edf423bbb
S6_low_util,11,3413643501,30,180,6.0,0.35,1.8,90.0,optimal,54,5.9672960001080355,109edf423bbb
S6_low_util,12,1602219434,30,180,6.0,0.35,1.8,90.0,optimal,42,7.727036000005683,109edf423bbb
S6_low_util,13,2435978215,30,180,6.0,0.35,1.8,90.0,optimal,52,7.426282000096762,109edf423bbb
S6_low_util,14,1785114661,30,180,6.0,0.35,1.8,90.0,optimal,33,7.405364999840458,109edf423bbb
S6_low_util,15,3058403838,30,180,6.0,0.35,1.8,90.0,optimal,46,5.899375999888434,109edf423bbb
S6_low_util,16,3310172686,30,180,6.0,0.35,1.8,90.0,optimal,32,7.621399999834466,109edf423bbb
S6_low_util,17,2875508611,30,180,6.0,0.35,1.8,90.0,optimal,28,5.389609000076234,109edf423bbb
S6_low_util,18,2640129050,30,180,6.0,0.35,1.8,90.0,optimal,51,6.768874000044889,109edf423bbb
S6_low_util,19,1681643846,30,180,6.0,0.35,1.8,90.0,optimal,32,6.417030000193336,109edf423bbb
S6_low_util,20,3161874653,30,180,6.0,0.35,1.8,90.0,optimal,36,5.125968999891484,109edf423bbb
S6_low_util,21,3315039007,30,180,6.0,0.35,1.8,90.0,optimal,53,6.841031000021758,109edf423bbb
S6_low_util,22,2978979426,30,180,6.0,0.35,1.8,90.0,optimal,47,6.647208000003957,109edf423bbb
S6_low_util,23,3389597098,30,180,6.0,0.35,1.8,90.0,optimal,52,7.2624950000772515,109edf423bbb
S6_low_util,24,1578173031,30,180,6.0,0.35,1.8,90.0,optimal,27,5.7309829999212525,109edf423bbb
S6_low_util,25,3265345468,30,180,6.0,0.35,1.8,90.0,optimal,53,5.836920000092505,109edf423bbb
S6_low_util,26,3418509822,30,180,6.0,0.35,1.8,90.0,optimal,68,8.05177300003379,109edf423bbb
S6_low_util,27,3082450241,30,180,6.0,0.35,1.8,90.0,optimal,53,7.570897000050536,109edf423bbb
S6_low_util,28,3286126283,30,180,6.0,0.35,1.8,90.0,optimal,43,7.16718600006061,109edf423bbb
S6_low_util,29,1557392216,30,180,6.0,0.35,1.8,90.0,optimal,46,8.144678999997268,109edf423bbb
S6_low_util,30,1710556570,30,180,6.0,0.35,1.8,90.0,optimal,83,8.371017999934338,109edf423bbb
S6_low_util,31,3521980637,30,180,6.0,0.35,1.8,90.0,optimal,54,7.909408999921652,109edf423bbb
S6_low_util,32,3185921056,30,180,6.0,0.35,1.8,90.0,optimal,43,6.07713799990961,109edf423bbb
S6_low_util,33,3182655468,30,180,6.0,0.35,1.8,90.0,optimal,56,7.921877999933713,109edf423bbb
S6_low_util,34,2176552251,30,180,6.0,0.35,1.8,90.0,optimal,33,6.799812000053862,109edf423bbb
S6_low_util,35,1814027385,30,180,6.0,0.35,1.8,90.0,optimal,55,8.18579400015551,109edf423bbb
S6_low_util,36,3625451452,30,180,6.0,0.35,1.8,90.0,optimal,42,5.672293999850808,109edf423bbb
S6_low_util,37,2743125072,30,180,6.0,0.35,1.8,90.0,optimal,33,5.510454999921421,109edf423bbb
S6_low_util,38,1737021855,30,180,6.0,0.35,1.8,90.0,optimal,43,8.796169999868653,109edf423bbb
S6_low_util,39,2073081436,30,180,6.0,0.35,1.8,90.0,optimal,56,8.49733599989122,109edf423bbb
S6_low_util,40,3262079880,30,180,6.0,0.35,1.8,90.0,optimal,55,6.0538079999332695,109edf423bbb
S6_low_util,41,1581438619,30,180,6.0,0.35,1.8,90.0,optimal,69,8.866678999993383,109edf423bbb
S6_low_util,42,1734602973,30,180,6.0,0.35,1.8,90.0,optimal,44,5.197245999852385,109edf423bbb
S6_low_util,43,3546027040,30,180,6.0,0.35,1.8,90.0,optimal,28,5.141139999977895,109edf423bbb
S6_low_util,44,1969610621,30,180,6.0,0.35,1.8,90.0,optimal,57,7.679964999852018,109edf423bbb
S6_low_util,45,3158609065,30,180,6.0,0.35,1.8,90.0,optimal,38,6.4628889999767125,109edf423bbb
S6_low_util,46,1684909434,30,180,6.0,0.35,1.8,90.0,optimal,45,6.8188459999873885,109edf423bbb
S6_low_util,47,1838073788,30,180,6.0,0.35,1.8,90.0,optimal,42,7.237753000026714,109edf423bbb
S6_low_util,48,3649497855,30,180,6.0,0.35,1.8,90.0,optimal,46,6.330757999876369,109edf423bbb
S6_low_util,49,2719078669,30,180,6.0,0.35,1.8,90.0,optimal,46,7.052691000126288,109edf423bbb
S6_low_util,50,2124439830,30,180,6.0,0.35,1.8,90.0,optimal,42,5.843969000125071,109edf423bbb
S6_low_util,51,3031204160,30,180,6.0,0.35,1.8,90.0,optimal,32,7.040372999881583,109edf423bbb
S6_low_util,52,1941544603,30,180,6.0,0.35,1.8,90.0,optimal,52,8.163188000025912,109edf423bbb
S6_low_util,53,1605485022,30,180,6.0,0.35,1.8,90.0,optimal,73,6.937887000049159,109edf423bbb
S6_low_util,54,2615607854,30,180,6.0,0.35,1.8,90.0,optimal,45,6.195445999992444,109edf423bbb
S6_low_util,55,1609504637,30,180,6.0,0.35,1.8,90.0,optimal,25,4.297824000104811,109edf423bbb
S6_low_util,56,2381074999,30,180,6.0,0.35,1.8,90.0,optimal,44,8.360691000007137,109edf423bbb
S6_low_util,57,2045015418,30,180,6.0,0.35,1.8,90.0,optimal,26,5.986290999999255,109edf423bbb
S6_low_util,58,1708955837,30,180,6.0,0.35,1.8,90.0,optimal,27,5.515135999985432,109edf423bbb
S6_low_util,59,3317457889,30,180,6.0,0.35,1.8,90.0,optimal,53,6.393079999952533,109edf423bbb
S6_low_util,60,3653517470,30,180,6.0,0.35,1.8,90.0,optimal,23,5.495096999993621,109edf423bbb
S6_low_util,61,2484545814,30,180,6.0,0.35,1.8,90.0,optimal,42,7.519702999843503,109edf423bbb
S6_low_util,62,2148486233,30,180,6.0,0.35,1.8,90.0,optimal,51,6.740046999993865,109edf423bbb
S6_low_util,63,2124327517,30,180,6.0,0.35,1.8,90.0,optimal,33,4.904993000081959,109edf423bbb
S6_low_util,64,3213987074,30,180,6.0,0.35,1.8,90.0,optimal,65,9.284623999974428,109edf423bbb
S6_low_util,65,3550046655,30,180,6.0,0.35,1.8,90.0,optimal,39,6.180331999985356,109edf423bbb
S6_low_util,66,2588016629,30,180,6.0,0.35,1.8,90.0,optimal,33,6.309091000048284,109edf423bbb
S6_low_util,67,3494780959,30,180,6.0,0.35,1.8,90.0,optimal,63,7.547789999989618,109edf423bbb
S6_low_util,68,2774456678,30,180,6.0,0.35,1.8,90.0,optimal,51,7.428541000081168,109edf423bbb
S6_low_util,69,2069061821,30,180,6.0,0.35,1.8,90.0,optimal,37,6.159857000056945,109edf423bbb
S6_low_util,70,3446575840,30,180,6.0,0.35,1.8,90.0,optimal,49,8.517228000073374,109edf423bbb
S6_low_util,71,2488090636,30,180,6.0,0.35,1.8,90.0,optimal,61,7.082306999791399,109edf423bbb
S6_low_util,72,3598251774,30,180,6.0,0.35,1.8,90.0,optimal,31,6.7158279998693615,109edf423bbb
S6_low_util,73,2508592217,30,180,6.0,0.35,1.8,90.0,optimal,64,6.388926999989053,109edf423bbb
S6_low_util,74,2172532636,30,180,6.0,0.35,1.8,90.0,optimal,49,8.35394399996403,109edf423bbb
S6_low_util,75,2048560240,30,180,6.0,0.35,1.8,90.0,optimal,46,5.955196000059004,109edf423bbb
S6_low_util,76,1890298522,30,180,6.0,0.35,1.8,90.0,optimal,67,7.708637000177987,109edf423bbb
S6_low_util,77,1554238941,30,180,6.0,0.35,1.8,90.0,optimal,39,6.566088999989006,109edf423bbb
S6_low_util,78,2612063032,30,180,6.0,0.35,1.8,90.0,optimal,60,8.27914100000271,109edf423bbb
S6_low_util,79,2276003451,30,180,6.0,0.35,1.8,90.0,optimal,49,6.5471340001295175,109edf423bbb
S6_low_util,80,2750410275,30,180,6.0,0.35,1.8,90.0,optimal,44,6.322817999944164,109edf423bbb
S6_low_util,81,1993769337,30,180,6.0,0.35,1.8,90.0,optimal,33,4.727491000039663,109edf423bbb
S6_low_util,82,3051593428,30,180,6.0,0.35,1.8,90.0,optimal,34,8.475804999989123,109edf423bbb
S6_low_util,83,2715533847,30,180,6.0,0.35,1.8,90.0,optimal,28,7.53169299991896,109edf423bbb
S6_low_util,84,1557279903,30,180,6.0,0.35,1.8,90.0,optimal,77,8.807691999891176,109edf423bbb
S6_low_util,85,2646939460,30,180,6.0,0.35,1.8,90.0,optimal,25,4.537274000085745,109edf423bbb
S6_low_util,86,2982999041,30,180,6.0,0.35,1.8,90.0,optimal,39,8.929811999905723,109edf423bbb
S6_low_util,87,3155064243,30,180,6.0,0.35,1.8,90.0,optimal,44,6.338760000062393,109edf423bbb
S6_low_util,88,3265233155,30,180,6.0,0.35,1.8,90.0,optimal,27,7.215383000129805,109edf423bbb
S6_low_util,89,3601292736,30,180,6.0,0.35,1.8,90.0,optimal,40,7.024077999858491,109edf423bbb
S6_low_util,90,2543468645,30,180,6.0,0.35,1.8,90.0,optimal,42,7.996499999990192,109edf423bbb
S6_low_util,91,2879528226,30,180,6.0,0.35,1.8,90.0,optimal,34,6.497679999938555,109edf423bbb
S6_low_util,92,2825702759,30,180,6.0,0.35,1.8,90.0,optimal,33,7.371665000164285,109edf423bbb
S6_low_util,93,2017815740,30,180,6.0,0.35,1.8,90.0,optimal,26,5.31127500016737,109edf423bbb
S6_low_util,94,2103938249,30,180,6.0,0.35,1.8,90.0,optimal,84,8.114292999835016,109edf423bbb
S6_low_util,95,2739580250,30,180,6.0,0.35,1.8,90.0,optimal,36,7.682236999926317,109edf423bbb
S6_low_util,96,2776057411,30,180,6.0,0.35,1.8,90.0,optimal,48,6.195952000098259,109edf423bbb
S6_low_util,97,2722231944,30,180,6.0,0.35,1.8,90.0,optimal,32,7.767454000031648,109edf423bbb
S6_low_util,98,2121286555,30,180,6.0,0.35,1.8,90.0,optimal,43,6.540667000081157,109edf423bbb
S6_low_util,99,3179110646,30,180,6.0,0.35,1.8,90.0,optimal,32,7.017617000201426,109edf423bbb
S7_high_util,0,2514089356,30,180,6.0,0.35,1.8,90.0,optimal,27,7.097146999967663,109edf423bbb
S7_high_util,1,1707003520,30,180,6.0,0.35,1.8,90.0,optimal,38,6.589986000108183,109edf423bbb
S7_high_util,2,3136514979,30,180,6.0,0.35,1.8,90.0,optimal,26,5.089140999871233,109edf423bbb
S7_high_util,3,3289679333,30,180,6.0,0.35,1.8,90.0,optimal,14,5.759936999993442,109edf423bbb
S7_high_util,4,2953619752,30,180,6.0,0.35,1.8,90.0,optimal,21,6.30419999993137,109edf423bbb
S7_high_util,5,3414956772,30,180,6.0,0.35,1.8,90.0,optimal,34,8.713153999906353,109edf423bbb
S7_high_util,6,1603532705,30,180,6.0,0.35,1.8,90.0,optimal,42,4.523922999851493,109edf423bbb
S7_high_util,7,2434664944,30,180,6.0,0.35,1.8,90.0,optimal,42,6.776796999929502,109edf423bbb
S7_high_util,8,3393150148,30,180,6.0,0.35,1.8,90.0,optimal,24,4.846516000043266,109edf423bbb
S7_high_util,9,3057090567,30,180,6.0,0.35,1.8,90.0,optimal,36,6.073105000041323,109edf423bbb
S7_high_util,10,3311485957,30,180,6.0,0.35,1.8,90.0,optimal,15,5.972323999912987,109edf423bbb
S7_high_util,11,2305382740,30,180,6.0,0.35,1.8,90.0,optimal,32,5.940822999946249,109edf423bbb
S7_high_util,12,2641442321,30,180,6.0,0.35,1.8,90.0,optimal,15,4.1427260000546084,109edf423bbb
S7_high_util,13,1682957117,30,180,6.0,0.35,1.8,90.0,optimal,34,5.459870000095179,109edf423bbb
S7_high_util,14,3160561382,30,180,6.0,0.35,1.8,90.0,optimal,36,5.7613750000200525,109edf423bbb
S7_high_util,15,1865852344,30,180,6.0,0.35,1.8,90.0,optimal,30,7.02731399996992,109edf423bbb
S7_high_util,16,2977666155,30,180,6.0,0.35,1.8,90.0,optimal,31,6.3134399999853485,109edf423bbb
S7_high_util,17,3390910369,30,180,6.0,0.35,1.8,90.0,optimal,28,6.2237370000275405,109edf423bbb
S7_high_util,18,1579486302,30,180,6.0,0.35,1.8,90.0,optimal,20,5.841501000077187,109edf423bbb
S7_high_util,19,2720866733,30,180,6.0,0.35,1.8,90.0,optimal,34,7.4545239999679325,109edf423bbb
S7_high_util,20,3417196551,30,180,6.0,0.35,1.8,90.0,optimal,29,6.259101999830818,109edf423bbb
S7_high_util,21,3081136970,30,180,6.0,0.35,1.8,90.0,optimal,35,6.625837999990836,109edf423bbb
S7_high_util,22,3287439554,30,180,6.0,0.35,1.8,90.0,optimal,29,5.276194999851214,109edf423bbb
S7_high_util,23,1556078945,30,180,6.0,0.35,1.8,90.0,optimal,40,6.4134250001188775,109edf423bbb
S7_high_util,24,1709243299,30,180,6.0,0.35,1.8,90.0,optimal,28,5.598435999900175,109edf423bbb
S7_high_util,25,3520667366,30,180,6.0,0.35,1.8,90.0,optimal,41,7.34124099994915,109edf423bbb
S7_high_util,26,3184607785,30,180,6.0,0.35,1.8,90.0,optimal,23,5.916142999922158,109edf423bbb
S7_high_util,27,3183968739,30,180,6.0,0.35,1.8,90.0,optimal,32,4.646743999956016,109edf423bbb
S7_high_util,28,2177865522,30,180,6.0,0.35,1.8,90.0,optimal,35,5.923670999891328,109edf423bbb
S7_high_util,29,1812714114,30,180,6.0,0.35,1.8,90.0,optimal,20,5.3562029997920035,109edf423bbb
S7_high_util,30,3624138181,30,180,6.0,0.35,1.8,90.0,optimal,19,3.947699000036664,109edf423bbb
S7_high_util,31,2744438343,30,180,6.0,0.35,1.8,90.0,optimal,66,6.423368000014307,109edf423bbb
S7_high_util,32,1738335126,30,180,6.0,0.35,1.8,90.0,optimal,35,6.218510000053357,109edf423bbb
S7_high_util,33,2074394707,30,180,6.0,0.35,1.8,90.0,optimal,45,6.730740999955742,109edf423bbb
S7_high_util,34,1916184929,30,180,6.0,0.35,1.8,90.0,optimal,19,3.83295099982206,109edf423bbb
S7_high_util,35,1580125348,30,180,6.0,0.35,1.8,90.0,optimal,43,8.211923000089882,109edf423bbb
S7_high_util,36,1733289702,30,180,6.0,0.35,1.8,90.0,optimal,37,8.149804999902699,109edf423bbb
S7_high_util,37,1634864311,30,180,6.0,0.35,1.8,90.0,optimal,17,5.544537000105265,109edf423bbb
S7_high_util,38,1970923892,30,180,6.0,0.35,1.8,90.0,optimal,38,6.570166000074096,109edf423bbb
S7_high_util,39,3159922336,30,180,6.0,0.35,1.8,90.0,optimal,38,6.7305909999504365,109edf423bbb
S7_high_util,40,2926420074,30,180,6.0,0.35,1.8,90.0,optimal,62,6.453759000123682,109edf423bbb
S7_high_util,41,3342817563,30,180,6.0,0.35,1.8,90.0,optimal,49,7.911931000080585,109edf423bbb
S7_high_util,42,3648184584,30,180,6.0,0.35,1.8,90.0,optimal,36,5.757497999866246,109edf423bbb
S7_high_util,43,2459186140,30,180,6.0,0.35,1.8,90.0,optimal,44,7.011895000005097,109edf423bbb
S7_high_util,44,1714288723,30,180,6.0,0.35,1.8,90.0,optimal,60,6.389609000052587,109edf423bbb
S7_high_util,45,3029890889,30,180,6.0,0.35,1.8,90.0,optimal,19,5.7287820000055945,109edf423bbb
S7_high_util,46,1940231332,30,180,6.0,0.35,1.8,90.0,optimal,28,5.337487999895529,109edf423bbb
S7_high_util,47,1604171751,30,180,6.0,0.35,1.8,90.0,optimal,28,7.264774000077523,109edf423bbb
S7_high_util,48,2616921125,30,180,6.0,0.35,1.8,90.0,optimal,28,5.888572999992903,109edf423bbb
S7_high_util,49,1610817908,30,180,6.0,0.35,1.8,90.0,optimal,55,7.277238999904512,109edf423bbb
S7_high_util,50,2379761728,30,180,6.0,0.35,1.8,90.0,optimal,23,5.166283000107796,109edf423bbb
S7_high_util,51,2043702147,30,180,6.0,0.35,1.8,90.0,optimal,43,6.0020180001174595,109edf423bbb
S7_high_util,52,1707642566,30,180,6.0,0.35,1.8,90.0,optimal,22,7.440468999902805,109edf423bbb
S7_high_util,53,3318771160,30,180,6.0,0.35,1.8,90.0,optimal,27,4.507846000024074,109edf423bbb
S7_high_util,54,3654830741,30,180,6.0,0.35,1.8,90.0,optimal,35,7.398569999850224,109edf423bbb
S7_high_util,55,2483232543,30,180,6.0,0.35,1.8,90.0,optimal,38,6.154023000135567,109edf423bbb
S7_high_util,56,2147172962,30,180,6.0,0.35,1.8,90.0,optimal,34,5.485167999950136,109edf423bbb
S7_high_util,57,2125640788,30,180,6.0,0.35,1.8,90.0,optimal,42,6.882483000026696,109edf423bbb
S7_high_util,58,3215300345,30,180,6.0,0.35,1.8,90.0,optimal,65,6.999647999919034,109edf423bbb
S7_high_util,59,3551359926,30,180,6.0,0.35,1.8,90.0,optimal,17,5.445691999966584,109edf423bbb
S7_high_util,60,2586703358,30,180,6.0,0.35,1.8,90.0,optimal,24,8.146419000013339,109edf423bbb
S7_high_util,61,1686110392,30,180,6.0,0.35,1.8,90.0,optimal,30,5.51854600007573,109edf423bbb
S7_high_util,62,2403808131,30,180,6.0,0.35,1.8,90.0,optimal,28,7.622914999956265,109edf423bbb
S7_high_util,63,3111829530,30,180,6.0,0.35,1.8,90.0,optimal,49,8.358334000149625,109edf423bbb
S7_high_util,64,3447889111,30,180,6.0,0.35,1.8,90.0,optimal,20,5.620743999998012,109edf423bbb
S7_high_util,65,3394063644,30,180,6.0,0.35,1.8,90.0,optimal,24,4.0350600002057035,109edf423bbb
S7_high_util,66,3596938503,30,180,6.0,0.35,1.8,90.0,optimal,33,7.946373999857315,109edf423bbb
S7_high_util,67,2672299134,30,180,6.0,0.35,1.8,90.0,optimal,33,5.458801000031599,109edf423bbb
S7_high_util,68,2171219365,30,180,6.0,0.35,1.8,90.0,optimal,45,7.228723000025639,109edf423bbb
S7_high_util,69,3129704569,30,180,6.0,0.35,1.8,90.0,optimal,43,6.5176440000414,109edf423bbb
S7_high_util,70,3191253942,30,180,6.0,0.35,1.8,90.0,optimal,31,5.9687010000288865,109edf423bbb
S7_high_util,71,1552925670,30,180,6.0,0.35,1.8,90.0,optimal,43,8.144096000023637,109edf423bbb
S7_high_util,72,2610749761,30,180,6.0,0.35,1.8,90.0,optimal,19,3.957298000159426,109edf423bbb
S7_high_util,73,2274690180,30,180,6.0,0.35,1.8,90.0,optimal,22,6.612919000190232,109edf423bbb
S7_high_util,74,2751723546,30,180,6.0,0.35,1.8,90.0,optimal,27,6.38455100011015,109edf423bbb
S7_high_util,75,3087783127,30,180,6.0,0.35,1.8,90.0,optimal,19,5.037257999902067,109edf423bbb
S7_high_util,76,3050280157,30,180,6.0,0.35,1.8,90.0,optimal,73,9.760072999824843,109edf423bbb
S7_high_util,77,2714220576,30,180,6.0,0.35,1.8,90.0,optimal,29,5.717696000147043,109edf423bbb
S7_high_util,78,1558593174,30,180,6.0,0.35,1.8,90.0,optimal,39,5.809343000009903,109edf423bbb
S7_high_util,79,2648252731,30,180,6.0,0.35,1.8,90.0,optimal,29,6.9909669998651225,109edf423bbb
S7_high_util,80,2984312312,30,180,6.0,0.35,1.8,90.0,optimal,40,7.44398300003013,109edf423bbb
S7_high_util,81,3153750972,30,180,6.0,0.35,1.8,90.0,optimal,17,6.123889000036797,109edf423bbb
S7_high_util,82,3266546426,30,180,6.0,0.35,1.8,90.0,optimal,32,5.137064999871654,109edf423bbb
S7_high_util,83,3602606007,30,180,6.0,0.35,1.8,90.0,optimal,31,6.54623100012941,109edf423bbb
S7_high_util,84,2544781916,30,180,6.0,0.35,1.8,90.0,optimal,21,5.982736999840199,109edf423bbb
S7_high_util,85,2880841497,30,180,6.0,0.35,1.8,90.0,optimal,37,5.553150999958234,109edf423bbb
S7_high_util,86,2827016030,30,180,6.0,0.35,1.8,90.0,optimal,16,5.796597999960795,109edf423bbb
S7_high_util,87,3163075611,30,180,6.0,0.35,1.8,90.0,optimal,24,6.063596999865695,109edf423bbb
S7_high_util,88,2105251520,30,180,6.0,0.35,1.8,90.0,optimal,35,6.765081999901668,109edf423bbb
S7_high_util,89,2441311101,30,180,6.0,0.35,1.8,90.0,optimal,23,5.8452719999877445,109edf423bbb
S7_high_util,90,3645031309,30,180,6.0,0.35,1.8,90.0,optimal,34,5.4552470000999165,109edf423bbb
S7_high_util,91,2723545215,30,180,6.0,0.35,1.8,90.0,optimal,72,6.327966999833734,109edf423bbb
S7_high_util,92,2119973284,30,180,6.0,0.35,1.8,90.0,optimal,43,5.2935659998638585,109edf423bbb
S7_high_util,93,2001780705,30,180,6.0,0.35,1.8,90.0,optimal,25,6.542251999917426,109edf423bbb
S7_high_util,94,2841737794,30,180,6.0,0.35,1.8,90.0,optimal,50,7.08804400005647,109edf423bbb
S7_high_util,95,2184675932,30,180,6.0,0.35,1.8,90.0,optimal,49,6.770051999865245,109edf423bbb
S7_high_util,96,2620074400,30,180,6.0,0.35,1.8,90.0,optimal,22,5.81623900006889,109edf423bbb
S7_high_util,97,2223444099,30,180,6.0,0.35,1.8,90.0,optimal,41,5.593462999968324,109edf423bbb
S7_high_util,98,3281268190,30,180,6.0,0.35,1.8,90.0,optimal,15,4.656920000115861,109edf423bbb
S7_high_util,99,3139029208,30,180,6.0,0.35,1.8,90.0,optimal,28,7.289488999958849,109edf423bbb
S8_small_trucks,0,1629528094,30,180,6.0,0.35,1.8,90.0,optimal,35,7.426711000107389,109edf423bbb
S8_small_trucks,1,3440952161,30,180,6.0,0.35,1.8,90.0,optimal,24,4.859907000081876,109edf423bbb
S8_small_trucks,2,2979345237,30,180,6.0,0.35,1.8,90.0,optimal,37,5.469704000006459,109edf423bbb
S8_small_trucks,3,1921521146,30,180,6.0,0.35,1.8,90.0,optimal,53,6.084184999963327,109edf423bbb
S8_small_trucks,4,2257580727,30,180,6.0,0.35,1.8,90.0,optimal,51,6.969940000089991,109edf423bbb
S8_small_trucks,5,1732998909,30,180,6.0,0.35,1.8,90.0,optimal,45,6.952014000034978,109edf423bbb
S8_small_trucks,6,3544422976,30,180,6.0,0.35,1.8,90.0,optimal,27,5.351961999849664,109edf423bbb
S8_small_trucks,7,2875874422,30,180,6.0,0.35,1.8,90.0,optimal,72,7.625226000072871,109edf423bbb
S8_small_trucks,8,1818050331,30,180,6.0,0.35,1.8,90.0,optimal,31,5.740772000081051,109edf423bbb
S8_small_trucks,9,2154109912,30,180,6.0,0.35,1.8,90.0,optimal,22,6.798686000138332,109edf423bbb
S8_small_trucks,10,1836469724,30,180,6.0,0.35,1.8,90.0,optimal,43,6.00040899985288,109edf423bbb
S8_small_trucks,11,2842572941,30,180,6.0,0.35,1.8,90.0,optimal,43,6.9781270001385565,109edf423bbb
S8_small_trucks,12,3526003583,30,180,6.0,0.35,1.8,90.0,optimal,31,4.865913000003275,109edf423bbb
S8_small_trucks,13,1714579516,30,180,6.0,0.35,1.8,90.0,optimal,67,8.538984000097116,109edf423bbb
S8_small_trucks,14,2050639097,30,180,6.0,0.35,1.8,90.0,optimal,52,6.929961999958323,109edf423bbb
S8_small_trucks,15,3282103337,30,180,6.0,0.35,1.8,90.0,optimal,32,6.517275000078371,109edf423bbb
S8_small_trucks,16,2233534324,30,180,6.0,0.35,1.8,90.0,optimal,52,6.612281999878178,109edf423bbb
S8_small_trucks,17,3422532768,30,180,6.0,0.35,1.8,90.0,optimal,34,7.251917000075991,109edf423bbb
S8_small_trucks,18,1611108701,30,180,6.0,0.35,1.8,90.0,optimal,36,6.629442000075869,109edf423bbb
S8_small_trucks,19,3605427995,30,180,6.0,0.35,1.8,90.0,optimal,34,5.928602000039973,109edf423bbb
S8_small_trucks,20,3385574152,30,180,6.0,0.35,1.8,90.0,optimal,42,4.88433200007421,109edf423bbb
S8_small_trucks,21,2130063509,30,180,6.0,0.35,1.8,90.0,optimal,45,6.015891999822998,109edf423bbb
S8_small_trucks,22,1860516127,30,180,6.0,0.35,1.8,90.0,optimal,24,4.413458000044557,109edf423bbb
S8_small_trucks,23,2412297623,30,180,6.0,0.35,1.8,90.0,optimal,25,5.24157700010619,109edf423bbb
S8_small_trucks,24,3501957180,30,180,6.0,0.35,1.8,90.0,optimal,34,4.644829999961075,109edf423bbb
S8_small_trucks,25,1690533113,30,180,6.0,0.35,1.8,90.0,optimal,42,7.874350999827584,109edf423bbb
S8_small_trucks,26,2026592694,30,180,6.0,0.35,1.8,90.0,optimal,20,5.3899429999546555,109edf423bbb
S8_small_trucks,27,1972767227,30,180,6.0,0.35,1.8,90.0,optimal,46,4.949142999976175,109edf423bbb
S8_small_trucks,28,2308826808,30,180,6.0,0.35,1.8,90.0,optimal,29,6.406191999985822,109edf423bbb
S8_small_trucks,29,3398486365,30,180,6.0,0.35,1.8,90.0,optimal,56,8.279916999981651,109edf423bbb
S8_small_trucks,30,1587062298,30,180,6.0,0.35,1.8,90.0,optimal,52,8.923840000079508,109edf423bbb
S8_small_trucks,31,2403517338,30,180,6.0,0.35,1.8,90.0,optimal,25,5.703387000039584,109edf423bbb
S8_small_trucks,32,1869296412,30,180,6.0,0.35,1.8,90.0,optimal,46,8.46989699994083,109edf423bbb
S8_small_trucks,33,2205355993,30,180,6.0,0.35,1.8,90.0,optimal,32,5.667617000199243,109edf423bbb
S8_small_trucks,34,3295015550,30,180,6.0,0.35,1.8,90.0,optimal,67,6.8438989999322075,109edf423bbb
S8_small_trucks,35,3631075131,30,180,6.0,0.35,1.8,90.0,optimal,48,8.391635999942082,109edf423bbb
S8_small_trucks,36,1701667303,30,180,6.0,0.35,1.8,90.0,optimal,44,5.746154000007664,109edf423bbb
S8_small_trucks,37,1765825597,30,180,6.0,0.35,1.8,90.0,optimal,34,6.722889999991821,109edf423bbb
S8_small_trucks,38,2855485154,30,180,6.0,0.35,1.8,90.0,optimal,51,6.164360999946439,109edf423bbb
S8_small_trucks,39,3191544735,30,180,6.0,0.35,1.8,90.0,optimal,46,8.540246000166007,109edf423bbb
S8_small_trucks,40,2894797675,30,180,6.0,0.35,1.8,90.0,optimal,20,4.7609060000013415,109edf423bbb
S8_small_trucks,41,1805138118,30,180,6.0,0.35,1.8,90.0,optimal,27,6.379010000046037,109edf423bbb
S8_small_trucks,42,1662354782,30,180,6.0,0.35,1.8,90.0,optimal,27,7.885871000098632,109edf423bbb
S8_small_trucks,43,2752014339,30,180,6.0,0.35,1.8,90.0,optimal,47,7.264592999945307,109edf423bbb
S8_small_trucks,44,3334328071,30,180,6.0,0.35,1.8,90.0,optimal,35,5.118738000192025,109edf423bbb
S8_small_trucks,45,2181309590,30,180,6.0,0.35,1.8,90.0,optimal,37,5.881544999965627,109edf423bbb
S8_small_trucks,46,1908608933,30,180,6.0,0.35,1.8,90.0,optimal,88,12.186624000150914,109edf423bbb
S8_small_trucks,47,1558883967,30,180,6.0,0.35,1.8,90.0,optimal,49,5.975225999918621,109edf423bbb
S8_small_trucks,48,3553203261,30,180,6.0,0.35,1.8,90.0,optimal,46,8.024771999998848,109edf423bbb
S8_small_trucks,49,1741779194,30,180,6.0,0.35,1.8,90.0,optimal,40,6.798491000154172,109edf423bbb
S8_small_trucks,50,2831438751,30,180,6.0,0.35,1.8,90.0,optimal,31,4.74195900005725,109edf423bbb
S8_small_trucks,51,3167498332,30,180,6.0,0.35,1.8,90.0,optimal,36,8.214442000053168,109edf423bbb
S8_small_trucks,52,2918844078,30,180,6.0,0.35,1.8,90.0,optimal,40,6.330984999976863,109edf423bbb
S8_small_trucks,53,3449732446,30,180,6.0,0.35,1.8,90.0,optimal,42,6.218669999952908,109edf423bbb
S8_small_trucks,54,1638308379,30,180,6.0,0.35,1.8,90.0,optimal,48,9.23561299987341,109edf423bbb
S8_small_trucks,55,2727967936,30,180,6.0,0.35,1.8,90.0,optimal,25,7.676987999957419,109edf423bbb
S8_small_trucks,56,3064027517,30,180,6.0,0.35,1.8,90.0,optimal,49,9.787846000108402,109edf423bbb
S8_small_trucks,57,3010202050,30,180,6.0,0.35,1.8,90.0,optimal,22,6.394352000143044,109edf423bbb
S8_small_trucks,58,3346261631,30,180,6.0,0.35,1.8,90.0,optimal,62,10.400835000154984,109edf423bbb
S8_small_trucks,59,1534837564,30,180,6.0,0.35,1.8,90.0,optimal,45,5.81736499998442,109edf423bbb
S8_small_trucks,60,2624497121,30,180,6.0,0.35,1.8,90.0,optimal,40,6.690502999845194,109edf423bbb
S8_small_trucks,61,3461845289,30,180,6.0,0.35,1.8,90.0,optimal,61,8.540705999848797,109edf423bbb
S8_small_trucks,62,2372185732,30,180,6.0,0.35,1.8,90.0,optimal,24,6.5871790000073815,109edf423bbb
S8_small_trucks,63,3242790816,30,180,6.0,0.35,1.8,90.0,optimal,31,7.399057999919023,109edf423bbb
S8_small_trucks,64,2184966725,30,180,6.0,0.35,1.8,90.0,optimal,46,7.644194000022253,109edf423bbb
S8_small_trucks,65,1753892037,30,180,6.0,0.35,1.8,90.0,optimal,71,8.792036000158987,109edf423bbb
S8_small_trucks,66,3565316104,30,180,6.0,0.35,1.8,90.0,optimal,31,6.8240139999034,109edf423bbb
S8_small_trucks,67,2475656547,30,180,6.0,0.35,1.8,90.0,optimal,35,7.912395999937871,109edf423bbb
S8_small_trucks,68,3139320001,30,180,6.0,0.35,1.8,90.0,optimal,35,7.305825999992521,109edf423bbb
S8_small_trucks,69,2986155647,30,180,6.0,0.35,1.8,90.0,optimal,23,5.025184000032823,109edf423bbb
S8_small_trucks,70,1857362852,30,180,6.0,0.35,1.8,90.0,optimal,34,6.2860370001089905,109edf423bbb
S8_small_trucks,71,3658274809,30,180,6.0,0.35,1.8,90.0,optimal,45,6.973540999979377,109edf423bbb
S8_small_trucks,72,2579127362,30,180,6.0,0.35,1.8,90.0,optimal,13,5.927966999934142,109edf423bbb
S8_small_trucks,73,1693686388,30,180,6.0,0.35,1.8,90.0,optimal,37,5.389385999933438,109edf423bbb
S8_small_trucks,74,2882684832,30,180,6.0,0.35,1.8,90.0,optimal,23,6.596774000172445,109edf423bbb
S8_small_trucks,75,3218744413,30,180,6.0,0.35,1.8,90.0,optimal,47,7.860243000095579,109edf423bbb
S8_small_trucks,76,2160920322,30,180,6.0,0.35,1.8,90.0,optimal,31,6.6990079999413865,109edf423bbb
S8_small_trucks,77,2496979903,30,180,6.0,0.35,1.8,90.0,optimal,30,5.300630999954592,109edf423bbb
S8_small_trucks,78,3589362507,30,180,6.0,0.35,1.8,90.0,optimal,57,8.099102999949537,109edf423bbb
S8_small_trucks,79,2779214017,30,180,6.0,0.35,1.8,90.0,optimal,53,8.590962999960539,109edf423bbb
S8_small_trucks,80,3115273598,30,180,6.0,0.35,1.8,90.0,optimal,32,8.076187999904505,109edf423bbb
S8_small_trucks,81,2057449507,30,180,6.0,0.35,1.8,90.0,optimal,39,6.475283999861858,109edf423bbb
S8_small_trucks,82,1881409255,30,180,6.0,0.35,1.8,90.0,optimal,28,6.2338029999864375,109edf423bbb
S8_small_trucks,83,2339683621,30,180,6.0,0.35,1.8,90.0,optimal,53,7.067842999958884,109edf423bbb
S8_small_trucks,84,2675743202,30,180,6.0,0.35,1.8,90.0,optimal,35,7.498462000057771,109edf423bbb
S8_small_trucks,85,3011802783,30,180,6.0,0.35,1.8,90.0,optimal,22,6.185536999964825,109edf423bbb
S8_small_trucks,86,2320939651,30,180,6.0,0.35,1.8,90.0,optimal,35,6.207800000083807,109edf423bbb
S8_small_trucks,87,1984880070,30,180,6.0,0.35,1.8,90.0,optimal,45,8.438695999984702,109edf423bbb
S8_small_trucks,88,2236212806,30,180,6.0,0.35,1.8,90.0,optimal,36,7.48132299986537,109edf423bbb
S8_small_trucks,89,2572272387,30,180,6.0,0.35,1.8,90.0,optimal,25,6.262813999910577,109edf423bbb
S8_small_trucks,90,1566169170,30,180,6.0,0.35,1.8,90.0,optimal,36,6.777586999987761,109edf423bbb
S8_small_trucks,91,2424410466,30,180,6.0,0.35,1.8,90.0,optimal,22,5.658888999960254,109edf423bbb
S8_small_trucks,92,2088350885,30,180,6.0,0.35,1.8,90.0,optimal,30,6.936076999863872,109edf423bbb
S8_small_trucks,93,2132741991,30,180,6.0,0.35,1.8,90.0,optimal,25,6.371792999971149,109edf423bbb
S8_small_trucks,94,1905455658,30,180,6.0,0.35,1.8,90.0,optimal,35,8.028958000068087,109edf423bbb
S8_small_trucks,95,2315637218,30,180,6.0,0.35,1.8,90.0,optimal,37,8.288567000136027,109edf423bbb
S8_small_trucks,96,2527881281,30,180,6.0,0.35,1.8,90.0,optimal,25,5.902860999867698,109edf423bbb
S8_small_trucks,97,2987756380,30,180,6.0,0.35,1.8,90.0,optimal,71,8.622653999964314,109edf423bbb
S8_small_trucks,98,2344986054,30,180,6.0,0.35,1.8,90.0,optimal,45,7.538533000115422,109edf423bbb
S8_small_trucks,99,3170651607,30,180,6.0,0.35,1.8,90.0,optimal,36,7.546910999963075,109edf423bbb
S9_large_trucks,0,2667456362,30,180,6.0,0.35,1.8,90.0,optimal,27,8.249132999935682,109edf423bbb
S9_large_trucks,1,2331396781,30,180,6.0,0.35,1.8,90.0,optimal,27,5.903058000058081,109edf423bbb
S9_large_trucks,2,1889696095,30,180,6.0,0.35,1.8,90.0,optimal,61,9.588611000026503,109edf423bbb
S9_large_trucks,3,2225755676,30,180,6.0,0.35,1.8,90.0,optimal,41,8.430791000137106,109edf423bbb
S9_large_trucks,4,3106986758,30,180,6.0,0.35,1.8,90.0,optimal,80,7.958582000128445,109edf423bbb
S9_large_trucks,5,2770927177,30,180,6.0,0.35,1.8,90.0,optimal,58,8.997990999887406,109edf423bbb
S9_large_trucks,6,3597649347,30,180,6.0,0.35,1.8,90.0,optimal,35,7.165330999896469,109edf423bbb
S9_large_trucks,7,1786225280,30,180,6.0,0.35,1.8,90.0,optimal,48,8.705250000048181,109edf423bbb
S9_large_trucks,8,2251972369,30,180,6.0,0.35,1.8,90.0,optimal,36,5.570468000087203,109edf423bbb
S9_large_trucks,9,1969120507,30,180,6.0,0.35,1.8,90.0,optimal,37,6.925499000089985,109edf423bbb
S9_large_trucks,10,2874397992,30,180,6.0,0.35,1.8,90.0,optimal,52,7.634263999989344,109edf423bbb
S9_large_trucks,11,3494178532,30,180,6.0,0.35,1.8,90.0,optimal,80,8.058069000071555,109edf423bbb
S9_large_trucks,12,2691502765,30,180,6.0,0.35,1.8,90.0,optimal,70,9.936280999909286,109edf423bbb
S9_large_trucks,13,2355443184,30,180,6.0,0.35,1.8,90.0,optimal,30,6.72315199994955,109edf423bbb
S9_large_trucks,14,1865649692,30,180,6.0,0.35,1.8,90.0,optimal,37,6.961628999988534,109edf423bbb
S9_large_trucks,15,2977868807,30,180,6.0,0.35,1.8,90.0,optimal,34,7.138631999850986,109edf423bbb
S9_large_trucks,16,3131033161,30,180,6.0,0.35,1.8,90.0,optimal,61,6.341232000067976,109edf423bbb
S9_large_trucks,17,2794973580,30,180,6.0,0.35,1.8,90.0,optimal,34,7.455692000121417,109edf423bbb
S9_large_trucks,18,3573602944,30,180,6.0,0.35,1.8,90.0,optimal,57,7.928273000061381,109edf423bbb
S9_large_trucks,19,1762178877,30,180,6.0,0.35,1.8,90.0,optimal,23,5.708634000029633,109edf423bbb
S9_large_trucks,20,2903559308,30,180,6.0,0.35,1.8,90.0,optimal,36,6.49955900007626,109edf423bbb
S9_large_trucks,21,3234503976,30,180,6.0,0.35,1.8,90.0,optimal,49,7.2372019999420445,109edf423bbb
S9_large_trucks,22,2898444395,30,180,6.0,0.35,1.8,90.0,optimal,48,7.759179000004224,109edf423bbb
S9_large_trucks,23,3470132129,30,180,6.0,0.35,1.8,90.0,optimal,40,6.059752000055596,109edf423bbb
S9_large_trucks,24,1658708062,30,180,6.0,0.35,1.8,90.0,optimal,68,6.78673900006288,109edf423bbb
S9_large_trucks,25,1526550724,30,180,6.0,0.35,1.8,90.0,optimal,61,7.763311000189788,109edf423bbb
S9_large_trucks,26,3337974791,30,180,6.0,0.35,1.8,90.0,optimal,74,7.444565000014336,109edf423bbb
S9_large_trucks,27,3001915210,30,180,6.0,0.35,1.8,90.0,optimal,30,5.763066999861621,109edf423bbb
S9_large_trucks,28,3366661314,30,180,6.0,0.35,1.8,90.0,optimal,34,7.128323999950226,109edf423bbb
S9_large_trucks,29,2819019983,30,180,6.0,0.35,1.8,90.0,optimal,72,7.00436399984028,109edf423bbb
S9_large_trucks,30,1630021539,30,180,6.0,0.35,1.8,90.0,optimal,28,5.0214350001169805,109edf423bbb
S9_large_trucks,31,3441445606,30,180,6.0,0.35,1.8,90.0,optimal,44,5.343032999917341,109edf423bbb
S9_large_trucks,32,2927130918,30,180,6.0,0.35,1.8,90.0,optimal,36,6.361760999880062,109edf423bbb
S9_large_trucks,33,3258550379,30,180,6.0,0.35,1.8,90.0,optimal,32,4.767443999980969,109edf423bbb
S9_large_trucks,34,2922490798,30,180,6.0,0.35,1.8,90.0,optimal,77,5.9079300001485535,109edf423bbb
S9_large_trucks,35,3446085726,30,180,6.0,0.35,1.8,90.0,optimal,43,6.598429999939981,109edf423bbb
S9_large_trucks,36,3544916421,30,180,6.0,0.35,1.8,90.0,optimal,61,8.091581999906339,109edf423bbb
S9_large_trucks,37,1550597127,30,180,6.0,0.35,1.8,90.0,optimal,29,7.5751430001673725,109edf423bbb
S9_large_trucks,38,3362021194,30,180,6.0,0.35,1.8,90.0,optimal,42,8.643121999966752,109edf423bbb
S9_large_trucks,39,3025961613,30,180,6.0,0.35,1.8,90.0,optimal,34,6.343441000126404,109edf423bbb
S9_large_trucks,40,3342614911,30,180,6.0,0.35,1.8,90.0,optimal,22,6.432275999941339,109edf423bbb
S9_large_trucks,41,2336511694,30,180,6.0,0.35,1.8,90.0,optimal,44,7.480813000029229,109edf423bbb
S9_large_trucks,42,1654067942,30,180,6.0,0.35,1.8,90.0,optimal,27,6.933651999815993,109edf423bbb
S9_large_trucks,43,3465492009,30,180,6.0,0.35,1.8,90.0,optimal,42,9.39794099986102,109edf423bbb
S9_large_trucks,44,2903084515,30,180,6.0,0.35,1.8,90.0,optimal,62,7.622998999977426,109edf423bbb
S9_large_trucks,45,1896981298,30,180,6.0,0.35,1.8,90.0,optimal,46,8.64219499999308,109edf423bbb
S9_large_trucks,46,2233040879,30,180,6.0,0.35,1.8,90.0,optimal,45,8.222855999974854,109edf423bbb
S9_large_trucks,47,1757538757,30,180,6.0,0.35,1.8,90.0,optimal,39,8.046541999874535,109edf423bbb
S9_large_trucks,48,3568962824,30,180,6.0,0.35,1.8,90.0,optimal,47,7.219974999998158,109edf423bbb
S9_large_trucks,49,2799613700,30,180,6.0,0.35,1.8,90.0,optimal,40,6.990350000023682,109edf423bbb
S9_large_trucks,50,1793510483,30,180,6.0,0.35,1.8,90.0,optimal,41,6.772961000024225,109edf423bbb
S9_large_trucks,51,2197069153,30,180,6.0,0.35,1.8,90.0,optimal,38,5.801767999855656,109edf423bbb
S9_large_trucks,52,1861009572,30,180,6.0,0.35,1.8,90.0,optimal,58,8.960763999994015,109edf423bbb
S9_large_trucks,53,1524949991,30,180,6.0,0.35,1.8,90.0,optimal,66,9.06925999993291,109edf423bbb
S9_large_trucks,54,3501463735,30,180,6.0,0.35,1.8,90.0,optimal,51,5.961437999985719,109edf423bbb
S9_large_trucks,55,3489538412,30,180,6.0,0.35,1.8,90.0,optimal,42,6.635333999838622,109edf423bbb
S9_large_trucks,56,2300539968,30,180,6.0,0.35,1.8,90.0,optimal,63,7.640682999863202,109edf423bbb
S9_large_trucks,57,1964480387,30,180,6.0,0.35,1.8,90.0,optimal,43,7.345092999912595,109edf423bbb
S9_large_trucks,58,2871244717,30,180,6.0,0.35,1.8,90.0,optimal,46,8.26993600003334,109edf423bbb
S9_large_trucks,59,3397992920,30,180,6.0,0.35,1.8,90.0,optimal,34,6.313014000170369,109edf423bbb
S9_large_trucks,60,3593009227,30,180,6.0,0.35,1.8,90.0,optimal,44,7.959379000112676,109edf423bbb
S9_large_trucks,61,2775567297,30,180,6.0,0.35,1.8,90.0,optimal,42,6.523560999994515,109edf423bbb
S9_large_trucks,62,3310775113,30,180,6.0,0.35,1.8,90.0,optimal,49,7.858613000053083,109edf423bbb
S9_large_trucks,63,2221115556,30,180,6.0,0.35,1.8,90.0,optimal,67,8.364657999891278,109edf423bbb
S9_large_trucks,64,1885055975,30,180,6.0,0.35,1.8,90.0,optimal,51,6.439903000000413,109edf423bbb
S9_large_trucks,65,1548996394,30,180,6.0,0.35,1.8,90.0,optimal,61,8.298366999952123,109edf423bbb
S9_large_trucks,66,3477417332,30,180,6.0,0.35,1.8,90.0,optimal,71,11.071864000086862,109edf423bbb
S9_large_trucks,67,3414245928,30,180,6.0,0.35,1.8,90.0,optimal,43,7.481867000024067,109edf423bbb
S9_large_trucks,68,2324586371,30,180,6.0,0.35,1.8,90.0,optimal,59,8.631993000108196,109edf423bbb
S9_large_trucks,69,1988526790,30,180,6.0,0.35,1.8,90.0,optimal,20,6.912007999972047,109edf423bbb
S9_large_trucks,70,3037886936,30,180,6.0,0.35,1.8,90.0,optimal,34,8.103240000082224,109edf423bbb
S9_large_trucks,71,3373946517,30,180,6.0,0.35,1.8,90.0,optimal,47,6.180747999906089,109edf423bbb
S9_large_trucks,72,3517716743,30,180,6.0,0.35,1.8,90.0,optimal,47,11.654656000018804,109edf423bbb
S9_large_trucks,73,2428057186,30,180,6.0,0.35,1.8,90.0,optimal,69,11.215544000151567,109edf423bbb
S9_large_trucks,74,2091997605,30,180,6.0,0.35,1.8,90.0,optimal,45,8.623260999911508,109edf423bbb
S9_large_trucks,75,2934416121,30,180,6.0,0.35,1.8,90.0,optimal,41,7.211424999923111,109edf423bbb
S9_large_trucks,76,3270475702,30,180,6.0,0.35,1.8,90.0,optimal,36,7.268204999945738,109edf423bbb
S9_large_trucks,77,2867587582,30,180,6.0,0.35,1.8,90.0,optimal,60,7.841329000029873,109edf423bbb
S9_large_trucks,78,2531528001,30,180,6.0,0.35,1.8,90.0,optimal,68,7.697566999922856,109edf423bbb
S9_large_trucks,79,1741285749,30,180,6.0,0.35,1.8,90.0,optimal,34,6.6950299999462,109edf423bbb
S9_large_trucks,80,2830945306,30,180,6.0,0.35,1.8,90.0,optimal,54,9.119383000097514,109edf423bbb
S9_large_trucks,81,3167004887,30,180,6.0,0.35,1.8,90.0,optimal,37,7.048192999945968,109edf423bbb
S9_large_trucks,82,2971058397,30,180,6.0,0.35,1.8,90.0,optimal,61,9.325156999921091,109edf423bbb
S9_large_trucks,83,3449239001,30,180,6.0,0.35,1.8,90.0,optimal,47,9.026290000065273,109edf423bbb
S9_large_trucks,84,3541763146,30,180,6.0,0.35,1.8,90.0,optimal,43,5.29389500002253,109edf423bbb
S9_large_trucks,85,2727474491,30,180,6.0,0.35,1.8,90.0,optimal,53,6.900975000007747,109edf423bbb
S9_large_trucks,86,2116044008,30,180,6.0,0.35,1.8,90.0,optimal,52,10.137119999853894,109edf423bbb
S9_large_trucks,87,2910369718,30,180,6.0,0.35,1.8,90.0,optimal,64,7.422610000048735,109edf423bbb
S9_large_trucks,88,1833809894,30,180,6.0,0.35,1.8,90.0,optimal,46,6.984742999975424,109edf423bbb
S9_large_trucks,89,2891633985,30,180,6.0,0.35,1.8,90.0,optimal,29,5.212557000049856,109edf423bbb
S9_large_trucks,90,2555574404,30,180,6.0,0.35,1.8,90.0,optimal,41,7.691195000006701,109edf423bbb
S9_large_trucks,91,1717239346,30,180,6.0,0.35,1.8,90.0,optimal,80,8.933439999964321,109edf423bbb
S9_large_trucks,92,2806898903,30,180,6.0,0.35,1.8,90.0,optimal,36,6.280694999986736,109edf423bbb
S9_large_trucks,93,1937280709,30,180,6.0,0.35,1.8,90.0,optimal,61,8.918213000015385,109edf423bbb
S9_large_trucks,94,2995104800,30,180,6.0,0.35,1.8,90.0,optimal,75,7.509944000048563,109edf423bbb
S9_large_trucks,95,2659045219,30,180,6.0,0.35,1.8,90.0,optimal,33,6.2182430001485045,109edf423bbb
S9_large_trucks,96,2367368507,30,180,6.0,0.35,1.8,90.0,optimal,35,8.549646999881588,109edf423bbb
S9_large_trucks,97,2703428088,30,180,6.0,0.35,1.8,90.0,optimal,42,8.214203000079578,109edf423bbb
S9_large_trucks,98,2040751524,30,180,6.0,0.35,1.8,90.0,optimal,60,10.121603000015966,109edf423bbb
S9_large_trucks,99,3098575615,30,180,6.0,0.35,1.8,90.0,optimal,40,9.354409000025043,109edf423bbb
S10a_detour_15,0,3526719944,30,180,6.0,0.15,1.8,90.0,optimal,51,8.830467000052522,109edf423bbb
S10a_detour_15,1,3464282203,30,180,6.0,0.15,1.8,90.0,optimal,30,6.27274699991176,109edf423bbb
S10a_detour_15,2,2051355458,30,180,6.0,0.15,1.8,90.0,optimal,39,7.679104999851916,109edf423bbb
S10a_detour_15,3,3240353902,30,180,6.0,0.15,1.8,90.0,optimal,23,5.328408999957901,109edf423bbb
S10a_detour_15,4,2234250685,30,180,6.0,0.15,1.8,90.0,optimal,25,6.5369339999961085,109edf423bbb
S10a_detour_15,5,1756328951,30,180,6.0,0.15,1.8,90.0,optimal,44,5.941259000110222,109edf423bbb
S10a_detour_15,6,3567753018,30,180,6.0,0.15,1.8,90.0,optimal,33,7.473409000112952,109edf423bbb
S10a_detour_15,7,2800823506,30,180,6.0,0.15,1.8,90.0,optimal,64,7.97396200005096,109edf423bbb
S10a_detour_15,8,1794720289,30,180,6.0,0.15,1.8,90.0,optimal,55,11.566973999833863,109edf423bbb
S10a_detour_15,9,2130779870,30,180,6.0,0.15,1.8,90.0,optimal,32,7.185596999988775,109edf423bbb
S10a_detour_15,10,1859799766,30,180,6.0,0.15,1.8,90.0,optimal,38,5.863572999942335,109edf423bbb
S10a_detour_15,11,1523740185,30,180,6.0,0.15,1.8,90.0,optimal,24,6.598935999818423,109edf423bbb
S10a_detour_15,12,3502673541,30,180,6.0,0.15,1.8,90.0,optimal,38,6.142067999917344,109edf423bbb
S10a_detour_15,13,1691249474,30,180,6.0,0.15,1.8,90.0,optimal,31,6.674428999986048,109edf423bbb
S10a_detour_15,14,2299330162,30,180,6.0,0.15,1.8,90.0,optimal,22,5.1341299999876355,109edf423bbb
S10a_detour_15,15,1963270581,30,180,6.0,0.15,1.8,90.0,optimal,31,7.3417280000285245,109edf423bbb
S10a_detour_15,16,1627211000,30,180,6.0,0.15,1.8,90.0,optimal,36,8.32033999995474,109edf423bbb
S10a_detour_15,17,3399202726,30,180,6.0,0.15,1.8,90.0,optimal,28,9.39541800016741,109edf423bbb
S10a_detour_15,18,3591799421,30,180,6.0,0.15,1.8,90.0,optimal,86,10.658110000122178,109edf423bbb
S10a_detour_15,19,2402800977,30,180,6.0,0.15,1.8,90.0,optimal,41,6.105944999944768,109edf423bbb
S10a_detour_15,20,2066741396,30,180,6.0,0.15,1.8,90.0,optimal,79,9.268083999813825,109edf423bbb
S10a_detour_15,21,2106733467,30,180,6.0,0.15,1.8,90.0,optimal,40,6.340663999935714,109edf423bbb
S10a_detour_15,22,3295731911,30,180,6.0,0.15,1.8,90.0,optimal,44,7.1748129998923105,109edf423bbb
S10a_detour_15,23,3631791492,30,180,6.0,0.15,1.8,90.0,optimal,38,6.796134000069287,109edf423bbb
S10a_detour_15,24,2673306288,30,180,6.0,0.15,1.8,90.0,optimal,41,7.8341240000554535,109edf423bbb
S10a_detour_15,25,1667203071,30,180,6.0,0.15,1.8,90.0,optimal,42,6.679509999912625,109edf423bbb
S10a_detour_15,26,2856201515,30,180,6.0,0.15,1.8,90.0,optimal,33,10.050649000049816,109edf423bbb
S10a_detour_15,27,1987316984,30,180,6.0,0.15,1.8,90.0,optimal,38,7.518512999922677,109edf423bbb
S10a_detour_15,28,3528320677,30,180,6.0,0.15,1.8,90.0,optimal,28,8.603273999824523,109edf423bbb
S10a_detour_15,29,3375156323,30,180,6.0,0.15,1.8,90.0,optimal,28,5.231978999972853,109edf423bbb
S10a_detour_15,30,1563732256,30,180,6.0,0.15,1.8,90.0,optimal,47,19.46698300002936,109edf423bbb
S10a_detour_15,31,2426847380,30,180,6.0,0.15,1.8,90.0,optimal,34,17.425378999860186,109edf423bbb
S10a_detour_15,32,2090787799,30,180,6.0,0.15,1.8,90.0,optimal,29,6.058798999902137,109edf423bbb
S10a_detour_15,33,2935625927,30,180,6.0,0.15,1.8,90.0,optimal,35,6.081038000047556,109edf423bbb
S10a_detour_15,34,3271685508,30,180,6.0,0.15,1.8,90.0,optimal,30,4.470546999982616,109edf423bbb
S10a_detour_15,35,3607745089,30,180,6.0,0.15,1.8,90.0,optimal,31,5.8167120000689465,109edf423bbb
S10a_detour_15,36,2530318195,30,180,6.0,0.15,1.8,90.0,optimal,32,5.367086999967796,109edf423bbb
S10a_detour_15,37,2194258614,30,180,6.0,0.15,1.8,90.0,optimal,44,7.18926499985173,109edf423bbb
S10a_detour_15,38,2832155112,30,180,6.0,0.15,1.8,90.0,optimal,37,6.361731000197324,109edf423bbb
S10a_detour_15,39,3168214693,30,180,6.0,0.15,1.8,90.0,optimal,32,4.745818999936091,109edf423bbb
S10a_detour_15,40,2969848591,30,180,6.0,0.15,1.8,90.0,optimal,59,7.687606999979835,109edf423bbb
S10a_detour_15,41,2633789010,30,180,6.0,0.15,1.8,90.0,optimal,36,7.752718000119785,109edf423bbb
S10a_detour_15,42,3639892227,30,180,6.0,0.15,1.8,90.0,optimal,48,7.58405200008383,109edf423bbb
S10a_detour_15,43,2728684297,30,180,6.0,0.15,1.8,90.0,optimal,38,6.493875999922238,109edf423bbb
S10a_detour_15,44,3064743878,30,180,6.0,0.15,1.8,90.0,optimal,34,7.127822999791533,109edf423bbb
S10a_detour_15,45,3073319406,30,180,6.0,0.15,1.8,90.0,optimal,77,8.490417000075468,109edf423bbb
S10a_detour_15,46,1931938975,30,180,6.0,0.15,1.8,90.0,optimal,31,6.031747999941217,109edf423bbb
S10a_detour_15,47,3583698686,30,180,6.0,0.15,1.8,90.0,optimal,38,6.656012000121336,109edf423bbb
S10a_detour_15,48,2625213482,30,180,6.0,0.15,1.8,90.0,optimal,64,7.5725629999396915,109edf423bbb
S10a_detour_15,49,2961273063,30,180,6.0,0.15,1.8,90.0,optimal,42,8.618071000000782,109edf423bbb
S10a_detour_15,50,2808108709,30,180,6.0,0.15,1.8,90.0,optimal,40,7.594969999900059,109edf423bbb
S10a_detour_15,51,3144168290,30,180,6.0,0.15,1.8,90.0,optimal,20,5.428014000017356,109edf423bbb
S10a_detour_15,52,2185683086,30,180,6.0,0.15,1.8,90.0,optimal,24,5.425623000064661,109edf423bbb
S10a_detour_15,53,2657835413,30,180,6.0,0.15,1.8,90.0,optimal,49,7.653426999922885,109edf423bbb
S10a_detour_15,54,1516454982,30,180,6.0,0.15,1.8,90.0,optimal,19,5.287705999990067,109edf423bbb
S10a_detour_15,55,2704637894,30,180,6.0,0.15,1.8,90.0,optimal,26,5.890249999993102,109edf423bbb
S10a_detour_15,56,3040697475,30,180,6.0,0.15,1.8,90.0,optimal,38,8.974825999985114,109edf423bbb
S10a_detour_15,57,3097365809,30,180,6.0,0.15,1.8,90.0,optimal,23,7.188906999999745,109edf423bbb
S10a_detour_15,58,1955985378,30,180,6.0,0.15,1.8,90.0,optimal,28,5.499040000131572,109edf423bbb
S10a_detour_15,59,2265107498,30,180,6.0,0.15,1.8,90.0,optimal,34,7.918280000012601,109edf423bbb
S10a_detour_15,60,2601167079,30,180,6.0,0.15,1.8,90.0,optimal,26,6.155556000067008,109edf423bbb
S10a_detour_15,61,2937226660,30,180,6.0,0.15,1.8,90.0,optimal,57,10.4877649998798,109edf423bbb
S10a_detour_15,62,3200836624,30,180,6.0,0.15,1.8,90.0,optimal,60,8.56091499986178,109edf423bbb
S10a_detour_15,63,2059456193,30,180,6.0,0.15,1.8,90.0,optimal,45,10.318867000023602,109edf423bbb
S10a_detour_15,64,2161636683,30,180,6.0,0.15,1.8,90.0,optimal,64,8.543655000039507,109edf423bbb
S10a_detour_15,65,2497696264,30,180,6.0,0.15,1.8,90.0,optimal,23,7.481298000129755,109edf423bbb
S10a_detour_15,66,2833755845,30,180,6.0,0.15,1.8,90.0,optimal,29,5.936910999935208,109edf423bbb
S10a_detour_15,67,2498986589,30,180,6.0,0.15,1.8,90.0,optimal,40,8.727800000087882,109edf423bbb
S10a_detour_15,68,2162927008,30,180,6.0,0.15,1.8,90.0,optimal,79,10.367459000008239,109edf423bbb
S10a_detour_15,69,2058165868,30,180,6.0,0.15,1.8,90.0,optimal,68,8.42990599994664,109edf423bbb
S10a_detour_15,70,2394225449,30,180,6.0,0.15,1.8,90.0,optimal,49,7.98821900002622,109edf423bbb
S10a_detour_15,71,2241061095,30,180,6.0,0.15,1.8,90.0,optimal,47,6.316885000160255,109edf423bbb
S10a_detour_15,72,2602457404,30,180,6.0,0.15,1.8,90.0,optimal,33,8.523298999989493,109edf423bbb
S10a_detour_15,73,2913180257,30,180,6.0,0.15,1.8,90.0,optimal,25,6.250207999983104,109edf423bbb
S10a_detour_15,74,1954695053,30,180,6.0,0.15,1.8,90.0,optimal,36,6.9817930000226625,109edf423bbb
S10a_detour_15,75,2083502596,30,180,6.0,0.15,1.8,90.0,optimal,55,8.572103000005882,109edf423bbb
S10a_detour_15,76,2137590280,30,180,6.0,0.15,1.8,90.0,optimal,34,5.860441999857358,109edf423bbb
S10a_detour_15,77,2473649861,30,180,6.0,0.15,1.8,90.0,optimal,74,10.181844999806344,109edf423bbb
S10a_detour_15,78,3662648305,30,180,6.0,0.15,1.8,90.0,optimal,18,5.409441999972842,109edf423bbb
S10a_detour_15,79,2523032992,30,180,6.0,0.15,1.8,90.0,optimal,42,8.651500000041779,109edf423bbb
S10a_detour_15,80,2186973411,30,180,6.0,0.15,1.8,90.0,optimal,31,6.572616999847014,109edf423bbb
S10a_detour_15,81,2034119465,30,180,6.0,0.15,1.8,90.0,optimal,35,8.009355000012874,109edf423bbb
S10a_detour_15,82,2370179046,30,180,6.0,0.15,1.8,90.0,optimal,30,5.097971999930451,109edf423bbb
S10a_detour_15,83,2962563388,30,180,6.0,0.15,1.8,90.0,optimal,45,9.443892000035703,109edf423bbb
S10a_detour_15,84,2626503807,30,180,6.0,0.15,1.8,90.0,optimal,26,6.20226600017304,109edf423bbb
S10a_detour_15,85,1594589069,30,180,6.0,0.15,1.8,90.0,optimal,33,7.022106000022177,109edf423bbb
S10a_detour_15,86,1930648650,30,180,6.0,0.15,1.8,90.0,optimal,40,10.02946299990981,109edf423bbb
S10a_detour_15,87,2266708231,30,180,6.0,0.15,1.8,90.0,optimal,52,8.453006000081587,109edf423bbb
S10a_detour_15,88,3066034203,30,180,6.0,0.15,1.8,90.0,optimal,27,7.592732000148317,109edf423bbb
S10a_detour_15,89,2729974622,30,180,6.0,0.15,1.8,90.0,optimal,20,6.984458000033555,109edf423bbb
S10a_detour_15,90,3638601902,30,180,6.0,0.15,1.8,90.0,optimal,26,5.030862000012348,109edf423bbb
S10a_detour_15,91,1827177835,30,180,6.0,0.15,1.8,90.0,optimal,38,8.780507999972542,109edf423bbb
S10a_detour_15,92,2111680927,30,180,6.0,0.15,1.8,90.0,optimal,54,9.26080399995044,109edf423bbb
S10a_detour_15,93,3169505018,30,180,6.0,0.15,1.8,90.0,optimal,22,6.2299619999066636,109edf423bbb
S10a_detour_15,94,2833445437,30,180,6.0,0.15,1.8,90.0,optimal,36,6.509453000035137,109edf423bbb
S10a_detour_15,95,3535131087,30,180,6.0,0.15,1.8,90.0,optimal,45,7.307087999834039,109edf423bbb
S10a_detour_15,96,2650550210,30,180,6.0,0.15,1.8,90.0,optimal,64,9.411630999920817,109edf423bbb
S10a_detour_15,97,1570542666,30,180,6.0,0.15,1.8,90.0,optimal,46,8.38532399984615,109edf423bbb
S10a_detour_15,98,3272975833,30,180,6.0,0.15,1.8,90.0,optimal,47,7.411470999841185,109edf423bbb
S10a_detour_15,99,2242661828,30,180,6.0,0.15,1.8,90.0,optimal,44,6.262617999936992,109edf423bbb
S10b_detour_50,0,1886711529,30,180,6.0,0.5,1.8,90.0,optimal,33,6.989396999870223,109edf423bbb
S10b_detour_50,1,1550651948,30,180,6.0,0.5,1.8,90.0,optimal,38,7.300909999912619,109edf423bbb
S10b_detour_50,2,3475761778,30,180,6.0,0.5,1.8,90.0,optimal,43,6.573973000058686,109edf423bbb
S10b_detour_50,3,1664337711,30,180,6.0,0.5,1.8,90.0,optimal,41,6.867362999855686,109edf423bbb
S10b_detour_50,4,2000397292,30,180,6.0,0.5,1.8,90.0,optimal,53,8.089898999969591,109edf423bbb
S10b_detour_50,5,1990182344,30,180,6.0,0.5,1.8,90.0,optimal,27,5.802503000040815,109edf423bbb
S10b_detour_50,6,1654122763,30,180,6.0,0.5,1.8,90.0,optimal,38,7.4883530000988685,109edf423bbb
S10b_detour_50,7,3372290963,30,180,6.0,0.5,1.8,90.0,optimal,36,5.994439999994938,109edf423bbb
S10b_detour_50,8,1560866896,30,180,6.0,0.5,1.8,90.0,optimal,38,6.904352999981711,109edf423bbb
S10b_detour_50,9,2650526453,30,180,6.0,0.5,1.8,90.0,optimal,32,6.65040100011538,109edf423bbb
S10b_detour_50,10,2093653159,30,180,6.0,0.5,1.8,90.0,optimal,54,7.597017999842137,109edf423bbb
S10b_detour_50,11,3099756376,30,180,6.0,0.5,1.8,90.0,optimal,49,9.349225000050865,109edf423bbb
S10b_detour_50,12,1910757932,30,180,6.0,0.5,1.8,90.0,optimal,32,6.963341999835393,109edf423bbb
S10b_detour_50,13,3604879729,30,180,6.0,0.5,1.8,90.0,optimal,66,8.772394000061468,109edf423bbb
S10b_detour_50,14,2632522442,30,180,6.0,0.5,1.8,90.0,optimal,41,6.2336080000022775,109edf423bbb
S10b_detour_50,15,1640291308,30,180,6.0,0.5,1.8,90.0,optimal,18,6.187034000049607,109edf423bbb
S10b_detour_50,16,3203227191,30,180,6.0,0.5,1.8,90.0,optimal,51,9.220968999898105,109edf423bbb
S10b_detour_50,17,3165349333,30,180,6.0,0.5,1.8,90.0,optimal,42,5.217263000076855,109edf423bbb
S10b_detour_50,18,3501408914,30,180,6.0,0.5,1.8,90.0,optimal,53,6.991018999997323,109edf423bbb
S10b_detour_50,19,3348244560,30,180,6.0,0.5,1.8,90.0,optimal,42,6.961304000014934,109edf423bbb
S10b_detour_50,20,1536820493,30,180,6.0,0.5,1.8,90.0,optimal,36,9.127414999966277,109edf423bbb
S10b_detour_50,21,2453759143,30,180,6.0,0.5,1.8,90.0,optimal,41,7.371537999915745,109edf423bbb
S10b_detour_50,22,3061878518,30,180,6.0,0.5,1.8,90.0,optimal,34,7.925688999876002,109edf423bbb
S10b_detour_50,23,3123802779,30,180,6.0,0.5,1.8,90.0,optimal,42,6.205321999914304,109edf423bbb
S10b_detour_50,24,3244773745,30,180,6.0,0.5,1.8,90.0,optimal,29,5.9841110000888875,109edf423bbb
S10b_detour_50,25,3580833326,30,180,6.0,0.5,1.8,90.0,optimal,67,9.987535999925967,109edf423bbb
S10b_detour_50,26,2557229958,30,180,6.0,0.5,1.8,90.0,optimal,42,5.583405999914248,109edf423bbb
S10b_detour_50,27,2958407703,30,180,6.0,0.5,1.8,90.0,optimal,71,10.186834000023737,109edf423bbb
S10b_detour_50,28,2805243349,30,180,6.0,0.5,1.8,90.0,optimal,39,6.503163000161294,109edf423bbb
S10b_detour_50,29,3141302930,30,180,6.0,0.5,1.8,90.0,optimal,36,6.904900999870733,109edf423bbb
S10b_detour_50,30,3477362511,30,180,6.0,0.5,1.8,90.0,optimal,27,6.675817999848732,109edf423bbb
S10b_detour_50,31,2660700773,30,180,6.0,0.5,1.8,90.0,optimal,31,7.0675949998531,109edf423bbb
S10b_detour_50,32,1519320342,30,180,6.0,0.5,1.8,90.0,optimal,30,6.263285000159158,109edf423bbb
S10b_detour_50,33,2701772534,30,180,6.0,0.5,1.8,90.0,optimal,33,5.817422999825794,109edf423bbb
S10b_detour_50,34,3037832115,30,180,6.0,0.5,1.8,90.0,optimal,48,8.280564999950002,109edf423bbb
S10b_detour_50,35,3100231169,30,180,6.0,0.5,1.8,90.0,optimal,28,6.377590000056443,109edf423bbb
S10b_detour_50,36,1958850738,30,180,6.0,0.5,1.8,90.0,optimal,34,8.773139000140873,109edf423bbb
S10b_detour_50,37,1622791157,30,180,6.0,0.5,1.8,90.0,optimal,51,9.00214600005711,109edf423bbb
S10b_detour_50,38,2581276361,30,180,6.0,0.5,1.8,90.0,optimal,47,5.351672999950097,109edf423bbb
S10b_detour_50,39,2934361300,30,180,6.0,0.5,1.8,90.0,optimal,26,6.740232000083779,109edf423bbb
S10b_detour_50,40,2398381134,30,180,6.0,0.5,1.8,90.0,optimal,46,6.971174999989671,109edf423bbb
S10b_detour_50,41,3117256527,30,180,6.0,0.5,1.8,90.0,optimal,28,6.485034999968775,109edf423bbb
S10b_detour_50,42,1726261972,30,180,6.0,0.5,1.8,90.0,optimal,37,6.423557000061919,109edf423bbb
S10b_detour_50,43,2494830904,30,180,6.0,0.5,1.8,90.0,optimal,63,8.093731999906595,109edf423bbb
S10b_detour_50,44,1543366745,30,180,6.0,0.5,1.8,90.0,optimal,77,6.790567000052761,109edf423bbb
S10b_detour_50,45,2677726131,30,180,6.0,0.5,1.8,90.0,optimal,37,6.7104039999321685,109edf423bbb
S10b_detour_50,46,3013785712,30,180,6.0,0.5,1.8,90.0,optimal,47,9.069854000017585,109edf423bbb
S10b_detour_50,47,3124277572,30,180,6.0,0.5,1.8,90.0,optimal,46,7.310682000024826,109edf423bbb
S10b_detour_50,48,1982897141,30,180,6.0,0.5,1.8,90.0,optimal,44,10.773541999924419,109edf423bbb
S10b_detour_50,49,1646837560,30,180,6.0,0.5,1.8,90.0,optimal,54,7.422607999842512,109edf423bbb
S10b_detour_50,50,2574255316,30,180,6.0,0.5,1.8,90.0,optimal,59,9.09329199998865,109edf423bbb
S10b_detour_50,51,2910314897,30,180,6.0,0.5,1.8,90.0,optimal,57,6.944993000161048,109edf423bbb
S10b_detour_50,52,3227748387,30,180,6.0,0.5,1.8,90.0,optimal,38,7.939530000157902,109edf423bbb
S10b_detour_50,53,2086367956,30,180,6.0,0.5,1.8,90.0,optimal,49,8.044220999863683,109edf423bbb
S10b_detour_50,54,2134724920,30,180,6.0,0.5,1.8,90.0,optimal,38,4.956160999881831,109edf423bbb
S10b_detour_50,55,2470784501,30,180,6.0,0.5,1.8,90.0,optimal,43,5.737182000075336,109edf423bbb
S10b_detour_50,56,2806844082,30,180,6.0,0.5,1.8,90.0,optimal,39,8.234339999944496,109edf423bbb
S10b_detour_50,57,2525898352,30,180,6.0,0.5,1.8,90.0,optimal,34,6.512295999982598,109edf423bbb
S10b_detour_50,58,2189838771,30,180,6.0,0.5,1.8,90.0,optimal,43,8.029539000062869,109edf423bbb
S10b_detour_50,59,2031254105,30,180,6.0,0.5,1.8,90.0,optimal,76,8.088143999884778,109edf423bbb
S10b_detour_50,60,2367313686,30,180,6.0,0.5,1.8,90.0,optimal,87,6.235650000007809,109edf423bbb
S10b_detour_50,61,1670883963,30,180,6.0,0.5,1.8,90.0,optimal,42,8.969879000005676,109edf423bbb
S10b_detour_50,62,2629369167,30,180,6.0,0.5,1.8,90.0,optimal,35,6.811257999970621,109edf423bbb
S10b_detour_50,63,2293309586,30,180,6.0,0.5,1.8,90.0,optimal,51,8.055754999986675,109edf423bbb
S10b_detour_50,64,1927783290,30,180,6.0,0.5,1.8,90.0,optimal,39,5.906226999968567,109edf423bbb
S10b_detour_50,65,2110414359,30,180,6.0,0.5,1.8,90.0,optimal,22,5.085095000140427,109edf423bbb
S10b_detour_50,66,3068899563,30,180,6.0,0.5,1.8,90.0,optimal,53,9.347690999902625,109edf423bbb
S10b_detour_50,67,2446738098,30,180,6.0,0.5,1.8,90.0,optimal,70,7.814675999952669,109edf423bbb
S10b_detour_50,68,2396780401,30,180,6.0,0.5,1.8,90.0,optimal,44,5.353714999955628,109edf423bbb
S10b_detour_50,69,2549944755,30,180,6.0,0.5,1.8,90.0,optimal,58,7.923531999949773,109edf423bbb
S10b_detour_50,70,2213885174,30,180,6.0,0.5,1.8,90.0,optimal,67,8.064083999897775,109edf423bbb
S10b_detour_50,71,2007207702,30,180,6.0,0.5,1.8,90.0,optimal,60,6.642108000050939,109edf423bbb
S10b_detour_50,72,2343267283,30,180,6.0,0.5,1.8,90.0,optimal,48,6.796977000021798,109edf423bbb
S10b_detour_50,73,2989475151,30,180,6.0,0.5,1.8,90.0,optimal,23,6.587079999917478,109edf423bbb
S10b_detour_50,74,2653415570,30,180,6.0,0.5,1.8,90.0,optimal,70,7.025790000170673,109edf423bbb
S10b_detour_50,75,2317355989,30,180,6.0,0.5,1.8,90.0,optimal,58,9.07120500005476,109edf423bbb
S10b_detour_50,76,1903736887,30,180,6.0,0.5,1.8,90.0,optimal,40,5.249252000112392,109edf423bbb
S10b_detour_50,77,2239796468,30,180,6.0,0.5,1.8,90.0,optimal,80,8.367343999907462,109edf423bbb
S10b_detour_50,78,3092945966,30,180,6.0,0.5,1.8,90.0,optimal,33,6.3957540000956214,109edf423bbb
S10b_detour_50,79,2756886385,30,180,6.0,0.5,1.8,90.0,optimal,24,5.958371000133411,109edf423bbb
S10b_detour_50,80,3611690139,30,180,6.0,0.5,1.8,90.0,optimal,42,7.3884180001186905,109edf423bbb
S10b_detour_50,81,1800266072,30,180,6.0,0.5,1.8,90.0,optimal,78,9.479999999939537,109edf423bbb
S10b_detour_50,82,2941646503,30,180,6.0,0.5,1.8,90.0,optimal,44,7.601227999884941,109edf423bbb
S10b_detour_50,83,3196416781,30,180,6.0,0.5,1.8,90.0,optimal,48,7.349561999944854,109edf423bbb
S10b_detour_50,84,2860357200,30,180,6.0,0.5,1.8,90.0,optimal,56,9.046520000083547,109edf423bbb
S10b_detour_50,85,3508219324,30,180,6.0,0.5,1.8,90.0,optimal,63,9.00617999991482,109edf423bbb
S10b_detour_50,86,2502116107,30,180,6.0,0.5,1.8,90.0,optimal,41,7.385870999996769,109edf423bbb
S10b_detour_50,87,2341402392,30,180,6.0,0.5,1.8,90.0,optimal,38,6.302017000052729,109edf423bbb
S10b_detour_50,88,3299887596,30,180,6.0,0.5,1.8,90.0,optimal,21,5.774821000159136,109edf423bbb
S10b_detour_50,89,2963828015,30,180,6.0,0.5,1.8,90.0,optimal,47,7.515954999917085,109edf423bbb
S10b_detour_50,90,3116992369,30,180,6.0,0.5,1.8,90.0,optimal,27,4.436454999904527,109edf423bbb
S10b_detour_50,91,2780932788,30,180,6.0,0.5,1.8,90.0,optimal,60,7.368492000068727,109edf423bbb
S10b_detour_50,92,1591934344,30,180,6.0,0.5,1.8,90.0,optimal,67,12.12923499997487,109edf423bbb
S10b_detour_50,93,1776219669,30,180,6.0,0.5,1.8,90.0,optimal,60,7.067533000054027,109edf423bbb
S10b_detour_50,94,2917600100,30,180,6.0,0.5,1.8,90.0,optimal,30,6.510638000008839,109edf423bbb
S10b_detour_50,95,3220463184,30,180,6.0,0.5,1.8,90.0,optimal,54,7.863028999963717,109edf423bbb
S10b_detour_50,96,2884403603,30,180,6.0,0.5,1.8,90.0,optimal,35,6.6244409999853815,109edf423bbb
S10b_detour_50,97,3484172921,30,180,6.0,0.5,1.8,90.0,optimal,40,8.308941999985109,109edf423bbb
S10b_detour_50,98,1672748854,30,180,6.0,0.5,1.8,90.0,optimal,33,5.742384999848582,109edf423bbb
S10b_detour_50,99,3659993580,30,180,6.0,0.5,1.8,90.0,optimal,46,8.699422999825401,109edf423bbb
