scenario_id,instance_id,truck_id,truck_type,truck_capacity_kg,truck_capacity_m3,base_fuel_l_per_100km,load_fuel_coeff,truck_current_node,truck_current_lat,truck_current_lon,home_node,home_lat,home_lon,available_from_hr,must_return_by_hr,driving_hours_used,driver_id,direct_return_km,direct_return_min
S0_base,0,T0000_000,RIGID_16T,16000,52.0,26.0,0.72,VLR,12.9165,79.1325,ORG,12.81,79.95,7.913,15.108,4.577,D0000_000,111.76,139.7
S0_base,0,T0000_001,RIGID_9T,9000,34.0,21.0,0.85,KGI,12.5186,78.2137,DPI,12.1211,78.1583,8.233,14.414,5.771,D0000_001,60.22,75.28
S0_base,0,T0000_002,LCV_3T,3000,14.0,14.0,1.1,ERD,11.341,77.7172,KRR,10.9601,78.0766,13.348,19.429,6.326,D0000_002,72.15,90.18
S0_base,0,T0000_003,LCV_3T,3000,14.0,14.0,1.1,VLR,12.9165,79.1325,GMD,13.4084,80.1082,6.272,12.134,5.514,D0000_003,148.7,185.88
S0_base,0,T0000_004,RIGID_9T,9000,34.0,21.0,0.85,TRY,10.7905,78.7047,CDL,11.748,79.7714,8.612,16.88,3.488,D0000_004,197.12,246.39
S0_base,0,T0000_005,LCV_3T,3000,14.0,14.0,1.1,KGI,12.5186,78.2137,CDL,11.748,79.7714,14.447,22.128,3.994,D0000_005,237.23,258.79
S0_base,0,T0000_006,RIGID_16T,16000,52.0,26.0,0.72,MYS,12.2958,76.6394,MLR,12.9141,74.856,13.198,20.925,4.422,D0000_006,242.34,264.37
S0_base,0,T0000_007,LCV_3T,3000,14.0,14.0,1.1,MDU,9.9252,78.1198,SLM,11.6643,78.146,5.274,14.983,2.988,D0000_007,241.75,263.73
S0_base,0,T0000_008,RIGID_9T,9000,34.0,21.0,0.85,TPT,13.6288,79.4192,GMD,13.4084,80.1082,10.386,16.271,6.128,D0000_008,98.02,122.53
S0_base,0,T0000_009,RIGID_9T,9000,34.0,21.0,0.85,ORG,12.81,79.95,CHN,13.0827,80.2707,11.167,16.283,7.124,D0000_009,62.27,77.83
S0_base,0,T0000_010,RIGID_9T,9000,34.0,21.0,0.85,VLR,12.9165,79.1325,ORG,12.81,79.95,6.753,12.393,5.562,D0000_010,111.76,139.7
S0_base,0,T0000_011,RIGID_9T,9000,34.0,21.0,0.85,CDL,11.748,79.7714,ORG,12.81,79.95,5.124,11.546,4.954,D0000_011,149.59,186.99
S0_base,0,T0000_012,LCV_3T,3000,14.0,14.0,1.1,VLR,12.9165,79.1325,SPB,12.9675,79.943,14.582,20.518,5.539,D0000_012,110.02,137.53
S0_base,0,T0000_013,RIGID_9T,9000,34.0,21.0,0.85,RNP,12.9249,79.3308,ORG,12.81,79.95,12.964,20.051,5.699,D0000_013,85.41,106.76
S0_base,0,T0000_014,RIGID_9T,9000,34.0,21.0,0.85,GMD,13.4084,80.1082,ORG,12.81,79.95,7.648,12.766,6.759,D0000_014,85.89,107.36
S0_base,0,T0000_015,LCV_3T,3000,14.0,14.0,1.1,CTR,13.2172,79.1003,CDL,11.748,79.7714,6.225,14.025,4.013,D0000_015,223.6,243.92
S0_base,0,T0000_016,RIGID_16T,16000,52.0,26.0,0.72,ERD,11.341,77.7172,SLM,11.6643,78.146,14.257,19.153,7.339,D0000_016,73.69,92.11
S0_base,0,T0000_017,LCV_3T,3000,14.0,14.0,1.1,KGI,12.5186,78.2137,BID,12.7942,77.3854,10.388,17.443,5.238,D0000_017,118.68,148.35
S0_base,0,T0000_018,RIGID_9T,9000,34.0,21.0,0.85,ONG,15.5057,80.0499,GMD,13.4084,80.1082,11.847,21.89,2.556,D0000_018,275.29,300.31
S0_base,0,T0000_019,ARTIC_25T,25000,78.0,31.0,0.62,BID,12.7942,77.3854,SLM,11.6643,78.146,10.323,17.071,4.925,D0000_019,187.99,234.98
S0_base,0,T0000_020,ARTIC_25T,25000,78.0,31.0,0.62,TNJ,10.787,79.1378,CDL,11.748,79.7714,8.671,16.384,3.489,D0000_020,159.06,198.83
S0_base,0,T0000_021,RIGID_16T,16000,52.0,26.0,0.72,KGI,12.5186,78.2137,SLM,11.6643,78.146,12.83,18.249,6.1,D0000_021,119.1,148.87
S0_base,0,T0000_022,LCV_3T,3000,14.0,14.0,1.1,HSR,12.7409,77.8253,BID,12.7942,77.3854,12.756,17.253,7.622,D0000_022,64.9,81.12
S0_base,0,T0000_023,ARTIC_25T,25000,78.0,31.0,0.62,NLR,14.4426,79.9865,GMD,13.4084,80.1082,10.301,16.67,5.961,D0000_023,144.68,180.85
S0_base,0,T0000_024,RIGID_9T,9000,34.0,21.0,0.85,SLM,11.6643,78.146,PDY,11.9416,79.8083,14.561,23.074,4.245,D0000_024,229.42,250.28
S0_base,0,T0000_025,RIGID_9T,9000,34.0,21.0,0.85,TPT,13.6288,79.4192,CDL,11.748,79.7714,6.447,15.388,2.306,D0000_025,250.86,273.67
S0_base,0,T0000_026,ARTIC_25T,25000,78.0,31.0,0.62,TUM,13.3379,77.1173,KGI,12.5186,78.2137,12.203,20.622,3.253,D0000_026,187.16,233.95
S0_base,0,T0000_027,LCV_3T,3000,14.0,14.0,1.1,CTR,13.2172,79.1003,ORG,12.81,79.95,10.307,17.001,4.867,D0000_027,128.24,160.29
S0_base,0,T0000_028,RIGID_16T,16000,52.0,26.0,0.72,KGI,12.5186,78.2137,TRP,11.1085,77.3411,6.35,14.451,4.211,D0000_028,229.14,249.98
S0_base,0,T0000_029,RIGID_16T,16000,52.0,26.0,0.72,BLR,12.9716,77.5946,RNP,12.9249,79.3308,5.469,15.532,2.729,D0000_029,235.27,256.66
S0_base,1,T0001_000,RIGID_9T,9000,34.0,21.0,0.85,SLM,11.6643,78.146,SPB,12.9675,79.943,13.54,22.945,3.352,D0001_000,286.88,312.96
S0_base,1,T0001_001,ARTIC_25T,25000,78.0,31.0,0.62,BLR,12.9716,77.5946,TRP,11.1085,77.3411,14.562,21.509,4.471,D0001_001,246.61,269.03
S0_base,1,T0001_002,RIGID_16T,16000,52.0,26.0,0.72,DPI,12.1211,78.1583,ORG,12.81,79.95,11.561,19.594,4.165,D0001_002,246.7,269.13
S0_base,1,T0001_003,RIGID_16T,16000,52.0,26.0,0.72,NMK,11.2189,78.1674,VLR,12.9165,79.1325,12.535,21.261,2.511,D0001_003,254.85,278.02
S0_base,1,T0001_004,RIGID_9T,9000,34.0,21.0,0.85,TRY,10.7905,78.7047,SLM,11.6643,78.146,5.078,13.301,3.965,D0001_004,143.36,179.2
S0_base,1,T0001_005,RIGID_16T,16000,52.0,26.0,0.72,DPI,12.1211,78.1583,RNP,12.9249,79.3308,6.859,15.266,4.016,D0001_005,194.4,243.0
S0_base,1,T0001_006,RIGID_16T,16000,52.0,26.0,0.72,NLR,14.4426,79.9865,KPM,12.8342,79.7036,11.442,18.894,4.799,D0001_006,226.8,247.42
S0_base,1,T0001_007,RIGID_9T,9000,34.0,21.0,0.85,TRP,11.1085,77.3411,ERD,11.341,77.7172,14.44,19.107,7.065,D0001_007,65.46,81.82
S0_base,1,T0001_008,RIGID_16T,16000,52.0,26.0,0.72,MDU,9.9252,78.1198,DPI,12.1211,78.1583,7.13,17.92,1.6,D0001_008,288.17,314.36
S0_base,1,T0001_009,RIGID_9T,9000,34.0,21.0,0.85,HSR,12.7409,77.8253,KGI,12.5186,78.2137,10.882,16.139,6.529,D0001_009,65.96,82.45
S0_base,1,T0001_010,RIGID_9T,9000,34.0,21.0,0.85,DGL,10.3624,77.9695,CBE,11.0168,76.9558,10.087,19.166,3.581,D0001_010,165.66,207.07
S0_base,1,T0001_011,LCV_3T,3000,14.0,14.0,1.1,TPT,13.6288,79.4192,CHN,13.0827,80.2707,6.688,14.059,4.54,D0001_011,137.92,172.4
S0_base,1,T0001_012,RIGID_9T,9000,34.0,21.0,0.85,NLM,13.0996,77.3936,HSR,12.7409,77.8253,8.726,15.391,5.946,D0001_012,76.85,96.06
S0_base,1,T0001_013,LCV_3T,3000,14.0,14.0,1.1,TRP,11.1085,77.3411,KCH,9.9312,76.2673,12.526,19.0,4.74,D0001_013,219.8,239.78
S0_base,1,T0001_014,RIGID_9T,9000,34.0,21.0,0.85,DGL,10.3624,77.9695,KRR,10.9601,78.0766,5.865,12.265,5.243,D0001_014,84.35,105.44
S0_base,1,T0001_015,LCV_3T,3000,14.0,14.0,1.1,DPI,12.1211,78.1583,CHN,13.0827,80.2707,9.609,19.697,2.655,D0001_015,298.47,325.6
S0_base,1,T0001_016,RIGID_9T,9000,34.0,21.0,0.85,KGI,12.5186,78.2137,BLR,12.9716,77.5946,14.647,21.699,5.008,D0001_016,104.92,131.15
S0_base,1,T0001_017,ARTIC_25T,25000,78.0,31.0,0.62,BID,12.7942,77.3854,CBE,11.0168,76.9558,11.728,21.106,3.331,D0001_017,239.65,261.43
S0_base,1,T0001_018,LCV_3T,3000,14.0,14.0,1.1,BLR,12.9716,77.5946,DPI,12.1211,78.1583,5.044,11.137,6.01,D0001_018,140.8,176.0
S0_base,1,T0001_019,LCV_3T,3000,14.0,14.0,1.1,SLM,11.6643,78.146,RNP,12.9249,79.3308,8.074,15.958,3.979,D0001_019,237.88,259.51
S0_base,1,T0001_020,RIGID_9T,9000,34.0,21.0,0.85,HSR,12.7409,77.8253,RNP,12.9249,79.3308,6.647,14.864,4.272,D0001_020,205.62,224.32
S0_base,1,T0001_021,RIGID_9T,9000,34.0,21.0,0.85,KGI,12.5186,78.2137,HSR,12.7409,77.8253,6.983,13.678,5.701,D0001_021,65.96,82.45
S0_base,1,T0001_022,LCV_3T,3000,14.0,14.0,1.1,SLM,11.6643,78.146,PDY,11.9416,79.8083,11.309,18.845,4.813,D0001_022,229.42,250.28
S0_base,1,T0001_023,RIGID_16T,16000,52.0,26.0,0.72,DPI,12.1211,78.1583,KGI,12.5186,78.2137,8.443,14.05,5.597,D0001_023,60.22,75.28
S0_base,1,T0001_024,LCV_3T,3000,14.0,14.0,1.1,KGI,12.5186,78.2137,SLM,11.6643,78.146,13.934,21.04,5.163,D0001_024,119.1,148.87
S0_base,1,T0001_025,RIGID_16T,16000,52.0,26.0,0.72,KGI,12.5186,78.2137,SPB,12.9675,79.943,6.662,14.739,3.837,D0001_025,242.6,264.66
S0_base,1,T0001_026,RIGID_16T,16000,52.0,26.0,0.72,CTR,13.2172,79.1003,CHN,13.0827,80.2707,5.312,12.509,4.607,D0001_026,159.51,199.39
S0_base,1,T0001_027,RIGID_9T,9000,34.0,21.0,0.85,RNP,12.9249,79.3308,GMD,13.4084,80.1082,11.382,18.376,5.799,D0001_027,124.84,156.06
S0_base,1,T0001_028,ARTIC_25T,25000,78.0,31.0,0.62,SLM,11.6643,78.146,KPM,12.8342,79.7036,9.52,17.815,4.405,D0001_028,251.89,274.79
S0_base,1,T0001_029,RIGID_16T,16000,52.0,26.0,0.72,VLR,12.9165,79.1325,CDL,11.748,79.7714,9.306,16.768,4.096,D0001_029,184.13,230.16
S0_base,2,T0002_000,RIGID_9T,9000,34.0,21.0,0.85,BID,12.7942,77.3854,SLM,11.6643,78.146,6.84,14.356,4.74,D0002_000,187.99,234.98
S0_base,2,T0002_001,RIGID_16T,16000,52.0,26.0,0.72,PDY,11.9416,79.8083,SLM,11.6643,78.146,9.019,15.875,4.679,D0002_001,229.42,250.28
S0_base,2,T0002_002,RIGID_16T,16000,52.0,26.0,0.72,TPT,13.6288,79.4192,KPM,12.8342,79.7036,14.689,20.901,5.918,D0002_002,116.96,146.2
S0_base,2,T0002_003,RIGID_9T,9000,34.0,21.0,0.85,NLM,13.0996,77.3936,RNP,12.9249,79.3308,8.235,15.458,4.237,D0002_003,248.71,271.32
S0_base,2,T0002_004,RIGID_16T,16000,52.0,26.0,0.72,HSR,12.7409,77.8253,ORG,12.81,79.95,12.71,21.183,2.841,D0002_004,272.03,296.76
S0_base,2,T0002_005,RIGID_9T,9000,34.0,21.0,0.85,VLR,12.9165,79.1325,SPB,12.9675,79.943,7.528,13.486,5.52,D0002_005,110.02,137.53
S0_base,2,T0002_006,RIGID_16T,16000,52.0,26.0,0.72,MYS,12.2958,76.6394,NMK,11.2189,78.1674,14.551,23.741,2.56,D0002_006,241.85,263.84
S0_base,2,T0002_007,RIGID_16T,16000,52.0,26.0,0.72,SLM,11.6643,78.146,ERD,11.341,77.7172,6.179,12.535,6.085,D0002_007,73.69,92.11
S0_base,2,T0002_008,RIGID_16T,16000,52.0,26.0,0.72,DPI,12.1211,78.1583,CDL,11.748,79.7714,8.311,15.964,4.051,D0002_008,225.41,245.9
S0_base,2,T0002_009,ARTIC_25T,25000,78.0,31.0,0.62,TPT,13.6288,79.4192,CHN,13.0827,80.2707,8.559,15.145,4.695,D0002_009,137.92,172.4
S0_base,2,T0002_010,ARTIC_25T,25000,78.0,31.0,0.62,GMD,13.4084,80.1082,RNP,12.9249,79.3308,13.43,19.551,5.948,D0002_010,124.84,156.06
S0_base,2,T0002_011,LCV_3T,3000,14.0,14.0,1.1,BID,12.7942,77.3854,HSR,12.7409,77.8253,14.176,18.417,7.496,D0002_011,64.9,81.12
S0_base,2,T0002_012,LCV_3T,3000,14.0,14.0,1.1,KGI,12.5186,78.2137,SPB,12.9675,79.943,8.858,16.361,3.765,D0002_012,242.6,264.66
S0_base,2,T0002_013,RIGID_16T,16000,52.0,26.0,0.72,BLR,12.9716,77.5946,KPM,12.8342,79.7036,11.644,20.22,3.415,D0002_013,270.34,294.91
S0_base,2,T0002_014,LCV_3T,3000,14.0,14.0,1.1,HSR,12.7409,77.8253,RNP,12.9249,79.3308,7.749,15.789,4.282,D0002_014,205.62,224.32
S0_base,2,T0002_015,LCV_3T,3000,14.0,14.0,1.1,SPB,12.9675,79.943,GMD,13.4084,80.1082,8.039,12.768,6.63,D0002_015,65.23,81.54
S0_base,2,T0002_016,LCV_3T,3000,14.0,14.0,1.1,RNP,12.9249,79.3308,ORG,12.81,79.95,6.686,11.94,5.957,D0002_016,85.41,106.76
S0_base,2,T0002_017,RIGID_9T,9000,34.0,21.0,0.85,CTR,13.2172,79.1003,SPB,12.9675,79.943,14.124,21.88,4.344,D0002_017,119.25,149.06
S0_base,2,T0002_018,RIGID_9T,9000,34.0,21.0,0.85,KGI,12.5186,78.2137,TRY,10.7905,78.7047,5.086,13.519,3.111,D0002_018,249.32,271.99
S0_base,2,T0002_019,LCV_3T,3000,14.0,14.0,1.1,HSR,12.7409,77.8253,NLM,13.0996,77.3936,8.201,12.535,7.1,D0002_019,76.85,96.06
S0_base,2,T0002_020,LCV_3T,3000,14.0,14.0,1.1,TPT,13.6288,79.4192,SPB,12.9675,79.943,11.412,18.156,5.183,D0002_020,116.05,145.07
S0_base,2,T0002_021,RIGID_9T,9000,34.0,21.0,0.85,ORG,12.81,79.95,CHN,13.0827,80.2707,9.302,14.687,6.447,D0002_021,62.27,77.83
S0_base,2,T0002_022,RIGID_9T,9000,34.0,21.0,0.85,CDL,11.748,79.7714,GMD,13.4084,80.1082,11.356,19.898,2.692,D0002_022,235.26,256.65
S0_base,2,T0002_023,LCV_3T,3000,14.0,14.0,1.1,BID,12.7942,77.3854,KGI,12.5186,78.2137,8.4,14.199,5.677,D0002_023,118.68,148.35
S0_base,2,T0002_024,RIGID_9T,9000,34.0,21.0,0.85,TRP,11.1085,77.3411,BLR,12.9716,77.5946,14.204,22.531,4.088,D0002_024,246.61,269.03
S0_base,2,T0002_025,RIGID_16T,16000,52.0,26.0,0.72,KPM,12.8342,79.7036,CHN,13.0827,80.2707,7.109,12.307,6.273,D0002_025,84.22,105.28
S0_base,2,T0002_026,RIGID_9T,9000,34.0,21.0,0.85,CHN,13.0827,80.2707,ORG,12.81,79.95,10.158,14.877,7.142,D0002_026,62.27,77.83
S0_base,2,T0002_027,RIGID_9T,9000,34.0,21.0,0.85,ORG,12.81,79.95,GMD,13.4084,80.1082,6.327,12.74,5.915,D0002_027,85.89,107.36
S0_base,2,T0002_028,LCV_3T,3000,14.0,14.0,1.1,BLR,12.9716,77.5946,TUM,13.3379,77.1173,10.331,16.949,5.624,D0002_028,82.25,102.82
S0_base,2,T0002_029,RIGID_16T,16000,52.0,26.0,0.72,TPT,13.6288,79.4192,ORG,12.81,79.95,7.392,15.058,4.943,D0002_029,134.58,168.22
S0_base,3,T0003_000,RIGID_9T,9000,34.0,21.0,0.85,KGI,12.5186,78.2137,HSR,12.7409,77.8253,13.625,18.776,6.803,D0003_000,65.96,82.45
S0_base,3,T0003_001,LCV_3T,3000,14.0,14.0,1.1,DPI,12.1211,78.1583,CTR,13.2172,79.1003,11.622,20.162,3.745,D0003_001,198.82,248.52
S0_base,3,T0003_002,LCV_3T,3000,14.0,14.0,1.1,TRP,11.1085,77.3411,NLM,13.0996,77.3936,11.622,20.435,3.452,D0003_002,261.34,285.1
S0_base,3,T0003_003,RIGID_9T,9000,34.0,21.0,0.85,DPI,12.1211,78.1583,SLM,11.6643,78.146,5.251,10.367,7.335,D0003_003,63.51,79.39
S0_base,3,T0003_004,RIGID_16T,16000,52.0,26.0,0.72,CTR,13.2172,79.1003,SPB,12.9675,79.943,11.079,16.9,5.55,D0003_004,119.25,149.06
S0_base,3,T0003_005,ARTIC_25T,25000,78.0,31.0,0.62,HSR,12.7409,77.8253,DPI,12.1211,78.1583,8.644,15.158,4.942,D0003_005,97.29,121.61
S0_base,3,T0003_006,RIGID_9T,9000,34.0,21.0,0.85,NLM,13.0996,77.3936,VLR,12.9165,79.1325,6.452,15.315,2.937,D0003_006,236.86,258.4
S0_base,3,T0003_007,ARTIC_25T,25000,78.0,31.0,0.62,TUM,13.3379,77.1173,MLR,12.9141,74.856,11.167,20.316,3.095,D0003_007,294.25,321.0
S0_base,3,T0003_008,RIGID_9T,9000,34.0,21.0,0.85,SLM,11.6643,78.146,DPI,12.1211,78.1583,6.75,11.877,6.824,D0003_008,63.51,79.39
S0_base,3,T0003_009,LCV_3T,3000,14.0,14.0,1.1,VLR,12.9165,79.1325,SPB,12.9675,79.943,14.686,20.507,5.468,D0003_009,110.02,137.53
S0_base,3,T0003_010,RIGID_16T,16000,52.0,26.0,0.72,ERD,11.341,77.7172,TRP,11.1085,77.3411,12.654,18.152,6.351,D0003_010,65.46,81.82
S0_base,3,T0003_011,RIGID_16T,16000,52.0,26.0,0.72,TPT,13.6288,79.4192,BLR,12.9716,77.5946,14.117,21.307,4.097,D0003_011,248.43,271.01
S0_base,3,T0003_012,RIGID_9T,9000,34.0,21.0,0.85,MYS,12.2958,76.6394,TRP,11.1085,77.3411,9.761,18.673,3.521,D0003_012,190.67,238.34
S0_base,3,T0003_013,RIGID_9T,9000,34.0,21.0,0.85,RNP,12.9249,79.3308,SPB,12.9675,79.943,8.176,12.804,6.651,D0003_013,83.14,103.93
S0_base,3,T0003_014,RIGID_16T,16000,52.0,26.0,0.72,SLM,11.6643,78.146,DPI,12.1211,78.1583,12.549,19.197,5.578,D0003_014,63.51,79.39
S0_base,3,T0003_015,ARTIC_25T,25000,78.0,31.0,0.62,DGL,10.3624,77.9695,MDU,9.9252,78.1198,5.992,11.508,6.777,D0003_015,64.15,80.19
S0_base,3,T0003_016,RIGID_16T,16000,52.0,26.0,0.72,KGI,12.5186,78.2137,HSR,12.7409,77.8253,6.232,10.572,7.458,D0003_016,65.96,82.45
S0_base,3,T0003_017,RIGID_9T,9000,34.0,21.0,0.85,KRR,10.9601,78.0766,TTN,8.7642,78.1348,9.644,17.684,3.728,D0003_017,288.22,314.42
S0_base,3,T0003_018,LCV_3T,3000,14.0,14.0,1.1,BLR,12.9716,77.5946,KGI,12.5186,78.2137,7.764,13.666,5.598,D0003_018,104.92,131.15
S0_base,3,T0003_019,RIGID_16T,16000,52.0,26.0,0.72,SPB,12.9675,79.943,GMD,13.4084,80.1082,6.984,14.007,5.459,D0003_019,65.23,81.54
S0_base,3,T0003_020,LCV_3T,3000,14.0,14.0,1.1,CBE,11.0168,76.9558,ERD,11.341,77.7172,12.449,19.26,4.589,D0003_020,113.18,141.47
S0_base,3,T0003_021,RIGID_16T,16000,52.0,26.0,0.72,SLM,11.6643,78.146,KPM,12.8342,79.7036,6.066,14.804,3.631,D0003_021,251.89,274.79
S0_base,3,T0003_022,RIGID_16T,16000,52.0,26.0,0.72,CHN,13.0827,80.2707,ORG,12.81,79.95,12.212,18.009,5.66,D0003_022,62.27,77.83
S0_base,3,T0003_023,RIGID_16T,16000,52.0,26.0,0.72,MDU,9.9252,78.1198,TTN,8.7642,78.1348,11.608,18.951,3.992,D0003_023,161.38,201.73
S0_base,3,T0003_024,RIGID_9T,9000,34.0,21.0,0.85,TPT,13.6288,79.4192,CHN,13.0827,80.2707,6.487,12.473,5.928,D0003_024,137.92,172.4
S0_base,3,T0003_025,RIGID_16T,16000,52.0,26.0,0.72,KGI,12.5186,78.2137,ORG,12.81,79.95,8.695,16.301,3.897,D0003_025,238.92,260.64
S0_base,3,T0003_026,RIGID_9T,9000,34.0,21.0,0.85,TRP,11.1085,77.3411,KGI,12.5186,78.2137,8.916,16.382,4.676,D0003_026,229.14,249.98
S0_base,3,T0003_027,RIGID_9T,9000,34.0,21.0,0.85,CHN,13.0827,80.2707,KPM,12.8342,79.7036,13.293,20.443,5.258,D0003_027,84.22,105.28
S0_base,3,T0003_028,RIGID_16T,16000,52.0,26.0,0.72,KGI,12.5186,78.2137,ERD,11.341,77.7172,11.705,19.281,3.643,D0003_028,177.06,221.32
S0_base,3,T0003_029,LCV_3T,3000,14.0,14.0,1.1,HSR,12.7409,77.8253,CDL,11.748,79.7714,11.511,21.329,2.105,D0003_029,281.5,307.09
S0_base,4,T0004_000,RIGID_16T,16000,52.0,26.0,0.72,NGC,8.1833,77.4119,TTN,8.7642,78.1348,11.736,17.648,6.051,D0004_000,128.05,160.06
S0_base,4,T0004_001,RIGID_16T,16000,52.0,26.0,0.72,HSR,12.7409,77.8253,RNP,12.9249,79.3308,9.482,18.049,3.659,D0004_001,205.62,224.32
S0_base,4,T0004_002,RIGID_9T,9000,34.0,21.0,0.85,GNT,16.3067,80.4365,NLR,14.4426,79.9865,14.711,23.456,3.032,D0004_002,251.13,273.96
S0_base,4,T0004_003,ARTIC_25T,25000,78.0,31.0,0.62,SLM,11.6643,78.146,TRP,11.1085,77.3411,10.293,16.717,5.758,D0004_003,134.15,167.69
S0_base,4,T0004_004,ARTIC_25T,25000,78.0,31.0,0.62,DPI,12.1211,78.1583,DGL,10.3624,77.9695,5.88,15.258,3.289,D0004_004,245.8,268.15
S0_base,4,T0004_005,ARTIC_25T,25000,78.0,31.0,0.62,TRP,11.1085,77.3411,ERD,11.341,77.7172,5.058,9.867,6.833,D0004_005,65.46,81.82
S0_base,4,T0004_006,RIGID_16T,16000,52.0,26.0,0.72,VLR,12.9165,79.1325,ORG,12.81,79.95,6.266,13.681,4.754,D0004_006,111.76,139.7
S0_base,4,T0004_007,LCV_3T,3000,14.0,14.0,1.1,CTR,13.2172,79.1003,BID,12.7942,77.3854,14.805,23.728,3.306,D0004_007,239.57,261.35
S0_base,4,T0004_008,RIGID_16T,16000,52.0,26.0,0.72,HSR,12.7409,77.8253,SPB,12.9675,79.943,7.094,14.974,3.332,D0004_008,272.53,297.3
S0_base,4,T0004_009,RIGID_9T,9000,34.0,21.0,0.85,KGI,12.5186,78.2137,SPB,12.9675,79.943,10.977,19.393,3.75,D0004_009,242.6,264.66
S0_base,4,T0004_010,RIGID_9T,9000,34.0,21.0,0.85,CHN,13.0827,80.2707,PDY,11.9416,79.8083,10.15,16.884,4.482,D0004_010,170.57,213.21
S0_base,4,T0004_011,RIGID_16T,16000,52.0,26.0,0.72,CDL,11.748,79.7714,ORG,12.81,79.95,5.369,11.885,5.617,D0004_011,149.59,186.99
S0_base,4,T0004_012,RIGID_16T,16000,52.0,26.0,0.72,VLR,12.9165,79.1325,ORG,12.81,79.95,10.419,16.662,6.176,D0004_012,111.76,139.7
S0_base,4,T0004_013,LCV_3T,3000,14.0,14.0,1.1,SLM,11.6643,78.146,TRY,10.7905,78.7047,8.589,16.168,4.516,D0004_013,143.36,179.2
S0_base,4,T0004_014,LCV_3T,3000,14.0,14.0,1.1,TPT,13.6288,79.4192,RNP,12.9249,79.3308,5.832,12.245,5.118,D0004_014,98.57,123.21
S0_base,4,T0004_015,RIGID_16T,16000,52.0,26.0,0.72,CDL,11.748,79.7714,RNP,12.9249,79.3308,13.278,21.381,3.753,D0004_015,174.18,217.72
S0_base,4,T0004_016,RIGID_9T,9000,34.0,21.0,0.85,KGI,12.5186,78.2137,ORG,12.81,79.95,14.813,22.725,3.641,D0004_016,238.92,260.64
S0_base,4,T0004_017,LCV_3T,3000,14.0,14.0,1.1,KGI,12.5186,78.2137,TNJ,10.787,79.1378,10.269,18.74,3.456,D0004_017,256.36,279.67
S0_base,4,T0004_018,RIGID_9T,9000,34.0,21.0,0.85,TPT,13.6288,79.4192,GMD,13.4084,80.1082,7.106,13.703,5.626,D0004_018,98.02,122.53
S0_base,4,T0004_019,RIGID_9T,9000,34.0,21.0,0.85,TPT,13.6288,79.4192,CHN,13.0827,80.2707,13.671,19.898,5.633,D0004_019,137.92,172.4
S0_base,4,T0004_020,RIGID_16T,16000,52.0,26.0,0.72,NLR,14.4426,79.9865,CHN,13.0827,80.2707,5.935,12.761,4.816,D0004_020,192.87,241.09
S0_base,4,T0004_021,RIGID_16T,16000,52.0,26.0,0.72,CBE,11.0168,76.9558,TRY,10.7905,78.7047,8.101,16.916,2.616,D0004_021,240.76,262.65
S0_base,4,T0004_022,RIGID_16T,16000,52.0,26.0,0.72,VLR,12.9165,79.1325,ORG,12.81,79.95,14.693,20.853,5.639,D0004_022,111.76,139.7
S0_base,4,T0004_023,ARTIC_25T,25000,78.0,31.0,0.62,SPB,12.9675,79.943,CDL,11.748,79.7714,11.9,19.024,5.116,D0004_023,171.1,213.87
S0_base,4,T0004_024,RIGID_9T,9000,34.0,21.0,0.85,BID,12.7942,77.3854,HSR,12.7409,77.8253,10.43,15.129,7.378,D0004_024,64.9,81.12
S0_base,4,T0004_025,RIGID_16T,16000,52.0,26.0,0.72,CTR,13.2172,79.1003,SPB,12.9675,79.943,9.456,15.052,5.705,D0004_025,119.25,149.06
S0_base,4,T0004_026,RIGID_9T,9000,34.0,21.0,0.85,BLR,12.9716,77.5946,TUM,13.3379,77.1173,14.783,20.39,6.81,D0004_026,82.25,102.82
S0_base,4,T0004_027,RIGID_16T,16000,52.0,26.0,0.72,KRR,10.9601,78.0766,ERD,11.341,77.7172,14.003,20.576,5.882,D0004_027,72.15,90.18
S0_base,4,T0004_028,RIGID_9T,9000,34.0,21.0,0.85,HSR,12.7409,77.8253,KGI,12.5186,78.2137,12.115,17.617,6.181,D0004_028,65.96,82.45
S0_base,4,T0004_029,RIGID_16T,16000,52.0,26.0,0.72,CBE,11.0168,76.9558,KCH,9.9312,76.2673,10.912,17.561,4.612,D0004_029,177.83,222.29
S0_base,5,T0005_000,LCV_3T,3000,14.0,14.0,1.1,SLM,11.6643,78.146,TRP,11.1085,77.3411,6.172,12.941,5.41,D0005_000,134.15,167.69
S0_base,5,T0005_001,ARTIC_25T,25000,78.0,31.0,0.62,VLR,12.9165,79.1325,KPM,12.8342,79.7036,7.098,12.945,6.832,D0005_001,78.22,97.78
S0_base,5,T0005_002,RIGID_9T,9000,34.0,21.0,0.85,TPT,13.6288,79.4192,KPM,12.8342,79.7036,10.339,16.873,5.8,D0005_002,116.96,146.2
S0_base,5,T0005_003,RIGID_16T,16000,52.0,26.0,0.72,KGI,12.5186,78.2137,HSR,12.7409,77.8253,7.542,13.331,5.947,D0005_003,65.96,82.45
S0_base,5,T0005_004,RIGID_9T,9000,34.0,21.0,0.85,ORG,12.81,79.95,GMD,13.4084,80.1082,12.88,18.981,5.82,D0005_004,85.89,107.36
S0_base,5,T0005_005,RIGID_9T,9000,34.0,21.0,0.85,KGI,12.5186,78.2137,ORG,12.81,79.95,6.774,15.936,3.223,D0005_005,238.92,260.64
S0_base,5,T0005_006,RIGID_9T,9000,34.0,21.0,0.85,RNP,12.9249,79.3308,CHN,13.0827,80.2707,11.55,18.873,4.596,D0005_006,129.17,161.46
S0_base,5,T0005_007,ARTIC_25T,25000,78.0,31.0,0.62,TRY,10.7905,78.7047,KRR,10.9601,78.0766,5.53,10.562,6.458,D0005_007,88.92,111.14
S0_base,5,T0005_008,RIGID_9T,9000,34.0,21.0,0.85,CTR,13.2172,79.1003,ORG,12.81,79.95,12.15,20.232,4.289,D0005_008,128.24,160.29
S0_base,5,T0005_009,RIGID_9T,9000,34.0,21.0,0.85,HSR,12.7409,77.8253,NLM,13.0996,77.3936,10.382,15.9,5.833,D0005_009,76.85,96.06
S0_base,5,T0005_010,LCV_3T,3000,14.0,14.0,1.1,SLM,11.6643,78.146,SPB,12.9675,79.943,14.749,24.589,1.649,D0005_010,286.88,312.96
S0_base,5,T0005_011,RIGID_16T,16000,52.0,26.0,0.72,MDU,9.9252,78.1198,TTN,8.7642,78.1348,11.571,18.868,3.956,D0005_011,161.38,201.73
S0_base,5,T0005_012,RIGID_16T,16000,52.0,26.0,0.72,VLR,12.9165,79.1325,CHN,13.0827,80.2707,8.549,15.003,4.889,D0005_012,155.87,194.84
S0_base,5,T0005_013,LCV_3T,3000,14.0,14.0,1.1,KRR,10.9601,78.0766,ERD,11.341,77.7172,10.479,17.093,5.452,D0005_013,72.15,90.18
S0_base,5,T0005_014,ARTIC_25T,25000,78.0,31.0,0.62,NMK,11.2189,78.1674,CBE,11.0168,76.9558,5.065,12.768,4.525,D0005_014,167.61,209.52
S0_base,5,T0005_015,RIGID_9T,9000,34.0,21.0,0.85,NLM,13.0996,77.3936,RNP,12.9249,79.3308,14.497,23.125,2.71,D0005_015,248.71,271.32
S0_base,5,T0005_016,RIGID_16T,16000,52.0,26.0,0.72,VLR,12.9165,79.1325,ORG,12.81,79.95,9.226,15.383,5.467,D0005_016,111.76,139.7
S0_base,5,T0005_017,RIGID_16T,16000,52.0,26.0,0.72,TRY,10.7905,78.7047,CBE,11.0168,76.9558,12.484,21.043,2.87,D0005_017,240.76,262.65
S0_base,5,T0005_018,LCV_3T,3000,14.0,14.0,1.1,TRY,10.7905,78.7047,SLM,11.6643,78.146,6.089,12.327,5.066,D0005_018,143.36,179.2
S0_base,5,T0005_019,RIGID_9T,9000,34.0,21.0,0.85,MDU,9.9252,78.1198,CBE,11.0168,76.9558,6.221,14.581,3.151,D0005_019,219.84,239.83
S0_base,5,T0005_020,RIGID_16T,16000,52.0,26.0,0.72,ATP,14.6819,77.6006,HSR,12.7409,77.8253,8.579,18.136,2.798,D0005_020,256.28,279.58
S0_base,5,T0005_021,RIGID_9T,9000,34.0,21.0,0.85,ERD,11.341,77.7172,TRP,11.1085,77.3411,6.58,11.916,6.016,D0005_021,65.46,81.82
S0_base,5,T0005_022,RIGID_9T,9000,34.0,21.0,0.85,VLR,12.9165,79.1325,GMD,13.4084,80.1082,7.188,14.901,4.887,D0005_022,148.7,185.88
S0_base,5,T0005_023,RIGID_9T,9000,34.0,21.0,0.85,NGC,8.1833,77.4119,TTN,8.7642,78.1348,9.902,15.644,5.758,D0005_023,128.05,160.06
S0_base,5,T0005_024,LCV_3T,3000,14.0,14.0,1.1,BID,12.7942,77.3854,KRR,10.9601,78.0766,5.835,15.286,3.264,D0005_024,256.49,279.81
S0_base,5,T0005_025,RIGID_9T,9000,34.0,21.0,0.85,ORG,12.81,79.95,CHN,13.0827,80.2707,10.501,15.358,6.998,D0005_025,62.27,77.83
S0_base,5,T0005_026,RIGID_9T,9000,34.0,21.0,0.85,BID,12.7942,77.3854,CBE,11.0168,76.9558,12.538,21.896,2.444,D0005_026,239.65,261.43
S0_base,5,T0005_027,RIGID_9T,9000,34.0,21.0,0.85,CTR,13.2172,79.1003,ORG,12.81,79.95,12.966,19.821,5.484,D0005_027,128.24,160.29
S0_base,5,T0005_028,RIGID_16T,16000,52.0,26.0,0.72,TPT,13.6288,79.4192,ORG,12.81,79.95,6.19,13.886,4.538,D0005_028,134.58,168.22
S0_base,5,T0005_029,RIGID_16T,16000,52.0,26.0,0.72,ORG,12.81,79.95,CHN,13.0827,80.2707,8.809,14.735,6.726,D0005_029,62.27,77.83
S0_base,6,T0006_000,RIGID_16T,16000,52.0,26.0,0.72,KGI,12.5186,78.2137,DPI,12.1211,78.1583,5.266,12.097,5.745,D0006_000,60.22,75.28
S0_base,6,T0006_001,ARTIC_25T,25000,78.0,31.0,0.62,MDU,9.9252,78.1198,TTN,8.7642,78.1348,9.969,16.43,4.852,D0006_001,161.38,201.73
S0_base,6,T0006_002,RIGID_16T,16000,52.0,26.0,0.72,SLM,11.6643,78.146,ERD,11.341,77.7172,9.585,14.513,7.465,D0006_002,73.69,92.11
S0_base,6,T0006_003,RIGID_9T,9000,34.0,21.0,0.85,ORG,12.81,79.95,CHN,13.0827,80.2707,9.504,15.86,5.738,D0006_003,62.27,77.83
S0_base,6,T0006_004,RIGID_16T,16000,52.0,26.0,0.72,NMK,11.2189,78.1674,DGL,10.3624,77.9695,9.648,16.324,4.62,D0006_004,122.08,152.6
S0_base,6,T0006_005,RIGID_9T,9000,34.0,21.0,0.85,GMD,13.4084,80.1082,SPB,12.9675,79.943,14.778,19.464,7.61,D0006_005,65.23,81.54
S0_base,6,T0006_006,RIGID_16T,16000,52.0,26.0,0.72,TPT,13.6288,79.4192,VLR,12.9165,79.1325,14.084,20.281,6.23,D0006_006,106.33,132.91
S0_base,6,T0006_007,RIGID_16T,16000,52.0,26.0,0.72,TRP,11.1085,77.3411,KRR,10.9601,78.0766,8.112,14.145,6.079,D0006_007,102.44,128.05
S0_base,6,T0006_008,RIGID_9T,9000,34.0,21.0,0.85,NLR,14.4426,79.9865,KPM,12.8342,79.7036,10.328,18.58,4.267,D0006_008,226.8,247.42
S0_base,6,T0006_009,RIGID_9T,9000,34.0,21.0,0.85,ORG,12.81,79.95,CHN,13.0827,80.2707,11.704,17.047,6.641,D0006_009,62.27,77.83
S0_base,6,T0006_010,RIGID_9T,9000,34.0,21.0,0.85,SLM,11.6643,78.146,RNP,12.9249,79.3308,14.933,22.834,4.314,D0006_010,237.88,259.51
S0_base,6,T0006_011,RIGID_9T,9000,34.0,21.0,0.85,CHN,13.0827,80.2707,RNP,12.9249,79.3308,11.001,16.262,6.243,D0006_011,129.17,161.46
S0_base,6,T0006_012,LCV_3T,3000,14.0,14.0,1.1,ORG,12.81,79.95,CHN,13.0827,80.2707,13.168,18.556,5.924,D0006_012,62.27,77.83
S0_base,6,T0006_013,ARTIC_25T,25000,78.0,31.0,0.62,ERD,11.341,77.7172,KCH,9.9312,76.2673,6.619,15.498,3.799,D0006_013,263.01,286.92
S0_base,6,T0006_014,RIGID_16T,16000,52.0,26.0,0.72,VLR,12.9165,79.1325,ORG,12.81,79.95,12.725,19.412,4.589,D0006_014,111.76,139.7
S0_base,6,T0006_015,RIGID_16T,16000,52.0,26.0,0.72,GMD,13.4084,80.1082,ORG,12.81,79.95,5.731,12.671,5.312,D0006_015,85.89,107.36
S0_base,6,T0006_016,LCV_3T,3000,14.0,14.0,1.1,MDU,9.9252,78.1198,KRR,10.9601,78.0766,6.651,14.009,5.261,D0006_016,143.97,179.96
S0_base,6,T0006_017,RIGID_9T,9000,34.0,21.0,0.85,ORG,12.81,79.95,CHN,13.0827,80.2707,14.094,19.798,6.345,D0006_017,62.27,77.83
S0_base,6,T0006_018,RIGID_9T,9000,34.0,21.0,0.85,TPT,13.6288,79.4192,CHN,13.0827,80.2707,9.69,15.965,5.593,D0006_018,137.92,172.4
S0_base,6,T0006_019,LCV_3T,3000,14.0,14.0,1.1,TPT,13.6288,79.4192,KPM,12.8342,79.7036,8.044,14.109,6.471,D0006_019,116.96,146.2
S0_base,6,T0006_020,ARTIC_25T,25000,78.0,31.0,0.62,BLR,12.9716,77.5946,VLR,12.9165,79.1325,14.499,23.123,4.166,D0006_020,208.47,227.42
S0_base,6,T0006_021,RIGID_16T,16000,52.0,26.0,0.72,BID,12.7942,77.3854,HSR,12.7409,77.8253,8.41,13.374,7.623,D0006_021,64.9,81.12
S0_base,6,T0006_022,RIGID_16T,16000,52.0,26.0,0.72,DPI,12.1211,78.1583,TNJ,10.787,79.1378,10.44,18.755,3.484,D0006_022,228.45,249.22
S0_base,6,T0006_023,RIGID_9T,9000,34.0,21.0,0.85,TPT,13.6288,79.4192,GMD,13.4084,80.1082,14.485,20.204,6.468,D0006_023,98.02,122.53
S0_base,6,T0006_024,RIGID_9T,9000,34.0,21.0,0.85,MDU,9.9252,78.1198,TTN,8.7642,78.1348,14.478,22.011,5.117,D0006_024,161.38,201.73
S0_base,6,T0006_025,RIGID_16T,16000,52.0,26.0,0.72,TUM,13.3379,77.1173,BLR,12.9716,77.5946,10.973,16.323,6.627,D0006_025,82.25,102.82
S0_base,6,T0006_026,RIGID_9T,9000,34.0,21.0,0.85,KRR,10.9601,78.0766,SLM,11.6643,78.146,9.07,14.813,6.421,D0006_026,98.34,122.92
S0_base,6,T0006_027,RIGID_9T,9000,34.0,21.0,0.85,NGC,8.1833,77.4119,MDU,9.9252,78.1198,5.292,14.482,3.571,D0006_027,246.27,268.66
S0_base,6,T0006_028,RIGID_9T,9000,34.0,21.0,0.85,KGI,12.5186,78.2137,SPB,12.9675,79.943,5.384,15.32,2.502,D0006_028,242.6,264.66
S0_base,6,T0006_029,RIGID_9T,9000,34.0,21.0,0.85,CHN,13.0827,80.2707,ORG,12.81,79.95,9.922,14.831,6.937,D0006_029,62.27,77.83
S0_base,7,T0007_000,RIGID_9T,9000,34.0,21.0,0.85,SLM,11.6643,78.146,KPM,12.8342,79.7036,10.285,18.549,3.278,D0007_000,251.89,274.79
S0_base,7,T0007_001,RIGID_16T,16000,52.0,26.0,0.72,KPM,12.8342,79.7036,CHN,13.0827,80.2707,5.173,11.843,5.564,D0007_001,84.22,105.28
S0_base,7,T0007_002,RIGID_16T,16000,52.0,26.0,0.72,TUM,13.3379,77.1173,RNP,12.9249,79.3308,10.98,19.299,3.053,D0007_002,287.98,314.16
S0_base,7,T0007_003,RIGID_9T,9000,34.0,21.0,0.85,CBE,11.0168,76.9558,KCH,9.9312,76.2673,7.641,14.664,4.337,D0007_003,177.83,222.29
S0_base,7,T0007_004,RIGID_16T,16000,52.0,26.0,0.72,CTR,13.2172,79.1003,ORG,12.81,79.95,6.281,14.376,4.246,D0007_004,128.24,160.29
S0_base,7,T0007_005,RIGID_9T,9000,34.0,21.0,0.85,TPT,13.6288,79.4192,BLR,12.9716,77.5946,12.012,21.049,2.723,D0007_005,248.43,271.01
S0_base,7,T0007_006,LCV_3T,3000,14.0,14.0,1.1,ORG,12.81,79.95,CHN,13.0827,80.2707,11.016,15.437,7.395,D0007_006,62.27,77.83
S0_base,7,T0007_007,RIGID_16T,16000,52.0,26.0,0.72,ERD,11.341,77.7172,SLM,11.6643,78.146,9.735,14.805,6.457,D0007_007,73.69,92.11
S0_base,7,T0007_008,RIGID_9T,9000,34.0,21.0,0.85,TUM,13.3379,77.1173,HSR,12.7409,77.8253,10.491,17.172,5.702,D0007_008,126.79,158.49
S0_base,7,T0007_009,RIGID_9T,9000,34.0,21.0,0.85,CTR,13.2172,79.1003,SPB,12.9675,79.943,7.78,15.101,4.99,D0007_009,119.25,149.06
S0_base,7,T0007_010,LCV_3T,3000,14.0,14.0,1.1,ONG,15.5057,80.0499,VJA,16.5062,80.648,12.995,20.38,4.676,D0007_010,160.39,200.48
S0_base,7,T0007_011,ARTIC_25T,25000,78.0,31.0,0.62,CBE,11.0168,76.9558,DPI,12.1211,78.1583,13.881,22.958,3.106,D0007_011,224.43,244.84
S0_base,7,T0007_012,RIGID_9T,9000,34.0,21.0,0.85,TPT,13.6288,79.4192,SPB,12.9675,79.943,14.873,22.094,5.154,D0007_012,116.05,145.07
S0_base,7,T0007_013,RIGID_9T,9000,34.0,21.0,0.85,VLR,12.9165,79.1325,SPB,12.9675,79.943,14.498,21.387,5.697,D0007_013,110.02,137.53
S0_base,7,T0007_014,ARTIC_25T,25000,78.0,31.0,0.62,TPT,13.6288,79.4192,CHN,13.0827,80.2707,5.591,12.947,4.402,D0007_014,137.92,172.4
S0_base,7,T0007_015,ARTIC_25T,25000,78.0,31.0,0.62,TPT,13.6288,79.4192,CHN,13.0827,80.2707,13.624,20.26,4.987,D0007_015,137.92,172.4
S0_base,7,T0007_016,RIGID_9T,9000,34.0,21.0,0.85,DPI,12.1211,78.1583,SLM,11.6643,78.146,13.024,19.17,6.293,D0007_016,63.51,79.39
S0_base,7,T0007_017,ARTIC_25T,25000,78.0,31.0,0.62,TPT,13.6288,79.4192,SPB,12.9675,79.943,6.209,12.806,4.731,D0007_017,116.05,145.07
S0_base,7,T0007_018,RIGID_9T,9000,34.0,21.0,0.85,KPM,12.8342,79.7036,CHN,13.0827,80.2707,5.011,10.611,6.614,D0007_018,84.22,105.28
S0_base,7,T0007_019,RIGID_16T,16000,52.0,26.0,0.72,VLR,12.9165,79.1325,ORG,12.81,79.95,11.681,19.14,4.85,D0007_019,111.76,139.7
S0_base,7,T0007_020,ARTIC_25T,25000,78.0,31.0,0.62,CBE,11.0168,76.9558,KCH,9.9312,76.2673,5.742,13.668,4.807,D0007_020,177.83,222.29
S0_base,7,T0007_021,RIGID_9T,9000,34.0,21.0,0.85,SPB,12.9675,79.943,SLM,11.6643,78.146,7.42,16.536,2.829,D0007_021,286.88,312.96
S0_base,7,T0007_022,LCV_3T,3000,14.0,14.0,1.1,CDL,11.748,79.7714,KPM,12.8342,79.7036,7.003,14.046,4.85,D0007_022,151.26,189.07
S0_base,7,T0007_023,ARTIC_25T,25000,78.0,31.0,0.62,BLR,12.9716,77.5946,ORG,12.81,79.95,10.994,21.047,2.418,D0007_023,302.01,329.46
S0_base,7,T0007_024,RIGID_9T,9000,34.0,21.0,0.85,HSR,12.7409,77.8253,MYS,12.2958,76.6394,13.444,20.993,5.121,D0007_024,172.4,215.5
S0_base,7,T0007_025,ARTIC_25T,25000,78.0,31.0,0.62,CTR,13.2172,79.1003,SPB,12.9675,79.943,14.829,21.906,5.102,D0007_025,119.25,149.06
S0_base,7,T0007_026,LCV_3T,3000,14.0,14.0,1.1,CBE,11.0168,76.9558,KCH,9.9312,76.2673,7.138,13.778,4.802,D0007_026,177.83,222.29
S0_base,7,T0007_027,RIGID_9T,9000,34.0,21.0,0.85,NMK,11.2189,78.1674,TRP,11.1085,77.3411,8.337,14.312,5.589,D0007_027,113.72,142.15
S0_base,7,T0007_028,RIGID_9T,9000,34.0,21.0,0.85,KGI,12.5186,78.2137,ORG,12.81,79.95,8.169,15.845,4.198,D0007_028,238.92,260.64
S0_base,7,T0007_029,ARTIC_25T,25000,78.0,31.0,0.62,PDY,11.9416,79.8083,SPB,12.9675,79.943,9.403,16.099,5.158,D0007_029,143.76,179.7
S0_base,8,T0008_000,RIGID_16T,16000,52.0,26.0,0.72,ERD,11.341,77.7172,PDY,11.9416,79.8083,12.47,20.431,3.365,D0008_000,280.04,305.5
S0_base,8,T0008_001,RIGID_16T,16000,52.0,26.0,0.72,KGI,12.5186,78.2137,DPI,12.1211,78.1583,14.927,20.665,6.356,D0008_001,60.22,75.28
S0_base,8,T0008_002,LCV_3T,3000,14.0,14.0,1.1,MYS,12.2958,76.6394,CBE,11.0168,76.9558,9.324,18.287,3.379,D0008_002,182.92,228.65
S0_base,8,T0008_003,RIGID_9T,9000,34.0,21.0,0.85,KRR,10.9601,78.0766,TTN,8.7642,78.1348,6.971,16.894,2.253,D0008_003,288.22,314.42
S0_base,8,T0008_004,LCV_3T,3000,14.0,14.0,1.1,TRP,11.1085,77.3411,ERD,11.341,77.7172,8.601,13.132,7.114,D0008_004,65.46,81.82
S0_base,8,T0008_005,ARTIC_25T,25000,78.0,31.0,0.62,DGL,10.3624,77.9695,TRP,11.1085,77.3411,11.549,18.15,4.828,D0008_005,134.6,168.26
S0_base,8,T0008_006,RIGID_16T,16000,52.0,26.0,0.72,HSR,12.7409,77.8253,SPB,12.9675,79.943,12.798,20.278,3.777,D0008_006,272.53,297.3
S0_base,8,T0008_007,RIGID_9T,9000,34.0,21.0,0.85,TUM,13.3379,77.1173,BLR,12.9716,77.5946,12.013,16.101,7.168,D0008_007,82.25,102.82
S0_base,8,T0008_008,RIGID_9T,9000,34.0,21.0,0.85,VJA,16.5062,80.648,ONG,15.5057,80.0499,6.479,13.24,5.483,D0008_008,160.39,200.48
S0_base,8,T0008_009,ARTIC_25T,25000,78.0,31.0,0.62,NMK,11.2189,78.1674,RNP,12.9249,79.3308,5.649,14.043,3.567,D0008_009,269.05,293.51
S0_base,8,T0008_010,RIGID_16T,16000,52.0,26.0,0.72,VLR,12.9165,79.1325,GMD,13.4084,80.1082,12.619,20.045,4.444,D0008_010,148.7,185.88
S0_base,8,T0008_011,ARTIC_25T,25000,78.0,31.0,0.62,MDU,9.9252,78.1198,SLM,11.6643,78.146,13.195,21.459,3.365,D0008_011,241.75,263.73
S0_base,8,T0008_012,RIGID_9T,9000,34.0,21.0,0.85,MYS,12.2958,76.6394,MLR,12.9141,74.856,14.673,23.532,3.634,D0008_012,242.34,264.37
S0_base,8,T0008_013,RIGID_16T,16000,52.0,26.0,0.72,DPI,12.1211,78.1583,HSR,12.7409,77.8253,12.509,18.064,5.669,D0008_013,97.29,121.61
S0_base,8,T0008_014,RIGID_9T,9000,34.0,21.0,0.85,VLR,12.9165,79.1325,CHN,13.0827,80.2707,11.528,20.4,3.688,D0008_014,155.87,194.84
S0_base,8,T0008_015,ARTIC_25T,25000,78.0,31.0,0.62,CTR,13.2172,79.1003,ORG,12.81,79.95,11.54,16.625,6.144,D0008_015,128.24,160.29
S0_base,8,T0008_016,RIGID_9T,9000,34.0,21.0,0.85,RNP,12.9249,79.3308,GMD,13.4084,80.1082,13.641,22.036,4.366,D0008_016,124.84,156.06
S0_base,8,T0008_017,RIGID_9T,9000,34.0,21.0,0.85,TPT,13.6288,79.4192,ORG,12.81,79.95,13.683,18.997,6.191,D0008_017,134.58,168.22
S0_base,8,T0008_018,ARTIC_25T,25000,78.0,31.0,0.62,VLR,12.9165,79.1325,ORG,12.81,79.95,12.941,20.497,5.02,D0008_018,111.76,139.7
S0_base,8,T0008_019,RIGID_9T,9000,34.0,21.0,0.85,CBE,11.0168,76.9558,NLM,13.0996,77.3936,7.167,17.013,2.212,D0008_019,279.0,304.36
S0_base,8,T0008_020,RIGID_9T,9000,34.0,21.0,0.85,GMD,13.4084,80.1082,SPB,12.9675,79.943,11.46,18.082,6.088,D0008_020,65.23,81.54
S0_base,8,T0008_021,RIGID_9T,9000,34.0,21.0,0.85,SLM,11.6643,78.146,MDU,9.9252,78.1198,11.685,20.38,2.942,D0008_021,241.75,263.73
S0_base,8,T0008_022,RIGID_9T,9000,34.0,21.0,0.85,KGI,12.5186,78.2137,RNP,12.9249,79.3308,8.438,16.788,3.931,D0008_022,161.64,202.05
S0_base,8,T0008_023,RIGID_16T,16000,52.0,26.0,0.72,KRR,10.9601,78.0766,TRY,10.7905,78.7047,10.263,14.971,6.679,D0008_023,88.92,111.14
S0_base,8,T0008_024,RIGID_9T,9000,34.0,21.0,0.85,NLR,14.4426,79.9865,GMD,13.4084,80.1082,7.884,15.116,5.48,D0008_024,144.68,180.85
S0_base,8,T0008_025,RIGID_9T,9000,34.0,21.0,0.85,TUM,13.3379,77.1173,BID,12.7942,77.3854,8.128,13.647,5.764,D0008_025,83.84,104.8
S0_base,8,T0008_026,RIGID_9T,9000,34.0,21.0,0.85,MDU,9.9252,78.1198,TRP,11.1085,77.3411,11.846,19.465,4.018,D0008_026,195.89,244.87
S0_base,8,T0008_027,RIGID_16T,16000,52.0,26.0,0.72,TRY,10.7905,78.7047,NMK,11.2189,78.1674,7.544,14.763,4.853,D0008_027,94.44,118.05
S0_base,8,T0008_028,RIGID_16T,16000,52.0,26.0,0.72,CTR,13.2172,79.1003,TPT,13.6288,79.4192,11.832,18.868,5.734,D0008_028,71.64,89.55
S0_base,8,T0008_029,ARTIC_25T,25000,78.0,31.0,0.62,SPB,12.9675,79.943,GMD,13.4084,80.1082,9.186,13.164,7.636,D0008_029,65.23,81.54
S0_base,9,T0009_000,RIGID_16T,16000,52.0,26.0,0.72,SPB,12.9675,79.943,RNP,12.9249,79.3308,9.306,13.894,7.072,D0009_000,83.14,103.93
S0_base,9,T0009_001,ARTIC_25T,25000,78.0,31.0,0.62,TUM,13.3379,77.1173,BLR,12.9716,77.5946,11.621,17.207,6.952,D0009_001,82.25,102.82
S0_base,9,T0009_002,RIGID_16T,16000,52.0,26.0,0.72,ERD,11.341,77.7172,DGL,10.3624,77.9695,7.681,14.315,5.096,D0009_002,140.31,175.39
S0_base,9,T0009_003,LCV_3T,3000,14.0,14.0,1.1,MYS,12.2958,76.6394,TRP,11.1085,77.3411,13.339,20.659,4.959,D0009_003,190.67,238.34
S0_base,9,T0009_004,RIGID_16T,16000,52.0,26.0,0.72,SPB,12.9675,79.943,CTR,13.2172,79.1003,5.054,10.132,6.332,D0009_004,119.25,149.06
S0_base,9,T0009_005,LCV_3T,3000,14.0,14.0,1.1,CHN,13.0827,80.2707,KPM,12.8342,79.7036,13.9,19.796,6.711,D0009_005,84.22,105.28
S0_base,9,T0009_006,RIGID_9T,9000,34.0,21.0,0.85,NMK,11.2189,78.1674,BID,12.7942,77.3854,10.437,17.536,4.415,D0009_006,243.4,265.53
S0_base,9,T0009_007,RIGID_9T,9000,34.0,21.0,0.85,NMK,11.2189,78.1674,CBE,11.0168,76.9558,12.744,20.033,5.328,D0009_007,167.61,209.52
S0_base,9,T0009_008,RIGID_16T,16000,52.0,26.0,0.72,NLR,14.4426,79.9865,KPM,12.8342,79.7036,6.016,14.702,3.45,D0009_008,226.8,247.42
S0_base,9,T0009_009,LCV_3T,3000,14.0,14.0,1.1,VLR,12.9165,79.1325,SPB,12.9675,79.943,12.929,20.215,4.964,D0009_009,110.02,137.53
S0_base,9,T0009_010,RIGID_9T,9000,34.0,21.0,0.85,HSR,12.7409,77.8253,BID,12.7942,77.3854,9.447,15.359,5.643,D0009_010,64.9,81.12
S0_base,9,T0009_011,RIGID_9T,9000,34.0,21.0,0.85,ORG,12.81,79.95,CHN,13.0827,80.2707,8.698,14.175,6.853,D0009_011,62.27,77.83
S0_base,9,T0009_012,RIGID_16T,16000,52.0,26.0,0.72,VLR,12.9165,79.1325,CHN,13.0827,80.2707,13.188,19.917,5.608,D0009_012,155.87,194.84
S0_base,9,T0009_013,RIGID_9T,9000,34.0,21.0,0.85,DPI,12.1211,78.1583,ORG,12.81,79.95,14.463,22.724,4.173,D0009_013,246.7,269.13
S0_base,9,T0009_014,RIGID_16T,16000,52.0,26.0,0.72,KPM,12.8342,79.7036,GMD,13.4084,80.1082,11.447,15.703,6.975,D0009_014,96.79,120.99
S0_base,9,T0009_015,RIGID_16T,16000,52.0,26.0,0.72,BLR,12.9716,77.5946,TUM,13.3379,77.1173,9.628,15.945,5.548,D0009_015,82.25,102.82
S0_base,9,T0009_016,ARTIC_25T,25000,78.0,31.0,0.62,PDY,11.9416,79.8083,ORG,12.81,79.95,11.623,18.067,5.007,D0009_016,122.23,152.78
S0_base,9,T0009_017,ARTIC_25T,25000,78.0,31.0,0.62,TUM,13.3379,77.1173,ATP,14.6819,77.6006,9.027,18.197,3.142,D0009_017,197.85,247.31
S0_base,9,T0009_018,RIGID_9T,9000,34.0,21.0,0.85,BID,12.7942,77.3854,ATP,14.6819,77.6006,14.293,23.09,2.75,D0009_018,249.2,271.85
S0_base,9,T0009_019,LCV_3T,3000,14.0,14.0,1.1,TPT,13.6288,79.4192,SPB,12.9675,79.943,14.832,20.209,5.97,D0009_019,116.05,145.07
S0_base,9,T0009_020,LCV_3T,3000,14.0,14.0,1.1,TPT,13.6288,79.4192,RNP,12.9249,79.3308,7.991,13.993,6.527,D0009_020,98.57,123.21
S0_base,9,T0009_021,RIGID_9T,9000,34.0,21.0,0.85,NGC,8.1833,77.4119,TTN,8.7642,78.1348,11.696,18.805,5.417,D0009_021,128.05,160.06
S0_base,9,T0009_022,RIGID_9T,9000,34.0,21.0,0.85,VLR,12.9165,79.1325,ORG,12.81,79.95,11.21,17.811,5.282,D0009_022,111.76,139.7
S0_base,9,T0009_023,LCV_3T,3000,14.0,14.0,1.1,NMK,11.2189,78.1674,SLM,11.6643,78.146,11.197,15.19,7.527,D0009_023,66.93,83.67
S0_base,9,T0009_024,RIGID_16T,16000,52.0,26.0,0.72,KRR,10.9601,78.0766,DGL,10.3624,77.9695,5.196,10.512,5.971,D0009_024,84.35,105.44
S0_base,9,T0009_025,RIGID_9T,9000,34.0,21.0,0.85,BLR,12.9716,77.5946,SLM,11.6643,78.146,11.806,20.239,3.946,D0009_025,196.53,245.66
S0_base,9,T0009_026,ARTIC_25T,25000,78.0,31.0,0.62,NLM,13.0996,77.3936,RNP,12.9249,79.3308,7.899,16.849,3.24,D0009_026,248.71,271.32
S0_base,9,T0009_027,RIGID_9T,9000,34.0,21.0,0.85,HSR,12.7409,77.8253,SPB,12.9675,79.943,10.649,20.615,1.872,D0009_027,272.53,297.3
S0_base,9,T0009_028,RIGID_9T,9000,34.0,21.0,0.85,KGI,12.5186,78.2137,KPM,12.8342,79.7036,12.541,21.09,3.815,D0009_028,206.75,225.54
S0_base,9,T0009_029,LCV_3T,3000,14.0,14.0,1.1,ERD,11.341,77.7172,SLM,11.6643,78.146,8.73,14.748,6.681,D0009_029,73.69,92.11
S0_base,10,T0010_000,ARTIC_25T,25000,78.0,31.0,0.62,KRR,10.9601,78.0766,TTN,8.7642,78.1348,5.386,15.554,1.791,D0010_000,288.22,314.42
S0_base,10,T0010_001,RIGID_9T,9000,34.0,21.0,0.85,BID,12.7942,77.3854,HSR,12.7409,77.8253,12.058,18.249,6.028,D0010_001,64.9,81.12
S0_base,10,T0010_002,ARTIC_25T,25000,78.0,31.0,0.62,TRP,11.1085,77.3411,NLM,13.0996,77.3936,6.346,15.142,2.988,D0010_002,261.34,285.1
S0_base,10,T0010_003,ARTIC_25T,25000,78.0,31.0,0.62,ORG,12.81,79.95,CHN,13.0827,80.2707,10.748,17.929,5.548,D0010_003,62.27,77.83
S0_base,10,T0010_004,RIGID_9T,9000,34.0,21.0,0.85,TPT,13.6288,79.4192,KPM,12.8342,79.7036,7.191,13.587,5.266,D0010_004,116.96,146.2
S0_base,10,T0010_005,RIGID_16T,16000,52.0,26.0,0.72,KRR,10.9601,78.0766,TRP,11.1085,77.3411,6.409,12.018,5.872,D0010_005,102.44,128.05
S0_base,10,T0010_006,LCV_3T,3000,14.0,14.0,1.1,VLR,12.9165,79.1325,KPM,12.8342,79.7036,5.315,11.664,5.416,D0010_006,78.22,97.78
S0_base,10,T0010_007,RIGID_9T,9000,34.0,21.0,0.85,ERD,11.341,77.7172,MYS,12.2958,76.6394,14.468,23.223,2.96,D0010_007,197.77,247.21
S0_base,10,T0010_008,LCV_3T,3000,14.0,14.0,1.1,VLR,12.9165,79.1325,BLR,12.9716,77.5946,14.102,22.374,3.732,D0010_008,208.47,227.42
S0_base,10,T0010_009,RIGID_16T,16000,52.0,26.0,0.72,KGI,12.5186,78.2137,HSR,12.7409,77.8253,12.118,16.804,6.553,D0010_009,65.96,82.45
S0_base,10,T0010_010,RIGID_9T,9000,34.0,21.0,0.85,BLR,12.9716,77.5946,TRP,11.1085,77.3411,14.774,22.675,4.33,D0010_010,246.61,269.03
S0_base,10,T0010_011,LCV_3T,3000,14.0,14.0,1.1,VLR,12.9165,79.1325,SPB,12.9675,79.943,7.427,13.879,4.815,D0010_011,110.02,137.53
S0_base,10,T0010_012,RIGID_16T,16000,52.0,26.0,0.72,ONG,15.5057,80.0499,GMD,13.4084,80.1082,6.519,16.892,2.056,D0010_012,275.29,300.31
S0_base,10,T0010_013,ARTIC_25T,25000,78.0,31.0,0.62,SLM,11.6643,78.146,CDL,11.748,79.7714,14.027,20.963,4.945,D0010_013,221.53,241.67
S0_base,10,T0010_014,RIGID_9T,9000,34.0,21.0,0.85,VLR,12.9165,79.1325,KPM,12.8342,79.7036,13.741,20.208,5.589,D0010_014,78.22,97.78
S0_base,10,T0010_015,RIGID_9T,9000,34.0,21.0,0.85,VLR,12.9165,79.1325,CHN,13.0827,80.2707,13.358,21.265,4.746,D0010_015,155.87,194.84
S0_base,10,T0010_016,RIGID_16T,16000,52.0,26.0,0.72,SLM,11.6643,78.146,HSR,12.7409,77.8253,11.312,18.631,4.331,D0010_016,155.85,194.82
S0_base,10,T0010_017,RIGID_9T,9000,34.0,21.0,0.85,NMK,11.2189,78.1674,DPI,12.1211,78.1583,12.657,19.042,4.851,D0010_017,125.41,156.76
S0_base,10,T0010_018,RIGID_16T,16000,52.0,26.0,0.72,TPT,13.6288,79.4192,CHN,13.0827,80.2707,14.535,20.511,5.553,D0010_018,137.92,172.4
S0_base,10,T0010_019,RIGID_16T,16000,52.0,26.0,0.72,ONG,15.5057,80.0499,GNT,16.3067,80.4365,7.781,13.632,5.541,D0010_019,122.74,153.43
S0_base,10,T0010_020,RIGID_16T,16000,52.0,26.0,0.72,BLR,12.9716,77.5946,TUM,13.3379,77.1173,10.478,16.913,6.33,D0010_020,82.25,102.82
S0_base,10,T0010_021,LCV_3T,3000,14.0,14.0,1.1,NGC,8.1833,77.4119,TTN,8.7642,78.1348,14.136,21.336,4.744,D0010_021,128.05,160.06
S0_base,10,T0010_022,RIGID_9T,9000,34.0,21.0,0.85,DPI,12.1211,78.1583,SPB,12.9675,79.943,8.548,16.653,3.62,D0010_022,254.13,277.23
S0_base,10,T0010_023,LCV_3T,3000,14.0,14.0,1.1,KGI,12.5186,78.2137,BLR,12.9716,77.5946,8.622,13.865,6.197,D0010_023,104.92,131.15
S0_base,10,T0010_024,LCV_3T,3000,14.0,14.0,1.1,VLR,12.9165,79.1325,CHN,13.0827,80.2707,12.272,19.963,4.236,D0010_024,155.87,194.84
S0_base,10,T0010_025,RIGID_9T,9000,34.0,21.0,0.85,BLR,12.9716,77.5946,SLM,11.6643,78.146,13.547,21.944,3.096,D0010_025,196.53,245.66
S0_base,10,T0010_026,RIGID_9T,9000,34.0,21.0,0.85,TRP,11.1085,77.3411,ERD,11.341,77.7172,12.974,17.76,7.31,D0010_026,65.46,81.82
S0_base,10,T0010_027,RIGID_16T,16000,52.0,26.0,0.72,CHN,13.0827,80.2707,ORG,12.81,79.95,14.582,20.439,5.729,D0010_027,62.27,77.83
S0_base,10,T0010_028,RIGID_9T,9000,34.0,21.0,0.85,ONG,15.5057,80.0499,VJA,16.5062,80.648,6.836,14.216,4.076,D0010_028,160.39,200.48
S0_base,10,T0010_029,ARTIC_25T,25000,78.0,31.0,0.62,MYS,12.2958,76.6394,NLM,13.0996,77.3936,9.227,16.641,4.674,D0010_029,151.46,189.32
S0_base,11,T0011_000,LCV_3T,3000,14.0,14.0,1.1,NMK,11.2189,78.1674,PDY,11.9416,79.8083,6.819,15.065,3.561,D0011_000,244.97,267.24
S0_base,11,T0011_001,RIGID_16T,16000,52.0,26.0,0.72,TRY,10.7905,78.7047,SLM,11.6643,78.146,13.125,21.461,4.463,D0011_001,143.36,179.2
S0_base,11,T0011_002,RIGID_9T,9000,34.0,21.0,0.85,CHN,13.0827,80.2707,KPM,12.8342,79.7036,14.861,21.64,5.598,D0011_002,84.22,105.28
S0_base,11,T0011_003,ARTIC_25T,25000,78.0,31.0,0.62,MYS,12.2958,76.6394,MLR,12.9141,74.856,6.19,13.25,4.211,D0011_003,242.34,264.37
S0_base,11,T0011_004,RIGID_9T,9000,34.0,21.0,0.85,BLR,12.9716,77.5946,TPT,13.6288,79.4192,14.733,23.759,2.574,D0011_004,248.43,271.01
S0_base,11,T0011_005,LCV_3T,3000,14.0,14.0,1.1,RNP,12.9249,79.3308,CHN,13.0827,80.2707,8.793,16.801,4.73,D0011_005,129.17,161.46
S0_base,11,T0011_006,ARTIC_25T,25000,78.0,31.0,0.62,KGI,12.5186,78.2137,DPI,12.1211,78.1583,11.119,16.887,6.836,D0011_006,60.22,75.28
S0_base,11,T0011_007,ARTIC_25T,25000,78.0,31.0,0.62,TNJ,10.787,79.1378,ERD,11.341,77.7172,10.079,19.326,3.103,D0011_007,208.52,227.48
S0_base,11,T0011_008,RIGID_9T,9000,34.0,21.0,0.85,MDU,9.9252,78.1198,KCH,9.9312,76.2673,13.467,22.814,3.049,D0011_008,239.43,261.19
S0_base,11,T0011_009,RIGID_9T,9000,34.0,21.0,0.85,TRP,11.1085,77.3411,MDU,9.9252,78.1198,5.226,14.062,3.639,D0011_009,195.89,244.87
S0_base,11,T0011_010,RIGID_9T,9000,34.0,21.0,0.85,BLR,12.9716,77.5946,DPI,12.1211,78.1583,11.919,18.832,4.701,D0011_010,140.8,176.0
S0_base,11,T0011_011,RIGID_9T,9000,34.0,21.0,0.85,BLR,12.9716,77.5946,RNP,12.9249,79.3308,10.576,20.434,2.889,D0011_011,235.27,256.66
S0_base,11,T0011_012,LCV_3T,3000,14.0,14.0,1.1,MDU,9.9252,78.1198,SLM,11.6643,78.146,13.666,21.969,4.323,D0011_012,241.75,263.73
S0_base,11,T0011_013,RIGID_16T,16000,52.0,26.0,0.72,MDU,9.9252,78.1198,KRR,10.9601,78.0766,7.408,15.525,3.891,D0011_013,143.97,179.96
S0_base,11,T0011_014,RIGID_9T,9000,34.0,21.0,0.85,BID,12.7942,77.3854,KGI,12.5186,78.2137,10.838,18.199,4.808,D0011_014,118.68,148.35
S0_base,11,T0011_015,LCV_3T,3000,14.0,14.0,1.1,TPT,13.6288,79.4192,CHN,13.0827,80.2707,12.868,19.537,4.911,D0011_015,137.92,172.4
S0_base,11,T0011_016,RIGID_9T,9000,34.0,21.0,0.85,NMK,11.2189,78.1674,HSR,12.7409,77.8253,14.197,23.159,3.378,D0011_016,216.6,236.29
S0_base,11,T0011_017,RIGID_9T,9000,34.0,21.0,0.85,BID,12.7942,77.3854,TUM,13.3379,77.1173,12.14,18.697,5.637,D0011_017,83.84,104.8
S0_base,11,T0011_018,RIGID_16T,16000,52.0,26.0,0.72,KGI,12.5186,78.2137,DPI,12.1211,78.1583,10.762,15.283,6.738,D0011_018,60.22,75.28
S0_base,11,T0011_019,RIGID_16T,16000,52.0,26.0,0.72,ERD,11.341,77.7172,TRP,11.1085,77.3411,14.611,19.122,7.413,D0011_019,65.46,81.82
S0_base,11,T0011_020,LCV_3T,3000,14.0,14.0,1.1,CTR,13.2172,79.1003,KPM,12.8342,79.7036,6.577,12.932,5.112,D0011_020,97.51,121.89
S0_base,11,T0011_021,ARTIC_25T,25000,78.0,31.0,0.62,BLR,12.9716,77.5946,SPB,12.9675,79.943,9.836,19.925,2.641,D0011_021,300.27,327.57
S0_base,11,T0011_022,ARTIC_25T,25000,78.0,31.0,0.62,TPT,13.6288,79.4192,ORG,12.81,79.95,7.111,14.765,4.98,D0011_022,134.58,168.22
S0_base,11,T0011_023,RIGID_16T,16000,52.0,26.0,0.72,KRR,10.9601,78.0766,MYS,12.2958,76.6394,7.245,16.649,2.928,D0011_023,254.62,277.76
S0_base,11,T0011_024,ARTIC_25T,25000,78.0,31.0,0.62,TUM,13.3379,77.1173,BLR,12.9716,77.5946,11.2,16.243,7.237,D0011_024,82.25,102.82
S0_base,11,T0011_025,RIGID_9T,9000,34.0,21.0,0.85,BLR,12.9716,77.5946,ORG,12.81,79.95,12.663,22.371,2.663,D0011_025,302.01,329.46
S0_base,11,T0011_026,ARTIC_25T,25000,78.0,31.0,0.62,SLM,11.6643,78.146,NMK,11.2189,78.1674,9.505,15.699,6.43,D0011_026,66.93,83.67
S0_base,11,T0011_027,RIGID_9T,9000,34.0,21.0,0.85,BLR,12.9716,77.5946,SLM,11.6643,78.146,9.029,17.373,4.211,D0011_027,196.53,245.66
S0_base,11,T0011_028,ARTIC_25T,25000,78.0,31.0,0.62,BID,12.7942,77.3854,MYS,12.2958,76.6394,7.003,13.517,5.608,D0011_028,122.65,153.31
S0_base,11,T0011_029,LCV_3T,3000,14.0,14.0,1.1,KGI,12.5186,78.2137,SLM,11.6643,78.146,5.32,11.198,5.901,D0011_029,119.1,148.87
S0_base,12,T0012_000,RIGID_9T,9000,34.0,21.0,0.85,TUM,13.3379,77.1173,KGI,12.5186,78.2137,10.396,18.187,3.801,D0012_000,187.16,233.95
S0_base,12,T0012_001,RIGID_16T,16000,52.0,26.0,0.72,HSR,12.7409,77.8253,BID,12.7942,77.3854,13.863,19.088,6.538,D0012_001,64.9,81.12
S0_base,12,T0012_002,RIGID_9T,9000,34.0,21.0,0.85,CBE,11.0168,76.9558,KCH,9.9312,76.2673,10.807,18.841,4.204,D0012_002,177.83,222.29
S0_base,12,T0012_003,RIGID_9T,9000,34.0,21.0,0.85,CBE,11.0168,76.9558,MYS,12.2958,76.6394,11.301,19.038,3.79,D0012_003,182.92,228.65
S0_base,12,T0012_004,ARTIC_25T,25000,78.0,31.0,0.62,CBE,11.0168,76.9558,MDU,9.9252,78.1198,8.21,15.903,4.889,D0012_004,219.84,239.83
S0_base,12,T0012_005,RIGID_9T,9000,34.0,21.0,0.85,VLR,12.9165,79.1325,ORG,12.81,79.95,13.208,18.403,6.071,D0012_005,111.76,139.7
S0_base,12,T0012_006,ARTIC_25T,25000,78.0,31.0,0.62,DPI,12.1211,78.1583,VLR,12.9165,79.1325,10.611,19.166,3.694,D0012_006,172.33,215.41
S0_base,12,T0012_007,RIGID_16T,16000,52.0,26.0,0.72,NMK,11.2189,78.1674,CBE,11.0168,76.9558,8.966,17.591,3.465,D0012_007,167.61,209.52
S0_base,12,T0012_008,RIGID_16T,16000,52.0,26.0,0.72,KPM,12.8342,79.7036,CHN,13.0827,80.2707,5.481,11.166,6.724,D0012_008,84.22,105.28
S0_base,12,T0012_009,RIGID_16T,16000,52.0,26.0,0.72,TRY,10.7905,78.7047,CDL,11.748,79.7714,5.082,12.402,4.787,D0012_009,197.12,246.39
S0_base,12,T0012_010,RIGID_16T,16000,52.0,26.0,0.72,CTR,13.2172,79.1003,GMD,13.4084,80.1082,13.156,19.379,5.705,D0012_010,138.89,173.62
S0_base,12,T0012_011,RIGID_9T,9000,34.0,21.0,0.85,VLR,12.9165,79.1325,SPB,12.9675,79.943,13.151,20.353,5.536,D0012_011,110.02,137.53
S0_base,12,T0012_012,RIGID_16T,16000,52.0,26.0,0.72,KGI,12.5186,78.2137,RNP,12.9249,79.3308,11.579,17.715,5.436,D0012_012,161.64,202.05
S0_base,12,T0012_013,RIGID_9T,9000,34.0,21.0,0.85,KGI,12.5186,78.2137,KRR,10.9601,78.0766,8.621,16.294,3.61,D0012_013,217.42,237.19
S0_base,12,T0012_014,RIGID_9T,9000,34.0,21.0,0.85,VLR,12.9165,79.1325,KPM,12.8342,79.7036,7.935,13.358,6.917,D0012_014,78.22,97.78
S0_base,12,T0012_015,RIGID_9T,9000,34.0,21.0,0.85,BLR,12.9716,77.5946,SLM,11.6643,78.146,10.279,17.323,4.835,D0012_015,196.53,245.66
S0_base,12,T0012_016,LCV_3T,3000,14.0,14.0,1.1,ONG,15.5057,80.0499,GNT,16.3067,80.4365,9.301,14.477,6.293,D0012_016,122.74,153.43
S0_base,12,T0012_017,ARTIC_25T,25000,78.0,31.0,0.62,TNJ,10.787,79.1378,ORG,12.81,79.95,12.463,21.663,2.13,D0012_017,285.2,311.13
S0_base,12,T0012_018,RIGID_16T,16000,52.0,26.0,0.72,SLM,11.6643,78.146,NMK,11.2189,78.1674,7.62,12.868,7.345,D0012_018,66.93,83.67
S0_base,12,T0012_019,RIGID_16T,16000,52.0,26.0,0.72,BID,12.7942,77.3854,KPM,12.8342,79.7036,10.431,19.845,2.262,D0012_019,296.64,323.61
S0_base,12,T0012_020,LCV_3T,3000,14.0,14.0,1.1,BID,12.7942,77.3854,HSR,12.7409,77.8253,13.979,18.595,7.096,D0012_020,64.9,81.12
S0_base,12,T0012_021,RIGID_9T,9000,34.0,21.0,0.85,TPT,13.6288,79.4192,GMD,13.4084,80.1082,5.564,13.252,4.996,D0012_021,98.02,122.53
S0_base,12,T0012_022,RIGID_9T,9000,34.0,21.0,0.85,CHN,13.0827,80.2707,ORG,12.81,79.95,5.489,9.982,7.412,D0012_022,62.27,77.83
S0_base,12,T0012_023,ARTIC_25T,25000,78.0,31.0,0.62,CDL,11.748,79.7714,SPB,12.9675,79.943,9.715,19.036,3.248,D0012_023,171.1,213.87
S0_base,12,T0012_024,LCV_3T,3000,14.0,14.0,1.1,NMK,11.2189,78.1674,ERD,11.341,77.7172,13.404,17.586,7.434,D0012_024,63.67,79.59
S0_base,12,T0012_025,RIGID_16T,16000,52.0,26.0,0.72,ORG,12.81,79.95,RNP,12.9249,79.3308,12.292,18.214,5.416,D0012_025,85.41,106.76
S0_base,12,T0012_026,RIGID_16T,16000,52.0,26.0,0.72,TRP,11.1085,77.3411,DPI,12.1211,78.1583,6.629,14.266,4.846,D0012_026,179.41,224.26
S0_base,12,T0012_027,LCV_3T,3000,14.0,14.0,1.1,ERD,11.341,77.7172,SLM,11.6643,78.146,8.153,14.896,5.582,D0012_027,73.69,92.11
S0_base,12,T0012_028,ARTIC_25T,25000,78.0,31.0,0.62,KPM,12.8342,79.7036,GMD,13.4084,80.1082,14.533,19.349,6.825,D0012_028,96.79,120.99
S0_base,12,T0012_029,RIGID_16T,16000,52.0,26.0,0.72,KGI,12.5186,78.2137,HSR,12.7409,77.8253,10.171,14.844,7.072,D0012_029,65.96,82.45
S0_base,13,T0013_000,LCV_3T,3000,14.0,14.0,1.1,BID,12.7942,77.3854,HSR,12.7409,77.8253,13.832,20.776,5.791,D0013_000,64.9,81.12
S0_base,13,T0013_001,RIGID_16T,16000,52.0,26.0,0.72,ORG,12.81,79.95,CHN,13.0827,80.2707,14.431,20.116,5.845,D0013_001,62.27,77.83
S0_base,13,T0013_002,LCV_3T,3000,14.0,14.0,1.1,CDL,11.748,79.7714,KPM,12.8342,79.7036,5.596,13.687,3.763,D0013_002,151.26,189.07
S0_base,13,T0013_003,RIGID_16T,16000,52.0,26.0,0.72,VLR,12.9165,79.1325,ORG,12.81,79.95,11.34,17.848,4.84,D0013_003,111.76,139.7
S0_base,13,T0013_004,RIGID_9T,9000,34.0,21.0,0.85,ERD,11.341,77.7172,KCH,9.9312,76.2673,11.324,18.729,3.912,D0013_004,263.01,286.92
S0_base,13,T0013_005,RIGID_9T,9000,34.0,21.0,0.85,CHN,13.0827,80.2707,KPM,12.8342,79.7036,14.936,21.558,5.548,D0013_005,84.22,105.28
S0_base,13,T0013_006,LCV_3T,3000,14.0,14.0,1.1,KGI,12.5186,78.2137,RNP,12.9249,79.3308,9.183,16.273,5.402,D0013_006,161.64,202.05
S0_base,13,T0013_007,RIGID_9T,9000,34.0,21.0,0.85,MDU,9.9252,78.1198,TTN,8.7642,78.1348,6.641,14.758,4.397,D0013_007,161.38,201.73
S0_base,13,T0013_008,LCV_3T,3000,14.0,14.0,1.1,ORG,12.81,79.95,CDL,11.748,79.7714,9.296,15.354,5.218,D0013_008,149.59,186.99
S0_base,13,T0013_009,RIGID_16T,16000,52.0,26.0,0.72,SLM,11.6643,78.146,ORG,12.81,79.95,13.309,22.156,2.484,D0013_009,275.88,300.96
S0_base,13,T0013_010,RIGID_9T,9000,34.0,21.0,0.85,TPT,13.6288,79.4192,SPB,12.9675,79.943,13.675,20.367,5.414,D0013_010,116.05,145.07
S0_base,13,T0013_011,RIGID_9T,9000,34.0,21.0,0.85,DPI,12.1211,78.1583,KPM,12.8342,79.7036,9.118,17.279,4.224,D0013_011,231.96,253.04
S0_base,13,T0013_012,RIGID_16T,16000,52.0,26.0,0.72,TUM,13.3379,77.1173,BLR,12.9716,77.5946,5.113,10.239,6.866,D0013_012,82.25,102.82
S0_base,13,T0013_013,RIGID_9T,9000,34.0,21.0,0.85,HSR,12.7409,77.8253,RNP,12.9249,79.3308,10.736,18.171,4.561,D0013_013,205.62,224.32
S0_base,13,T0013_014,LCV_3T,3000,14.0,14.0,1.1,CTR,13.2172,79.1003,KPM,12.8342,79.7036,11.687,17.243,6.935,D0013_014,97.51,121.89
S0_base,13,T0013_015,LCV_3T,3000,14.0,14.0,1.1,CTR,13.2172,79.1003,CHN,13.0827,80.2707,7.911,14.579,5.623,D0013_015,159.51,199.39
S0_base,13,T0013_016,ARTIC_25T,25000,78.0,31.0,0.62,VLR,12.9165,79.1325,SPB,12.9675,79.943,13.371,20.071,4.855,D0013_016,110.02,137.53
S0_base,13,T0013_017,RIGID_16T,16000,52.0,26.0,0.72,BLR,12.9716,77.5946,KGI,12.5186,78.2137,5.601,11.325,5.945,D0013_017,104.92,131.15
S0_base,13,T0013_018,RIGID_9T,9000,34.0,21.0,0.85,NLR,14.4426,79.9865,KPM,12.8342,79.7036,11.983,19.392,4.379,D0013_018,226.8,247.42
S0_base,13,T0013_019,LCV_3T,3000,14.0,14.0,1.1,TPT,13.6288,79.4192,CHN,13.0827,80.2707,10.561,16.321,5.788,D0013_019,137.92,172.4
S0_base,13,T0013_020,RIGID_16T,16000,52.0,26.0,0.72,HSR,12.7409,77.8253,KGI,12.5186,78.2137,8.775,15.629,5.69,D0013_020,65.96,82.45
S0_base,13,T0013_021,RIGID_9T,9000,34.0,21.0,0.85,VLR,12.9165,79.1325,GMD,13.4084,80.1082,5.887,12.84,4.251,D0013_021,148.7,185.88
S0_base,13,T0013_022,RIGID_9T,9000,34.0,21.0,0.85,ORG,12.81,79.95,VLR,12.9165,79.1325,8.852,13.591,6.493,D0013_022,111.76,139.7
S0_base,13,T0013_023,RIGID_16T,16000,52.0,26.0,0.72,TPT,13.6288,79.4192,ORG,12.81,79.95,11.971,19.228,5.213,D0013_023,134.58,168.22
S0_base,13,T0013_024,RIGID_16T,16000,52.0,26.0,0.72,TPT,13.6288,79.4192,GMD,13.4084,80.1082,6.717,13.695,5.146,D0013_024,98.02,122.53
S0_base,13,T0013_025,ARTIC_25T,25000,78.0,31.0,0.62,TUM,13.3379,77.1173,BID,12.7942,77.3854,8.415,12.647,7.239,D0013_025,83.84,104.8
S0_base,13,T0013_026,RIGID_9T,9000,34.0,21.0,0.85,BLR,12.9716,77.5946,DPI,12.1211,78.1583,10.606,17.312,5.917,D0013_026,140.8,176.0
S0_base,13,T0013_027,RIGID_9T,9000,34.0,21.0,0.85,MDU,9.9252,78.1198,TTN,8.7642,78.1348,5.816,13.344,4.207,D0013_027,161.38,201.73
S0_base,13,T0013_028,LCV_3T,3000,14.0,14.0,1.1,TPT,13.6288,79.4192,ORG,12.81,79.95,7.295,14.376,4.165,D0013_028,134.58,168.22
S0_base,13,T0013_029,RIGID_16T,16000,52.0,26.0,0.72,RNP,12.9249,79.3308,BID,12.7942,77.3854,7.901,16.072,3.729,D0013_029,249.44,272.12
S0_base,14,T0014_000,RIGID_16T,16000,52.0,26.0,0.72,SLM,11.6643,78.146,CDL,11.748,79.7714,9.783,18.179,3.831,D0014_000,221.53,241.67
S0_base,14,T0014_001,RIGID_9T,9000,34.0,21.0,0.85,KGI,12.5186,78.2137,SLM,11.6643,78.146,14.359,22.023,4.509,D0014_001,119.1,148.87
S0_base,14,T0014_002,LCV_3T,3000,14.0,14.0,1.1,ERD,11.341,77.7172,KRR,10.9601,78.0766,8.132,12.632,7.14,D0014_002,72.15,90.18
S0_base,14,T0014_003,ARTIC_25T,25000,78.0,31.0,0.62,TPT,13.6288,79.4192,SPB,12.9675,79.943,8.727,15.09,6.207,D0014_003,116.05,145.07
S0_base,14,T0014_004,RIGID_9T,9000,34.0,21.0,0.85,CTR,13.2172,79.1003,SPB,12.9675,79.943,10.264,15.693,6.281,D0014_004,119.25,149.06
S0_base,14,T0014_005,RIGID_16T,16000,52.0,26.0,0.72,ERD,11.341,77.7172,TRP,11.1085,77.3411,6.139,10.099,7.333,D0014_005,65.46,81.82
S0_base,14,T0014_006,RIGID_9T,9000,34.0,21.0,0.85,SPB,12.9675,79.943,RNP,12.9249,79.3308,6.964,12.988,6.676,D0014_006,83.14,103.93
S0_base,14,T0014_007,RIGID_16T,16000,52.0,26.0,0.72,NMK,11.2189,78.1674,CBE,11.0168,76.9558,6.729,13.528,5.356,D0014_007,167.61,209.52
S0_base,14,T0014_008,RIGID_9T,9000,34.0,21.0,0.85,CHN,13.0827,80.2707,ORG,12.81,79.95,8.343,14.839,5.569,D0014_008,62.27,77.83
S0_base,14,T0014_009,RIGID_16T,16000,52.0,26.0,0.72,HSR,12.7409,77.8253,KPM,12.8342,79.7036,5.141,13.346,4.563,D0014_009,240.65,262.53
S0_base,14,T0014_010,RIGID_16T,16000,52.0,26.0,0.72,MDU,9.9252,78.1198,TRY,10.7905,78.7047,14.356,20.585,5.673,D0014_010,144.43,180.54
S0_base,14,T0014_011,ARTIC_25T,25000,78.0,31.0,0.62,ORG,12.81,79.95,VLR,12.9165,79.1325,14.836,21.634,5.02,D0014_011,111.76,139.7
S0_base,14,T0014_012,RIGID_16T,16000,52.0,26.0,0.72,ERD,11.341,77.7172,TRP,11.1085,77.3411,14.731,21.171,6.23,D0014_012,65.46,81.82
S0_base,14,T0014_013,RIGID_9T,9000,34.0,21.0,0.85,ERD,11.341,77.7172,TUM,13.3379,77.1173,13.39,22.618,3.0,D0014_013,273.06,297.89
S0_base,14,T0014_014,RIGID_16T,16000,52.0,26.0,0.72,KNL,15.8281,78.0373,ATP,14.6819,77.6006,13.94,21.014,4.791,D0014_014,169.74,212.17
S0_base,14,T0014_015,RIGID_16T,16000,52.0,26.0,0.72,SLM,11.6643,78.146,MYS,12.2958,76.6394,13.06,21.06,3.228,D0014_015,222.86,243.12
S0_base,14,T0014_016,ARTIC_25T,25000,78.0,31.0,0.62,SPB,12.9675,79.943,RNP,12.9249,79.3308,9.695,15.467,6.126,D0014_016,83.14,103.93
S0_base,14,T0014_017,ARTIC_25T,25000,78.0,31.0,0.62,ORG,12.81,79.95,GMD,13.4084,80.1082,10.412,17.003,5.444,D0014_017,85.89,107.36
S0_base,14,T0014_018,RIGID_16T,16000,52.0,26.0,0.72,BLR,12.9716,77.5946,SPB,12.9675,79.943,5.121,13.104,3.293,D0014_018,300.27,327.57
S0_base,14,T0014_019,RIGID_16T,16000,52.0,26.0,0.72,ERD,11.341,77.7172,TRP,11.1085,77.3411,13.316,18.65,5.871,D0014_019,65.46,81.82
S0_base,14,T0014_020,RIGID_16T,16000,52.0,26.0,0.72,HSR,12.7409,77.8253,SLM,11.6643,78.146,13.138,20.224,4.931,D0014_020,155.85,194.82
S0_base,14,T0014_021,RIGID_16T,16000,52.0,26.0,0.72,KGI,12.5186,78.2137,CHN,13.0827,80.2707,11.0,19.853,3.364,D0014_021,273.4,298.25
S0_base,14,T0014_022,LCV_3T,3000,14.0,14.0,1.1,CTR,13.2172,79.1003,CHN,13.0827,80.2707,12.196,20.796,3.551,D0014_022,159.51,199.39
S0_base,14,T0014_023,LCV_3T,3000,14.0,14.0,1.1,TRP,11.1085,77.3411,TRY,10.7905,78.7047,7.755,15.015,4.645,D0014_023,191.26,239.07
S0_base,14,T0014_024,RIGID_9T,9000,34.0,21.0,0.85,SLM,11.6643,78.146,SPB,12.9675,79.943,9.958,17.533,3.686,D0014_024,286.88,312.96
S0_base,14,T0014_025,LCV_3T,3000,14.0,14.0,1.1,NLM,13.0996,77.3936,HSR,12.7409,77.8253,7.586,13.872,5.275,D0014_025,76.85,96.06
S0_base,14,T0014_026,RIGID_16T,16000,52.0,26.0,0.72,DPI,12.1211,78.1583,CHN,13.0827,80.2707,8.066,17.963,1.695,D0014_026,298.47,325.6
S0_base,14,T0014_027,ARTIC_25T,25000,78.0,31.0,0.62,RNP,12.9249,79.3308,CHN,13.0827,80.2707,7.354,14.105,5.132,D0014_027,129.17,161.46
S0_base,14,T0014_028,RIGID_16T,16000,52.0,26.0,0.72,TPT,13.6288,79.4192,CHN,13.0827,80.2707,14.776,22.234,4.674,D0014_028,137.92,172.4
S0_base,14,T0014_029,LCV_3T,3000,14.0,14.0,1.1,NGC,8.1833,77.4119,TTN,8.7642,78.1348,6.291,12.568,5.97,D0014_029,128.05,160.06
S0_base,15,T0015_000,RIGID_16T,16000,52.0,26.0,0.72,CHN,13.0827,80.2707,CTR,13.2172,79.1003,8.274,14.915,4.564,D0015_000,159.51,199.39
S0_base,15,T0015_001,ARTIC_25T,25000,78.0,31.0,0.62,SLM,11.6643,78.146,CBE,11.0168,76.9558,5.077,13.146,3.15,D0015_001,185.5,231.87
S0_base,15,T0015_002,ARTIC_25T,25000,78.0,31.0,0.62,ERD,11.341,77.7172,TRP,11.1085,77.3411,14.832,21.077,6.034,D0015_002,65.46,81.82
S0_base,15,T0015_003,RIGID_16T,16000,52.0,26.0,0.72,KCH,9.9312,76.2673,TRP,11.1085,77.3411,5.869,13.002,4.494,D0015_003,219.8,239.78
S0_base,15,T0015_004,RIGID_16T,16000,52.0,26.0,0.72,MYS,12.2958,76.6394,HSR,12.7409,77.8253,11.313,20.493,3.277,D0015_004,172.4,215.5
S0_base,15,T0015_005,ARTIC_25T,25000,78.0,31.0,0.62,HSR,12.7409,77.8253,MYS,12.2958,76.6394,14.58,23.224,3.477,D0015_005,172.4,215.5
S0_base,15,T0015_006,LCV_3T,3000,14.0,14.0,1.1,ORG,12.81,79.95,GMD,13.4084,80.1082,8.6,13.089,6.811,D0015_006,85.89,107.36
S0_base,15,T0015_007,LCV_3T,3000,14.0,14.0,1.1,KRR,10.9601,78.0766,DGL,10.3624,77.9695,12.161,19.48,5.138,D0015_007,84.35,105.44
S0_base,15,T0015_008,RIGID_9T,9000,34.0,21.0,0.85,MDU,9.9252,78.1198,CBE,11.0168,76.9558,12.408,20.809,3.876,D0015_008,219.84,239.83
S0_base,15,T0015_009,RIGID_9T,9000,34.0,21.0,0.85,PDY,11.9416,79.8083,KRR,10.9601,78.0766,12.415,20.196,4.299,D0015_009,257.25,280.63
S0_base,15,T0015_010,RIGID_16T,16000,52.0,26.0,0.72,BLR,12.9716,77.5946,TUM,13.3379,77.1173,7.479,13.373,6.496,D0015_010,82.25,102.82
S0_base,15,T0015_011,RIGID_9T,9000,34.0,21.0,0.85,ONG,15.5057,80.0499,NLR,14.4426,79.9865,11.806,18.342,4.712,D0015_011,148.01,185.01
S0_base,15,T0015_012,RIGID_16T,16000,52.0,26.0,0.72,NLM,13.0996,77.3936,ATP,14.6819,77.6006,12.341,21.023,3.081,D0015_012,221.7,241.85
S0_base,15,T0015_013,RIGID_16T,16000,52.0,26.0,0.72,ERD,11.341,77.7172,CBE,11.0168,76.9558,9.03,14.629,5.972,D0015_013,113.18,141.47
S0_base,15,T0015_014,ARTIC_25T,25000,78.0,31.0,0.62,KGI,12.5186,78.2137,NLM,13.0996,77.3936,10.057,15.395,5.89,D0015_014,137.39,171.74
S0_base,15,T0015_015,RIGID_16T,16000,52.0,26.0,0.72,CHN,13.0827,80.2707,ORG,12.81,79.95,12.767,18.632,6.211,D0015_015,62.27,77.83
S0_base,15,T0015_016,LCV_3T,3000,14.0,14.0,1.1,ORG,12.81,79.95,CHN,13.0827,80.2707,10.163,15.232,7.258,D0015_016,62.27,77.83
S0_base,15,T0015_017,LCV_3T,3000,14.0,14.0,1.1,HSR,12.7409,77.8253,RNP,12.9249,79.3308,12.007,20.207,3.921,D0015_017,205.62,224.32
S0_base,15,T0015_018,RIGID_9T,9000,34.0,21.0,0.85,BLR,12.9716,77.5946,KGI,12.5186,78.2137,8.768,14.275,6.055,D0015_018,104.92,131.15
S0_base,15,T0015_019,LCV_3T,3000,14.0,14.0,1.1,ERD,11.341,77.7172,SLM,11.6643,78.146,13.407,18.422,6.263,D0015_019,73.69,92.11
S0_base,15,T0015_020,ARTIC_25T,25000,78.0,31.0,0.62,RNP,12.9249,79.3308,SPB,12.9675,79.943,9.151,15.204,6.624,D0015_020,83.14,103.93
S0_base,15,T0015_021,RIGID_9T,9000,34.0,21.0,0.85,CTR,13.2172,79.1003,TPT,13.6288,79.4192,7.498,12.652,6.837,D0015_021,71.64,89.55
S0_base,15,T0015_022,RIGID_9T,9000,34.0,21.0,0.85,DPI,12.1211,78.1583,KGI,12.5186,78.2137,12.057,16.597,6.728,D0015_022,60.22,75.28
S0_base,15,T0015_023,RIGID_9T,9000,34.0,21.0,0.85,VLR,12.9165,79.1325,SPB,12.9675,79.943,5.537,11.896,5.281,D0015_023,110.02,137.53
S0_base,15,T0015_024,LCV_3T,3000,14.0,14.0,1.1,HSR,12.7409,77.8253,NLM,13.0996,77.3936,11.028,15.699,6.818,D0015_024,76.85,96.06
S0_base,15,T0015_025,RIGID_16T,16000,52.0,26.0,0.72,ERD,11.341,77.7172,BID,12.7942,77.3854,9.63,18.256,3.634,D0015_025,206.96,225.77
S0_base,15,T0015_026,RIGID_16T,16000,52.0,26.0,0.72,TPT,13.6288,79.4192,GMD,13.4084,80.1082,8.05,14.614,4.999,D0015_026,98.02,122.53
S0_base,15,T0015_027,ARTIC_25T,25000,78.0,31.0,0.62,DGL,10.3624,77.9695,KCH,9.9312,76.2673,8.779,18.327,3.216,D0015_027,240.48,262.34
S0_base,15,T0015_028,RIGID_16T,16000,52.0,26.0,0.72,NMK,11.2189,78.1674,ERD,11.341,77.7172,11.292,17.269,6.374,D0015_028,63.67,79.59
S0_base,15,T0015_029,RIGID_16T,16000,52.0,26.0,0.72,MDU,9.9252,78.1198,KCH,9.9312,76.2673,5.055,12.981,3.607,D0015_029,239.43,261.19
S0_base,16,T0016_000,RIGID_16T,16000,52.0,26.0,0.72,MYS,12.2958,76.6394,KGI,12.5186,78.2137,8.529,16.608,4.329,D0016_000,215.94,235.57
S0_base,16,T0016_001,ARTIC_25T,25000,78.0,31.0,0.62,CTR,13.2172,79.1003,CHN,13.0827,80.2707,9.563,16.373,4.964,D0016_001,159.51,199.39
S0_base,16,T0016_002,LCV_3T,3000,14.0,14.0,1.1,DPI,12.1211,78.1583,BLR,12.9716,77.5946,10.138,15.436,5.92,D0016_002,140.8,176.0
S0_base,16,T0016_003,ARTIC_25T,25000,78.0,31.0,0.62,CTR,13.2172,79.1003,GMD,13.4084,80.1082,10.665,16.832,5.073,D0016_003,138.89,173.62
S0_base,16,T0016_004,RIGID_16T,16000,52.0,26.0,0.72,SPB,12.9675,79.943,RNP,12.9249,79.3308,7.169,13.122,6.086,D0016_004,83.14,103.93
S0_base,16,T0016_005,RIGID_9T,9000,34.0,21.0,0.85,TPT,13.6288,79.4192,SPB,12.9675,79.943,9.949,16.509,5.167,D0016_005,116.05,145.07
S0_base,16,T0016_006,RIGID_16T,16000,52.0,26.0,0.72,CTR,13.2172,79.1003,SPB,12.9675,79.943,11.82,18.976,5.217,D0016_006,119.25,149.06
S0_base,16,T0016_007,RIGID_9T,9000,34.0,21.0,0.85,VLR,12.9165,79.1325,ORG,12.81,79.95,14.332,20.186,5.509,D0016_007,111.76,139.7
S0_base,16,T0016_008,RIGID_9T,9000,34.0,21.0,0.85,TPT,13.6288,79.4192,RNP,12.9249,79.3308,12.734,20.298,4.964,D0016_008,98.57,123.21
S0_base,16,T0016_009,ARTIC_25T,25000,78.0,31.0,0.62,KRR,10.9601,78.0766,CBE,11.0168,76.9558,7.845,15.547,5.026,D0016_009,153.13,191.41
S0_base,16,T0016_010,RIGID_9T,9000,34.0,21.0,0.85,ONG,15.5057,80.0499,GMD,13.4084,80.1082,8.785,17.559,3.399,D0016_010,275.29,300.31
S0_base,16,T0016_011,LCV_3T,3000,14.0,14.0,1.1,KGI,12.5186,78.2137,BLR,12.9716,77.5946,14.399,21.036,5.605,D0016_011,104.92,131.15
S0_base,16,T0016_012,ARTIC_25T,25000,78.0,31.0,0.62,HSR,12.7409,77.8253,RNP,12.9249,79.3308,13.336,23.005,3.09,D0016_012,205.62,224.32
S0_base,16,T0016_013,RIGID_9T,9000,34.0,21.0,0.85,CHN,13.0827,80.2707,ORG,12.81,79.95,8.007,14.139,5.781,D0016_013,62.27,77.83
S0_base,16,T0016_014,RIGID_9T,9000,34.0,21.0,0.85,NLM,13.0996,77.3936,HSR,12.7409,77.8253,14.079,19.927,6.629,D0016_014,76.85,96.06
S0_base,16,T0016_015,RIGID_9T,9000,34.0,21.0,0.85,ERD,11.341,77.7172,BLR,12.9716,77.5946,5.105,14.698,3.056,D0016_015,227.25,247.91
S0_base,16,T0016_016,ARTIC_25T,25000,78.0,31.0,0.62,TRY,10.7905,78.7047,KRR,10.9601,78.0766,7.1,13.645,5.364,D0016_016,88.92,111.14
S0_base,16,T0016_017,RIGID_9T,9000,34.0,21.0,0.85,DGL,10.3624,77.9695,TRP,11.1085,77.3411,7.186,14.409,5.247,D0016_017,134.6,168.26
S0_base,16,T0016_018,RIGID_9T,9000,34.0,21.0,0.85,CHN,13.0827,80.2707,ORG,12.81,79.95,13.657,18.789,6.807,D0016_018,62.27,77.83
S0_base,16,T0016_019,RIGID_16T,16000,52.0,26.0,0.72,TPT,13.6288,79.4192,RNP,12.9249,79.3308,13.94,19.922,5.571,D0016_019,98.57,123.21
S0_base,16,T0016_020,RIGID_16T,16000,52.0,26.0,0.72,SLM,11.6643,78.146,KGI,12.5186,78.2137,12.872,20.13,5.413,D0016_020,119.1,148.87
S0_base,16,T0016_021,ARTIC_25T,25000,78.0,31.0,0.62,DPI,12.1211,78.1583,RNP,12.9249,79.3308,7.131,16.525,3.054,D0016_021,194.4,243.0
S0_base,16,T0016_022,RIGID_9T,9000,34.0,21.0,0.85,TNJ,10.787,79.1378,TRP,11.1085,77.3411,11.696,21.211,2.487,D0016_022,249.22,271.88
S0_base,16,T0016_023,ARTIC_25T,25000,78.0,31.0,0.62,BID,12.7942,77.3854,MYS,12.2958,76.6394,12.954,18.884,6.148,D0016_023,122.65,153.31
S0_base,16,T0016_024,RIGID_9T,9000,34.0,21.0,0.85,VLR,12.9165,79.1325,KGI,12.5186,78.2137,13.138,20.137,4.281,D0016_024,136.3,170.37
S0_base,16,T0016_025,RIGID_16T,16000,52.0,26.0,0.72,BLR,12.9716,77.5946,DPI,12.1211,78.1583,14.295,21.251,4.986,D0016_025,140.8,176.0
S0_base,16,T0016_026,LCV_3T,3000,14.0,14.0,1.1,TRY,10.7905,78.7047,NMK,11.2189,78.1674,10.832,17.531,5.805,D0016_026,94.44,118.05
S0_base,16,T0016_027,RIGID_9T,9000,34.0,21.0,0.85,KGI,12.5186,78.2137,CBE,11.0168,76.9558,13.093,23.19,2.667,D0016_027,254.82,277.99
S0_base,16,T0016_028,RIGID_16T,16000,52.0,26.0,0.72,CHN,13.0827,80.2707,ORG,12.81,79.95,10.695,15.418,6.689,D0016_028,62.27,77.83
S0_base,16,T0016_029,LCV_3T,3000,14.0,14.0,1.1,ERD,11.341,77.7172,NMK,11.2189,78.1674,6.198,11.54,6.592,D0016_029,63.67,79.59
S0_base,17,T0017_000,ARTIC_25T,25000,78.0,31.0,0.62,HSR,12.7409,77.8253,KPM,12.8342,79.7036,10.393,18.952,3.311,D0017_000,240.65,262.53
S0_base,17,T0017_001,ARTIC_25T,25000,78.0,31.0,0.62,NGC,8.1833,77.4119,TTN,8.7642,78.1348,6.564,14.508,4.656,D0017_001,128.05,160.06
S0_base,17,T0017_002,RIGID_16T,16000,52.0,26.0,0.72,KGI,12.5186,78.2137,TNJ,10.787,79.1378,5.674,14.334,3.424,D0017_002,256.36,279.67
S0_base,17,T0017_003,LCV_3T,3000,14.0,14.0,1.1,SLM,11.6643,78.146,BLR,12.9716,77.5946,12.555,21.137,3.653,D0017_003,196.53,245.66
S0_base,17,T0017_004,RIGID_16T,16000,52.0,26.0,0.72,DPI,12.1211,78.1583,SLM,11.6643,78.146,10.896,16.097,7.15,D0017_004,63.51,79.39
S0_base,17,T0017_005,LCV_3T,3000,14.0,14.0,1.1,TRY,10.7905,78.7047,CBE,11.0168,76.9558,5.871,13.66,4.012,D0017_005,240.76,262.65
S0_base,17,T0017_006,LCV_3T,3000,14.0,14.0,1.1,SLM,11.6643,78.146,NMK,11.2189,78.1674,5.557,11.61,5.43,D0017_006,66.93,83.67
S0_base,17,T0017_007,RIGID_16T,16000,52.0,26.0,0.72,VLR,12.9165,79.1325,SLM,11.6643,78.146,7.946,15.473,4.598,D0017_007,219.64,239.61
S0_base,17,T0017_008,ARTIC_25T,25000,78.0,31.0,0.62,NLM,13.0996,77.3936,HSR,12.7409,77.8253,10.381,16.653,5.681,D0017_008,76.85,96.06
S0_base,17,T0017_009,LCV_3T,3000,14.0,14.0,1.1,HSR,12.7409,77.8253,NLM,13.0996,77.3936,13.381,19.52,5.805,D0017_009,76.85,96.06
S0_base,17,T0017_010,RIGID_9T,9000,34.0,21.0,0.85,TPT,13.6288,79.4192,SPB,12.9675,79.943,9.484,16.354,4.541,D0017_010,116.05,145.07
S0_base,17,T0017_011,ARTIC_25T,25000,78.0,31.0,0.62,TPT,13.6288,79.4192,RNP,12.9249,79.3308,9.989,15.462,5.988,D0017_011,98.57,123.21
S0_base,17,T0017_012,RIGID_9T,9000,34.0,21.0,0.85,TPT,13.6288,79.4192,RNP,12.9249,79.3308,10.161,15.002,6.892,D0017_012,98.57,123.21
S0_base,17,T0017_013,LCV_3T,3000,14.0,14.0,1.1,CTR,13.2172,79.1003,CHN,13.0827,80.2707,10.941,18.161,4.885,D0017_013,159.51,199.39
S0_base,17,T0017_014,RIGID_16T,16000,52.0,26.0,0.72,KRR,10.9601,78.0766,TRY,10.7905,78.7047,7.052,14.208,5.401,D0017_014,88.92,111.14
S0_base,17,T0017_015,LCV_3T,3000,14.0,14.0,1.1,CTR,13.2172,79.1003,CHN,13.0827,80.2707,10.141,16.718,4.987,D0017_015,159.51,199.39
S0_base,17,T0017_016,RIGID_9T,9000,34.0,21.0,0.85,VLR,12.9165,79.1325,ORG,12.81,79.95,6.885,12.632,6.277,D0017_016,111.76,139.7
S0_base,17,T0017_017,RIGID_9T,9000,34.0,21.0,0.85,SLM,11.6643,78.146,KPM,12.8342,79.7036,5.364,14.995,2.269,D0017_017,251.89,274.79
S0_base,17,T0017_018,RIGID_9T,9000,34.0,21.0,0.85,TRP,11.1085,77.3411,ERD,11.341,77.7172,13.379,20.099,5.519,D0017_018,65.46,81.82
S0_base,17,T0017_019,RIGID_16T,16000,52.0,26.0,0.72,VLR,12.9165,79.1325,SPB,12.9675,79.943,13.954,20.924,5.583,D0017_019,110.02,137.53
S0_base,17,T0017_020,LCV_3T,3000,14.0,14.0,1.1,DPI,12.1211,78.1583,BLR,12.9716,77.5946,13.649,20.928,3.994,D0017_020,140.8,176.0
S0_base,17,T0017_021,RIGID_9T,9000,34.0,21.0,0.85,SLM,11.6643,78.146,PDY,11.9416,79.8083,14.946,23.834,2.832,D0017_021,229.42,250.28
S0_base,17,T0017_022,LCV_3T,3000,14.0,14.0,1.1,TRP,11.1085,77.3411,ERD,11.341,77.7172,7.562,14.103,5.942,D0017_022,65.46,81.82
S0_base,17,T0017_023,ARTIC_25T,25000,78.0,31.0,0.62,SLM,11.6643,78.146,HSR,12.7409,77.8253,5.691,14.082,3.976,D0017_023,155.85,194.82
S0_base,17,T0017_024,ARTIC_25T,25000,78.0,31.0,0.62,RNP,12.9249,79.3308,ORG,12.81,79.95,12.069,16.498,6.798,D0017_024,85.41,106.76
S0_base,17,T0017_025,RIGID_16T,16000,52.0,26.0,0.72,ERD,11.341,77.7172,TRP,11.1085,77.3411,5.255,10.928,6.723,D0017_025,65.46,81.82
S0_base,17,T0017_026,LCV_3T,3000,14.0,14.0,1.1,TUM,13.3379,77.1173,BID,12.7942,77.3854,13.078,18.391,7.234,D0017_026,83.84,104.8
S0_base,17,T0017_027,RIGID_9T,9000,34.0,21.0,0.85,SLM,11.6643,78.146,VLR,12.9165,79.1325,6.254,14.181,3.743,D0017_027,219.64,239.61
S0_base,17,T0017_028,RIGID_9T,9000,34.0,21.0,0.85,HSR,12.7409,77.8253,KGI,12.5186,78.2137,10.146,14.885,7.412,D0017_028,65.96,82.45
S0_base,17,T0017_029,ARTIC_25T,25000,78.0,31.0,0.62,TPT,13.6288,79.4192,NLR,14.4426,79.9865,6.299,12.182,6.014,D0017_029,136.55,170.69
S0_base,18,T0018_000,LCV_3T,3000,14.0,14.0,1.1,KGI,12.5186,78.2137,HSR,12.7409,77.8253,6.029,11.527,6.405,D0018_000,65.96,82.45
S0_base,18,T0018_001,RIGID_16T,16000,52.0,26.0,0.72,TPT,13.6288,79.4192,CHN,13.0827,80.2707,5.673,12.251,5.746,D0018_001,137.92,172.4
S0_base,18,T0018_002,LCV_3T,3000,14.0,14.0,1.1,TTN,8.7642,78.1348,MDU,9.9252,78.1198,11.251,18.901,5.115,D0018_002,161.38,201.73
S0_base,18,T0018_003,RIGID_9T,9000,34.0,21.0,0.85,VLR,12.9165,79.1325,CDL,11.748,79.7714,9.64,15.733,5.143,D0018_003,184.13,230.16
S0_base,18,T0018_004,ARTIC_25T,25000,78.0,31.0,0.62,KGI,12.5186,78.2137,ERD,11.341,77.7172,8.746,16.672,4.307,D0018_004,177.06,221.32
S0_base,18,T0018_005,LCV_3T,3000,14.0,14.0,1.1,DPI,12.1211,78.1583,PDY,11.9416,79.8083,13.988,23.558,2.992,D0018_005,225.68,246.2
S0_base,18,T0018_006,ARTIC_25T,25000,78.0,31.0,0.62,PDY,11.9416,79.8083,SPB,12.9675,79.943,13.99,22.253,4.386,D0018_006,143.76,179.7
S0_base,18,T0018_007,ARTIC_25T,25000,78.0,31.0,0.62,HSR,12.7409,77.8253,SLM,11.6643,78.146,10.128,16.828,4.8,D0018_007,155.85,194.82
S0_base,18,T0018_008,RIGID_9T,9000,34.0,21.0,0.85,VLR,12.9165,79.1325,SPB,12.9675,79.943,8.109,15.175,5.676,D0018_008,110.02,137.53
S0_base,18,T0018_009,RIGID_16T,16000,52.0,26.0,0.72,CBE,11.0168,76.9558,NMK,11.2189,78.1674,13.246,20.321,5.392,D0018_009,167.61,209.52
S0_base,18,T0018_010,LCV_3T,3000,14.0,14.0,1.1,RNP,12.9249,79.3308,SPB,12.9675,79.943,13.8,19.09,6.668,D0018_010,83.14,103.93
S0_base,18,T0018_011,RIGID_16T,16000,52.0,26.0,0.72,TRP,11.1085,77.3411,MDU,9.9252,78.1198,11.37,20.719,2.817,D0018_011,195.89,244.87
S0_base,18,T0018_012,RIGID_9T,9000,34.0,21.0,0.85,VLR,12.9165,79.1325,CHN,13.0827,80.2707,5.851,14.244,3.687,D0018_012,155.87,194.84
S0_base,18,T0018_013,RIGID_16T,16000,52.0,26.0,0.72,HSR,12.7409,77.8253,RNP,12.9249,79.3308,9.296,17.2,3.515,D0018_013,205.62,224.32
S0_base,18,T0018_014,LCV_3T,3000,14.0,14.0,1.1,SPB,12.9675,79.943,RNP,12.9249,79.3308,13.856,20.001,6.558,D0018_014,83.14,103.93
S0_base,18,T0018_015,RIGID_9T,9000,34.0,21.0,0.85,KRR,10.9601,78.0766,SLM,11.6643,78.146,11.328,17.327,5.575,D0018_015,98.34,122.92
S0_base,18,T0018_016,RIGID_16T,16000,52.0,26.0,0.72,ERD,11.341,77.7172,NMK,11.2189,78.1674,8.571,14.921,5.953,D0018_016,63.67,79.59
S0_base,18,T0018_017,LCV_3T,3000,14.0,14.0,1.1,TNJ,10.787,79.1378,RNP,12.9249,79.3308,11.356,21.21,2.299,D0018_017,281.61,307.21
S0_base,18,T0018_018,ARTIC_25T,25000,78.0,31.0,0.62,VLR,12.9165,79.1325,TPT,13.6288,79.4192,12.282,18.827,5.142,D0018_018,106.33,132.91
S0_base,18,T0018_019,RIGID_9T,9000,34.0,21.0,0.85,MYS,12.2958,76.6394,KGI,12.5186,78.2137,6.023,13.098,4.854,D0018_019,215.94,235.57
S0_base,18,T0018_020,RIGID_16T,16000,52.0,26.0,0.72,SLM,11.6643,78.146,ORG,12.81,79.95,12.78,21.322,3.287,D0018_020,275.88,300.96
S0_base,18,T0018_021,RIGID_16T,16000,52.0,26.0,0.72,TRY,10.7905,78.7047,TNJ,10.787,79.1378,13.882,19.824,6.234,D0018_021,63.87,79.83
S0_base,18,T0018_022,RIGID_16T,16000,52.0,26.0,0.72,TRP,11.1085,77.3411,TNJ,10.787,79.1378,9.663,18.016,3.396,D0018_022,249.22,271.88
S0_base,18,T0018_023,RIGID_16T,16000,52.0,26.0,0.72,CTR,13.2172,79.1003,SPB,12.9675,79.943,14.95,21.875,5.552,D0018_023,119.25,149.06
S0_base,18,T0018_024,RIGID_16T,16000,52.0,26.0,0.72,NLM,13.0996,77.3936,TPT,13.6288,79.4192,13.782,21.959,3.581,D0018_024,267.74,292.08
S0_base,18,T0018_025,RIGID_16T,16000,52.0,26.0,0.72,TUM,13.3379,77.1173,BLR,12.9716,77.5946,9.373,16.553,5.281,D0018_025,82.25,102.82
S0_base,18,T0018_026,RIGID_9T,9000,34.0,21.0,0.85,CHN,13.0827,80.2707,ORG,12.81,79.95,10.955,16.143,6.64,D0018_026,62.27,77.83
S0_base,18,T0018_027,RIGID_9T,9000,34.0,21.0,0.85,RNP,12.9249,79.3308,SPB,12.9675,79.943,5.886,11.432,6.59,D0018_027,83.14,103.93
S0_base,18,T0018_028,LCV_3T,3000,14.0,14.0,1.1,SLM,11.6643,78.146,TRY,10.7905,78.7047,7.465,13.53,5.509,D0018_028,143.36,179.2
S0_base,18,T0018_029,RIGID_9T,9000,34.0,21.0,0.85,TRP,11.1085,77.3411,ERD,11.341,77.7172,8.685,15.13,5.756,D0018_029,65.46,81.82
S0_base,19,T0019_000,RIGID_9T,9000,34.0,21.0,0.85,SLM,11.6643,78.146,NMK,11.2189,78.1674,9.067,14.434,6.073,D0019_000,66.93,83.67
S0_base,19,T0019_001,LCV_3T,3000,14.0,14.0,1.1,RNP,12.9249,79.3308,ORG,12.81,79.95,9.674,14.874,6.688,D0019_001,85.41,106.76
S0_base,19,T0019_002,RIGID_9T,9000,34.0,21.0,0.85,CBE,11.0168,76.9558,ERD,11.341,77.7172,11.3,16.645,5.871,D0019_002,113.18,141.47
S0_base,19,T0019_003,RIGID_16T,16000,52.0,26.0,0.72,VLR,12.9165,79.1325,SPB,12.9675,79.943,9.721,16.794,4.852,D0019_003,110.02,137.53
S0_base,19,T0019_004,ARTIC_25T,25000,78.0,31.0,0.62,TPT,13.6288,79.4192,CHN,13.0827,80.2707,12.462,18.417,5.547,D0019_004,137.92,172.4
S0_base,19,T0019_005,LCV_3T,3000,14.0,14.0,1.1,KRR,10.9601,78.0766,SLM,11.6643,78.146,11.716,17.522,6.661,D0019_005,98.34,122.92
S0_base,19,T0019_006,RIGID_16T,16000,52.0,26.0,0.72,KCH,9.9312,76.2673,TTN,8.7642,78.1348,7.192,15.578,2.847,D0019_006,286.19,312.2
S0_base,19,T0019_007,ARTIC_25T,25000,78.0,31.0,0.62,HSR,12.7409,77.8253,TUM,13.3379,77.1173,6.779,13.715,5.676,D0019_007,126.79,158.49
S0_base,19,T0019_008,ARTIC_25T,25000,78.0,31.0,0.62,CTR,13.2172,79.1003,KPM,12.8342,79.7036,13.953,19.758,6.129,D0019_008,97.51,121.89
S0_base,19,T0019_009,ARTIC_25T,25000,78.0,31.0,0.62,BLR,12.9716,77.5946,RNP,12.9249,79.3308,6.042,13.198,4.119,D0019_009,235.27,256.66
S0_base,19,T0019_010,RIGID_16T,16000,52.0,26.0,0.72,KGI,12.5186,78.2137,RNP,12.9249,79.3308,5.4,12.537,5.571,D0019_010,161.64,202.05
S0_base,19,T0019_011,ARTIC_25T,25000,78.0,31.0,0.62,VLR,12.9165,79.1325,SPB,12.9675,79.943,12.617,18.127,6.047,D0019_011,110.02,137.53
S0_base,19,T0019_012,LCV_3T,3000,14.0,14.0,1.1,BLR,12.9716,77.5946,CTR,13.2172,79.1003,5.573,14.411,3.103,D0019_012,206.68,225.47
S0_base,19,T0019_013,RIGID_16T,16000,52.0,26.0,0.72,PDY,11.9416,79.8083,CHN,13.0827,80.2707,5.383,13.438,3.409,D0019_013,170.57,213.21
S0_base,19,T0019_014,RIGID_9T,9000,34.0,21.0,0.85,CTR,13.2172,79.1003,ORG,12.81,79.95,14.477,20.338,5.956,D0019_014,128.24,160.29
S0_base,19,T0019_015,RIGID_16T,16000,52.0,26.0,0.72,HSR,12.7409,77.8253,BID,12.7942,77.3854,14.688,19.715,7.068,D0019_015,64.9,81.12
S0_base,19,T0019_016,LCV_3T,3000,14.0,14.0,1.1,TPT,13.6288,79.4192,SPB,12.9675,79.943,6.008,11.497,5.96,D0019_016,116.05,145.07
S0_base,19,T0019_017,RIGID_9T,9000,34.0,21.0,0.85,DGL,10.3624,77.9695,KRR,10.9601,78.0766,9.301,13.81,6.733,D0019_017,84.35,105.44
S0_base,19,T0019_018,RIGID_16T,16000,52.0,26.0,0.72,CHN,13.0827,80.2707,KPM,12.8342,79.7036,13.569,19.293,6.979,D0019_018,84.22,105.28
S0_base,19,T0019_019,RIGID_16T,16000,52.0,26.0,0.72,HSR,12.7409,77.8253,BID,12.7942,77.3854,8.39,13.937,7.107,D0019_019,64.9,81.12
S0_base,19,T0019_020,RIGID_9T,9000,34.0,21.0,0.85,NLR,14.4426,79.9865,TPT,13.6288,79.4192,14.644,22.255,4.772,D0019_020,136.55,170.69
S0_base,19,T0019_021,RIGID_9T,9000,34.0,21.0,0.85,SPB,12.9675,79.943,RNP,12.9249,79.3308,5.545,9.871,7.219,D0019_021,83.14,103.93
S0_base,19,T0019_022,ARTIC_25T,25000,78.0,31.0,0.62,HSR,12.7409,77.8253,BID,12.7942,77.3854,12.13,18.906,5.975,D0019_022,64.9,81.12
S0_base,19,T0019_023,LCV_3T,3000,14.0,14.0,1.1,SLM,11.6643,78.146,NMK,11.2189,78.1674,14.556,21.798,5.519,D0019_023,66.93,83.67
S0_base,19,T0019_024,RIGID_16T,16000,52.0,26.0,0.72,DGL,10.3624,77.9695,TRY,10.7905,78.7047,14.489,20.323,5.925,D0019_024,116.75,145.94
S0_base,19,T0019_025,RIGID_16T,16000,52.0,26.0,0.72,SLM,11.6643,78.146,DPI,12.1211,78.1583,8.985,13.374,7.297,D0019_025,63.51,79.39
S0_base,19,T0019_026,ARTIC_25T,25000,78.0,31.0,0.62,SLM,11.6643,78.146,CBE,11.0168,76.9558,11.668,20.514,3.527,D0019_026,185.5,231.87
S0_base,19,T0019_027,RIGID_9T,9000,34.0,21.0,0.85,ONG,15.5057,80.0499,GNT,16.3067,80.4365,13.456,20.6,4.716,D0019_027,122.74,153.43
S0_base,19,T0019_028,ARTIC_25T,25000,78.0,31.0,0.62,DPI,12.1211,78.1583,TRP,11.1085,77.3411,7.72,14.586,4.767,D0019_028,179.41,224.26
S0_base,19,T0019_029,ARTIC_25T,25000,78.0,31.0,0.62,BID,12.7942,77.3854,TUM,13.3379,77.1173,10.323,15.226,6.705,D0019_029,83.84,104.8
S0_base,20,T0020_000,RIGID_16T,16000,52.0,26.0,0.72,TUM,13.3379,77.1173,BLR,12.9716,77.5946,8.951,14.435,6.293,D0020_000,82.25,102.82
S0_base,20,T0020_001,RIGID_16T,16000,52.0,26.0,0.72,RNP,12.9249,79.3308,SPB,12.9675,79.943,13.813,19.846,5.614,D0020_001,83.14,103.93
S0_base,20,T0020_002,ARTIC_25T,25000,78.0,31.0,0.62,NMK,11.2189,78.1674,PDY,11.9416,79.8083,11.292,19.218,4.519,D0020_002,244.97,267.24
S0_base,20,T0020_003,RIGID_9T,9000,34.0,21.0,0.85,TRP,11.1085,77.3411,MDU,9.9252,78.1198,8.807,18.337,3.21,D0020_003,195.89,244.87
S0_base,20,T0020_004,ARTIC_25T,25000,78.0,31.0,0.62,TPT,13.6288,79.4192,SPB,12.9675,79.943,13.565,19.47,5.912,D0020_004,116.05,145.07
S0_base,20,T0020_005,RIGID_16T,16000,52.0,26.0,0.72,DPI,12.1211,78.1583,SLM,11.6643,78.146,11.361,17.21,6.546,D0020_005,63.51,79.39
S0_base,20,T0020_006,RIGID_9T,9000,34.0,21.0,0.85,SPB,12.9675,79.943,RNP,12.9249,79.3308,7.552,13.776,5.867,D0020_006,83.14,103.93
S0_base,20,T0020_007,LCV_3T,3000,14.0,14.0,1.1,TUM,13.3379,77.1173,BID,12.7942,77.3854,7.352,11.774,6.817,D0020_007,83.84,104.8
S0_base,20,T0020_008,ARTIC_25T,25000,78.0,31.0,0.62,TNJ,10.787,79.1378,ORG,12.81,79.95,6.69,14.651,3.573,D0020_008,285.2,311.13
S0_base,20,T0020_009,RIGID_9T,9000,34.0,21.0,0.85,TRY,10.7905,78.7047,TTN,8.7642,78.1348,8.255,15.779,3.743,D0020_009,275.89,300.97
S0_base,20,T0020_010,RIGID_16T,16000,52.0,26.0,0.72,HSR,12.7409,77.8253,TRY,10.7905,78.7047,14.771,23.101,3.887,D0020_010,279.73,305.16
S0_base,20,T0020_011,RIGID_9T,9000,34.0,21.0,0.85,DPI,12.1211,78.1583,HSR,12.7409,77.8253,7.636,14.444,4.775,D0020_011,97.29,121.61
S0_base,20,T0020_012,RIGID_16T,16000,52.0,26.0,0.72,NLM,13.0996,77.3936,KGI,12.5186,78.2137,11.396,19.306,4.059,D0020_012,137.39,171.74
S0_base,20,T0020_013,RIGID_9T,9000,34.0,21.0,0.85,BLR,12.9716,77.5946,SPB,12.9675,79.943,13.838,24.66,1.52,D0020_013,300.27,327.57
S0_base,20,T0020_014,RIGID_16T,16000,52.0,26.0,0.72,KGI,12.5186,78.2137,ORG,12.81,79.95,10.898,18.579,3.935,D0020_014,238.92,260.64
S0_base,20,T0020_015,LCV_3T,3000,14.0,14.0,1.1,HSR,12.7409,77.8253,KPM,12.8342,79.7036,6.726,16.414,2.779,D0020_015,240.65,262.53
S0_base,20,T0020_016,RIGID_16T,16000,52.0,26.0,0.72,BLR,12.9716,77.5946,KPM,12.8342,79.7036,13.263,21.969,3.008,D0020_016,270.34,294.91
S0_base,20,T0020_017,RIGID_9T,9000,34.0,21.0,0.85,NLR,14.4426,79.9865,RNP,12.9249,79.3308,13.66,23.021,3.002,D0020_017,228.78,249.58
S0_base,20,T0020_018,LCV_3T,3000,14.0,14.0,1.1,CHN,13.0827,80.2707,ORG,12.81,79.95,12.17,15.833,7.684,D0020_018,62.27,77.83
S0_base,20,T0020_019,RIGID_9T,9000,34.0,21.0,0.85,KPM,12.8342,79.7036,VLR,12.9165,79.1325,13.596,20.381,5.412,D0020_019,78.22,97.78
S0_base,20,T0020_020,RIGID_16T,16000,52.0,26.0,0.72,TPT,13.6288,79.4192,ORG,12.81,79.95,8.753,15.117,4.929,D0020_020,134.58,168.22
S0_base,20,T0020_021,RIGID_9T,9000,34.0,21.0,0.85,MDU,9.9252,78.1198,TTN,8.7642,78.1348,9.295,15.736,5.601,D0020_021,161.38,201.73
S0_base,20,T0020_022,RIGID_9T,9000,34.0,21.0,0.85,HSR,12.7409,77.8253,ORG,12.81,79.95,8.65,16.748,3.419,D0020_022,272.03,296.76
S0_base,20,T0020_023,RIGID_9T,9000,34.0,21.0,0.85,CTR,13.2172,79.1003,CHN,13.0827,80.2707,5.056,12.346,4.122,D0020_023,159.51,199.39
S0_base,20,T0020_024,LCV_3T,3000,14.0,14.0,1.1,KGI,12.5186,78.2137,ORG,12.81,79.95,11.424,18.709,4.033,D0020_024,238.92,260.64
S0_base,20,T0020_025,RIGID_9T,9000,34.0,21.0,0.85,KGI,12.5186,78.2137,GMD,13.4084,80.1082,13.51,22.342,3.197,D0020_025,268.91,293.35
S0_base,20,T0020_026,RIGID_16T,16000,52.0,26.0,0.72,BID,12.7942,77.3854,ATP,14.6819,77.6006,13.098,21.285,3.587,D0020_026,249.2,271.85
S0_base,20,T0020_027,RIGID_9T,9000,34.0,21.0,0.85,BLR,12.9716,77.5946,SPB,12.9675,79.943,5.163,13.553,3.008,D0020_027,300.27,327.57
S0_base,20,T0020_028,RIGID_16T,16000,52.0,26.0,0.72,CTR,13.2172,79.1003,GMD,13.4084,80.1082,6.466,11.876,6.086,D0020_028,138.89,173.62
S0_base,20,T0020_029,RIGID_16T,16000,52.0,26.0,0.72,TRY,10.7905,78.7047,KPM,12.8342,79.7036,13.55,23.774,1.891,D0020_029,297.26,324.28
S0_base,21,T0021_000,RIGID_9T,9000,34.0,21.0,0.85,VLR,12.9165,79.1325,CHN,13.0827,80.2707,11.479,19.5,3.705,D0021_000,155.87,194.84
S0_base,21,T0021_001,RIGID_16T,16000,52.0,26.0,0.72,SPB,12.9675,79.943,RNP,12.9249,79.3308,13.831,19.179,6.09,D0021_001,83.14,103.93
S0_base,21,T0021_002,RIGID_16T,16000,52.0,26.0,0.72,CHN,13.0827,80.2707,KPM,12.8342,79.7036,6.489,13.261,5.541,D0021_002,84.22,105.28
S0_base,21,T0021_003,ARTIC_25T,25000,78.0,31.0,0.62,TRY,10.7905,78.7047,TTN,8.7642,78.1348,13.247,20.792,3.865,D0021_003,275.89,300.97
S0_base,21,T0021_004,RIGID_9T,9000,34.0,21.0,0.85,SLM,11.6643,78.146,KGI,12.5186,78.2137,7.6,12.74,6.349,D0021_004,119.1,148.87
S0_base,21,T0021_005,RIGID_16T,16000,52.0,26.0,0.72,BLR,12.9716,77.5946,KPM,12.8342,79.7036,14.499,24.78,2.121,D0021_005,270.34,294.91
S0_base,21,T0021_006,LCV_3T,3000,14.0,14.0,1.1,TPT,13.6288,79.4192,KPM,12.8342,79.7036,12.232,19.986,4.502,D0021_006,116.96,146.2
S0_base,21,T0021_007,RIGID_9T,9000,34.0,21.0,0.85,TPT,13.6288,79.4192,GMD,13.4084,80.1082,14.645,21.528,5.34,D0021_007,98.02,122.53
S0_base,21,T0021_008,LCV_3T,3000,14.0,14.0,1.1,BID,12.7942,77.3854,RNP,12.9249,79.3308,14.103,24.263,2.573,D0021_008,249.44,272.12
S0_base,21,T0021_009,RIGID_9T,9000,34.0,21.0,0.85,HSR,12.7409,77.8253,ORG,12.81,79.95,13.258,21.674,3.596,D0021_009,272.03,296.76
S0_base,21,T0021_010,LCV_3T,3000,14.0,14.0,1.1,HSR,12.7409,77.8253,ORG,12.81,79.95,7.924,17.364,2.574,D0021_010,272.03,296.76
S0_base,21,T0021_011,RIGID_16T,16000,52.0,26.0,0.72,DPI,12.1211,78.1583,NLM,13.0996,77.3936,14.168,20.604,5.121,D0021_011,171.04,213.8
S0_base,21,T0021_012,RIGID_9T,9000,34.0,21.0,0.85,MYS,12.2958,76.6394,CBE,11.0168,76.9558,5.497,11.621,5.095,D0021_012,182.92,228.65
S0_base,21,T0021_013,ARTIC_25T,25000,78.0,31.0,0.62,ONG,15.5057,80.0499,VJA,16.5062,80.648,11.924,19.63,4.203,D0021_013,160.39,200.48
S0_base,21,T0021_014,RIGID_16T,16000,52.0,26.0,0.72,SLM,11.6643,78.146,TUM,13.3379,77.1173,8.685,17.694,2.392,D0021_014,256.1,279.38
S0_base,21,T0021_015,RIGID_16T,16000,52.0,26.0,0.72,KGI,12.5186,78.2137,DPI,12.1211,78.1583,5.48,10.344,6.939,D0021_015,60.22,75.28
S0_base,21,T0021_016,ARTIC_25T,25000,78.0,31.0,0.62,BLR,12.9716,77.5946,TUM,13.3379,77.1173,13.037,19.005,6.252,D0021_016,82.25,102.82
S0_base,21,T0021_017,LCV_3T,3000,14.0,14.0,1.1,HSR,12.7409,77.8253,BID,12.7942,77.3854,6.339,12.479,6.176,D0021_017,64.9,81.12
S0_base,21,T0021_018,RIGID_9T,9000,34.0,21.0,0.85,ERD,11.341,77.7172,TUM,13.3379,77.1173,6.353,14.892,3.914,D0021_018,273.06,297.89
S0_base,21,T0021_019,ARTIC_25T,25000,78.0,31.0,0.62,TPT,13.6288,79.4192,CHN,13.0827,80.2707,5.462,12.768,4.734,D0021_019,137.92,172.4
S0_base,21,T0021_020,LCV_3T,3000,14.0,14.0,1.1,ONG,15.5057,80.0499,GNT,16.3067,80.4365,10.262,16.797,4.788,D0021_020,122.74,153.43
S0_base,21,T0021_021,LCV_3T,3000,14.0,14.0,1.1,HSR,12.7409,77.8253,CDL,11.748,79.7714,12.138,21.097,2.343,D0021_021,281.5,307.09
S0_base,21,T0021_022,RIGID_16T,16000,52.0,26.0,0.72,TPT,13.6288,79.4192,ORG,12.81,79.95,11.425,19.855,4.211,D0021_022,134.58,168.22
S0_base,21,T0021_023,RIGID_9T,9000,34.0,21.0,0.85,VLR,12.9165,79.1325,PDY,11.9416,79.8083,10.826,18.78,3.787,D0021_023,163.63,204.54
S0_base,21,T0021_024,ARTIC_25T,25000,78.0,31.0,0.62,TRP,11.1085,77.3411,KCH,9.9312,76.2673,13.628,20.211,4.694,D0021_024,219.8,239.78
S0_base,21,T0021_025,ARTIC_25T,25000,78.0,31.0,0.62,CDL,11.748,79.7714,KPM,12.8342,79.7036,11.056,17.199,5.335,D0021_025,151.26,189.07
S0_base,21,T0021_026,LCV_3T,3000,14.0,14.0,1.1,TPT,13.6288,79.4192,GMD,13.4084,80.1082,12.856,19.487,5.264,D0021_026,98.02,122.53
S0_base,21,T0021_027,LCV_3T,3000,14.0,14.0,1.1,HSR,12.7409,77.8253,KGI,12.5186,78.2137,5.142,10.27,6.994,D0021_027,65.96,82.45
S0_base,21,T0021_028,RIGID_9T,9000,34.0,21.0,0.85,ORG,12.81,79.95,GMD,13.4084,80.1082,10.372,17.002,5.808,D0021_028,85.89,107.36
S0_base,21,T0021_029,RIGID_9T,9000,34.0,21.0,0.85,HSR,12.7409,77.8253,BID,12.7942,77.3854,6.022,12.398,5.751,D0021_029,64.9,81.12
S0_base,22,T0022_000,RIGID_16T,16000,52.0,26.0,0.72,TPT,13.6288,79.4192,CHN,13.0827,80.2707,10.592,16.389,5.51,D0022_000,137.92,172.4
S0_base,22,T0022_001,RIGID_16T,16000,52.0,26.0,0.72,HSR,12.7409,77.8253,TRP,11.1085,77.3411,13.817,21.615,3.65,D0022_001,236.25,257.73
S0_base,22,T0022_002,ARTIC_25T,25000,78.0,31.0,0.62,ORG,12.81,79.95,PDY,11.9416,79.8083,9.054,16.969,4.449,D0022_002,122.23,152.78
S0_base,22,T0022_003,LCV_3T,3000,14.0,14.0,1.1,ERD,11.341,77.7172,KGI,12.5186,78.2137,5.872,13.379,5.12,D0022_003,177.06,221.32
S0_base,22,T0022_004,RIGID_9T,9000,34.0,21.0,0.85,KGI,12.5186,78.2137,BLR,12.9716,77.5946,14.211,20.532,5.699,D0022_004,104.92,131.15
S0_base,22,T0022_005,RIGID_9T,9000,34.0,21.0,0.85,ERD,11.341,77.7172,SLM,11.6643,78.146,13.053,18.746,6.687,D0022_005,73.69,92.11
S0_base,22,T0022_006,ARTIC_25T,25000,78.0,31.0,0.62,TRP,11.1085,77.3411,TRY,10.7905,78.7047,5.316,14.004,3.053,D0022_006,191.26,239.07
S0_base,22,T0022_007,ARTIC_25T,25000,78.0,31.0,0.62,TPT,13.6288,79.4192,ORG,12.81,79.95,11.086,18.426,4.188,D0022_007,134.58,168.22
S0_base,22,T0022_008,LCV_3T,3000,14.0,14.0,1.1,HSR,12.7409,77.8253,NLM,13.0996,77.3936,5.864,11.96,5.457,D0022_008,76.85,96.06
S0_base,22,T0022_009,RIGID_16T,16000,52.0,26.0,0.72,SLM,11.6643,78.146,NMK,11.2189,78.1674,11.032,16.62,6.908,D0022_009,66.93,83.67
S0_base,22,T0022_010,LCV_3T,3000,14.0,14.0,1.1,SLM,11.6643,78.146,NMK,11.2189,78.1674,7.322,14.2,5.461,D0022_010,66.93,83.67
S0_base,22,T0022_011,RIGID_16T,16000,52.0,26.0,0.72,TPT,13.6288,79.4192,SPB,12.9675,79.943,11.124,18.76,4.479,D0022_011,116.05,145.07
S0_base,22,T0022_012,LCV_3T,3000,14.0,14.0,1.1,TRP,11.1085,77.3411,DGL,10.3624,77.9695,11.78,19.6,4.965,D0022_012,134.6,168.26
S0_base,22,T0022_013,RIGID_9T,9000,34.0,21.0,0.85,NMK,11.2189,78.1674,KCH,9.9312,76.2673,10.222,19.993,2.044,D0022_013,297.67,324.73
S0_base,22,T0022_014,RIGID_9T,9000,34.0,21.0,0.85,TPT,13.6288,79.4192,GMD,13.4084,80.1082,14.37,19.584,6.689,D0022_014,98.02,122.53
S0_base,22,T0022_015,ARTIC_25T,25000,78.0,31.0,0.62,ORG,12.81,79.95,PDY,11.9416,79.8083,6.448,14.425,4.373,D0022_015,122.23,152.78
S0_base,22,T0022_016,RIGID_16T,16000,52.0,26.0,0.72,DPI,12.1211,78.1583,KGI,12.5186,78.2137,6.693,11.687,6.382,D0022_016,60.22,75.28
S0_base,22,T0022_017,LCV_3T,3000,14.0,14.0,1.1,HSR,12.7409,77.8253,ORG,12.81,79.95,14.408,21.943,4.041,D0022_017,272.03,296.76
S0_base,22,T0022_018,RIGID_9T,9000,34.0,21.0,0.85,VLR,12.9165,79.1325,KPM,12.8342,79.7036,6.339,13.427,5.291,D0022_018,78.22,97.78
S0_base,22,T0022_019,ARTIC_25T,25000,78.0,31.0,0.62,TRY,10.7905,78.7047,SLM,11.6643,78.146,13.763,20.892,4.551,D0022_019,143.36,179.2
S0_base,22,T0022_020,LCV_3T,3000,14.0,14.0,1.1,KGI,12.5186,78.2137,VLR,12.9165,79.1325,9.322,15.853,5.54,D0022_020,136.3,170.37
S0_base,22,T0022_021,RIGID_9T,9000,34.0,21.0,0.85,ORG,12.81,79.95,CHN,13.0827,80.2707,8.639,15.043,6.361,D0022_021,62.27,77.83
S0_base,22,T0022_022,RIGID_9T,9000,34.0,21.0,0.85,VLR,12.9165,79.1325,KRR,10.9601,78.0766,7.401,16.232,2.613,D0022_022,290.29,316.68
S0_base,22,T0022_023,RIGID_9T,9000,34.0,21.0,0.85,DPI,12.1211,78.1583,ERD,11.341,77.7172,5.611,11.368,6.132,D0022_023,123.94,154.92
S0_base,22,T0022_024,RIGID_16T,16000,52.0,26.0,0.72,CTR,13.2172,79.1003,CHN,13.0827,80.2707,14.934,23.755,3.558,D0022_024,159.51,199.39
S0_base,22,T0022_025,LCV_3T,3000,14.0,14.0,1.1,VLR,12.9165,79.1325,CHN,13.0827,80.2707,6.882,13.551,5.61,D0022_025,155.87,194.84
S0_base,22,T0022_026,RIGID_9T,9000,34.0,21.0,0.85,CBE,11.0168,76.9558,KCH,9.9312,76.2673,13.007,22.05,3.571,D0022_026,177.83,222.29
S0_base,22,T0022_027,LCV_3T,3000,14.0,14.0,1.1,TUM,13.3379,77.1173,RNP,12.9249,79.3308,13.585,24.526,1.813,D0022_027,287.98,314.16
S0_base,22,T0022_028,RIGID_9T,9000,34.0,21.0,0.85,VLR,12.9165,79.1325,KPM,12.8342,79.7036,8.186,14.115,6.554,D0022_028,78.22,97.78
S0_base,22,T0022_029,ARTIC_25T,25000,78.0,31.0,0.62,KRR,10.9601,78.0766,TRP,11.1085,77.3411,5.232,10.934,6.07,D0022_029,102.44,128.05
S0_base,23,T0023_000,LCV_3T,3000,14.0,14.0,1.1,ERD,11.341,77.7172,SLM,11.6643,78.146,11.659,15.917,7.186,D0023_000,73.69,92.11
S0_base,23,T0023_001,RIGID_16T,16000,52.0,26.0,0.72,VLR,12.9165,79.1325,SPB,12.9675,79.943,8.705,15.963,5.145,D0023_001,110.02,137.53
S0_base,23,T0023_002,RIGID_9T,9000,34.0,21.0,0.85,VLR,12.9165,79.1325,HSR,12.7409,77.8253,14.132,22.406,3.597,D0023_002,178.83,223.54
S0_base,23,T0023_003,RIGID_9T,9000,34.0,21.0,0.85,NLM,13.0996,77.3936,HSR,12.7409,77.8253,8.363,13.186,6.421,D0023_003,76.85,96.06
S0_base,23,T0023_004,LCV_3T,3000,14.0,14.0,1.1,TNJ,10.787,79.1378,KPM,12.8342,79.7036,10.036,18.651,3.937,D0023_004,278.27,303.57
S0_base,23,T0023_005,ARTIC_25T,25000,78.0,31.0,0.62,TPT,13.6288,79.4192,GMD,13.4084,80.1082,8.183,14.452,5.285,D0023_005,98.02,122.53
S0_base,23,T0023_006,RIGID_9T,9000,34.0,21.0,0.85,NGC,8.1833,77.4119,TTN,8.7642,78.1348,14.069,21.927,4.385,D0023_006,128.05,160.06
S0_base,23,T0023_007,RIGID_9T,9000,34.0,21.0,0.85,KGI,12.5186,78.2137,HSR,12.7409,77.8253,12.483,16.908,7.46,D0023_007,65.96,82.45
S0_base,23,T0023_008,ARTIC_25T,25000,78.0,31.0,0.62,KGI,12.5186,78.2137,HSR,12.7409,77.8253,10.707,16.176,6.741,D0023_008,65.96,82.45
S0_base,23,T0023_009,RIGID_9T,9000,34.0,21.0,0.85,RNP,12.9249,79.3308,SPB,12.9675,79.943,9.467,15.843,5.109,D0023_009,83.14,103.93
S0_base,23,T0023_010,ARTIC_25T,25000,78.0,31.0,0.62,ERD,11.341,77.7172,KCH,9.9312,76.2673,6.267,13.981,4.064,D0023_010,263.01,286.92
S0_base,23,T0023_011,RIGID_9T,9000,34.0,21.0,0.85,HSR,12.7409,77.8253,TPT,13.6288,79.4192,7.623,17.158,3.238,D0023_011,248.51,271.1
S0_base,23,T0023_012,LCV_3T,3000,14.0,14.0,1.1,CDL,11.748,79.7714,TNJ,10.787,79.1378,14.138,21.502,4.383,D0023_012,159.06,198.83
S0_base,23,T0023_013,ARTIC_25T,25000,78.0,31.0,0.62,SPB,12.9675,79.943,GMD,13.4084,80.1082,12.111,18.033,6.057,D0023_013,65.23,81.54
S0_base,23,T0023_014,RIGID_9T,9000,34.0,21.0,0.85,DGL,10.3624,77.9695,CBE,11.0168,76.9558,10.777,17.239,5.219,D0023_014,165.66,207.07
S0_base,23,T0023_015,ARTIC_25T,25000,78.0,31.0,0.62,CTR,13.2172,79.1003,NLR,14.4426,79.9865,7.433,15.395,3.597,D0023_015,208.12,227.04
S0_base,23,T0023_016,ARTIC_25T,25000,78.0,31.0,0.62,TUM,13.3379,77.1173,BID,12.7942,77.3854,5.599,10.232,6.898,D0023_016,83.84,104.8
S0_base,23,T0023_017,RIGID_16T,16000,52.0,26.0,0.72,DPI,12.1211,78.1583,NLM,13.0996,77.3936,9.068,16.047,4.782,D0023_017,171.04,213.8
S0_base,23,T0023_018,LCV_3T,3000,14.0,14.0,1.1,HSR,12.7409,77.8253,MYS,12.2958,76.6394,9.51,17.27,4.571,D0023_018,172.4,215.5
S0_base,23,T0023_019,RIGID_16T,16000,52.0,26.0,0.72,GMD,13.4084,80.1082,KPM,12.8342,79.7036,11.902,17.623,6.039,D0023_019,96.79,120.99
S0_base,23,T0023_020,RIGID_16T,16000,52.0,26.0,0.72,CHN,13.0827,80.2707,ORG,12.81,79.95,11.861,17.702,6.071,D0023_020,62.27,77.83
S0_base,23,T0023_021,RIGID_9T,9000,34.0,21.0,0.85,CHN,13.0827,80.2707,ORG,12.81,79.95,5.92,12.621,5.58,D0023_021,62.27,77.83
S0_base,23,T0023_022,RIGID_16T,16000,52.0,26.0,0.72,ORG,12.81,79.95,CHN,13.0827,80.2707,7.218,12.621,6.92,D0023_022,62.27,77.83
S0_base,23,T0023_023,RIGID_16T,16000,52.0,26.0,0.72,ORG,12.81,79.95,PDY,11.9416,79.8083,5.862,12.486,5.536,D0023_023,122.23,152.78
S0_base,23,T0023_024,RIGID_9T,9000,34.0,21.0,0.85,SLM,11.6643,78.146,KGI,12.5186,78.2137,6.222,11.793,6.083,D0023_024,119.1,148.87
S0_base,23,T0023_025,LCV_3T,3000,14.0,14.0,1.1,TPT,13.6288,79.4192,RNP,12.9249,79.3308,14.352,20.997,6.039,D0023_025,98.57,123.21
S0_base,23,T0023_026,LCV_3T,3000,14.0,14.0,1.1,MYS,12.2958,76.6394,BLR,12.9716,77.5946,5.68,12.714,4.694,D0023_026,160.02,200.03
S0_base,23,T0023_027,LCV_3T,3000,14.0,14.0,1.1,KGI,12.5186,78.2137,RNP,12.9249,79.3308,5.178,12.168,4.429,D0023_027,161.64,202.05
S0_base,23,T0023_028,ARTIC_25T,25000,78.0,31.0,0.62,SLM,11.6643,78.146,KGI,12.5186,78.2137,9.216,16.759,4.346,D0023_028,119.1,148.87
S0_base,23,T0023_029,RIGID_9T,9000,34.0,21.0,0.85,BLR,12.9716,77.5946,SPB,12.9675,79.943,12.677,21.694,3.471,D0023_029,300.27,327.57
S0_base,24,T0024_000,RIGID_16T,16000,52.0,26.0,0.72,KRR,10.9601,78.0766,ERD,11.341,77.7172,13.704,19.939,5.777,D0024_000,72.15,90.18
S0_base,24,T0024_001,RIGID_16T,16000,52.0,26.0,0.72,SLM,11.6643,78.146,DPI,12.1211,78.1583,14.061,19.86,5.87,D0024_001,63.51,79.39
S0_base,24,T0024_002,RIGID_16T,16000,52.0,26.0,0.72,CTR,13.2172,79.1003,TPT,13.6288,79.4192,8.408,13.882,6.496,D0024_002,71.64,89.55
S0_base,24,T0024_003,ARTIC_25T,25000,78.0,31.0,0.62,SLM,11.6643,78.146,SPB,12.9675,79.943,7.43,17.328,1.616,D0024_003,286.88,312.96
S0_base,24,T0024_004,RIGID_16T,16000,52.0,26.0,0.72,DPI,12.1211,78.1583,HSR,12.7409,77.8253,11.694,16.959,6.306,D0024_004,97.29,121.61
S0_base,24,T0024_005,RIGID_16T,16000,52.0,26.0,0.72,TUM,13.3379,77.1173,BLR,12.9716,77.5946,11.85,18.331,5.441,D0024_005,82.25,102.82
S0_base,24,T0024_006,RIGID_9T,9000,34.0,21.0,0.85,CDL,11.748,79.7714,CHN,13.0827,80.2707,13.257,21.562,4.051,D0024_006,197.51,246.88
S0_base,24,T0024_007,RIGID_9T,9000,34.0,21.0,0.85,SLM,11.6643,78.146,KPM,12.8342,79.7036,9.421,18.259,2.842,D0024_007,251.89,274.79
S0_base,24,T0024_008,RIGID_16T,16000,52.0,26.0,0.72,NMK,11.2189,78.1674,ERD,11.341,77.7172,8.31,13.94,6.659,D0024_008,63.67,79.59
S0_base,24,T0024_009,LCV_3T,3000,14.0,14.0,1.1,GMD,13.4084,80.1082,CDL,11.748,79.7714,14.006,20.792,4.643,D0024_009,235.26,256.65
S0_base,24,T0024_010,ARTIC_25T,25000,78.0,31.0,0.62,KPM,12.8342,79.7036,CHN,13.0827,80.2707,7.404,13.879,6.006,D0024_010,84.22,105.28
S0_base,24,T0024_011,ARTIC_25T,25000,78.0,31.0,0.62,ERD,11.341,77.7172,SLM,11.6643,78.146,7.744,12.812,6.736,D0024_011,73.69,92.11
S0_base,24,T0024_012,LCV_3T,3000,14.0,14.0,1.1,SPB,12.9675,79.943,GMD,13.4084,80.1082,14.965,20.228,6.637,D0024_012,65.23,81.54
S0_base,24,T0024_013,RIGID_9T,9000,34.0,21.0,0.85,VLR,12.9165,79.1325,ORG,12.81,79.95,13.827,19.143,6.517,D0024_013,111.76,139.7
S0_base,24,T0024_014,LCV_3T,3000,14.0,14.0,1.1,NLM,13.0996,77.3936,HSR,12.7409,77.8253,14.706,20.381,6.873,D0024_014,76.85,96.06
S0_base,24,T0024_015,RIGID_9T,9000,34.0,21.0,0.85,ONG,15.5057,80.0499,VJA,16.5062,80.648,13.051,20.41,4.304,D0024_015,160.39,200.48
S0_base,24,T0024_016,RIGID_9T,9000,34.0,21.0,0.85,ERD,11.341,77.7172,TRP,11.1085,77.3411,5.743,12.577,5.58,D0024_016,65.46,81.82
S0_base,24,T0024_017,RIGID_9T,9000,34.0,21.0,0.85,CDL,11.748,79.7714,KPM,12.8342,79.7036,9.929,16.758,4.851,D0024_017,151.26,189.07
S0_base,24,T0024_018,ARTIC_25T,25000,78.0,31.0,0.62,ORG,12.81,79.95,RNP,12.9249,79.3308,11.926,17.104,7.119,D0024_018,85.41,106.76
S0_base,24,T0024_019,LCV_3T,3000,14.0,14.0,1.1,CBE,11.0168,76.9558,KGI,12.5186,78.2137,14.965,24.747,2.252,D0024_019,254.82,277.99
S0_base,24,T0024_020,ARTIC_25T,25000,78.0,31.0,0.62,NMK,11.2189,78.1674,KGI,12.5186,78.2137,14.109,22.718,3.897,D0024_020,180.76,225.95
S0_base,24,T0024_021,RIGID_9T,9000,34.0,21.0,0.85,BID,12.7942,77.3854,ATP,14.6819,77.6006,6.539,14.84,4.066,D0024_021,249.2,271.85
S0_base,24,T0024_022,RIGID_9T,9000,34.0,21.0,0.85,TPT,13.6288,79.4192,RNP,12.9249,79.3308,6.343,13.779,5.23,D0024_022,98.57,123.21
S0_base,24,T0024_023,LCV_3T,3000,14.0,14.0,1.1,TRP,11.1085,77.3411,HSR,12.7409,77.8253,5.273,12.98,4.64,D0024_023,236.25,257.73
S0_base,24,T0024_024,ARTIC_25T,25000,78.0,31.0,0.62,DPI,12.1211,78.1583,KGI,12.5186,78.2137,13.141,17.117,7.248,D0024_024,60.22,75.28
S0_base,24,T0024_025,RIGID_9T,9000,34.0,21.0,0.85,TUM,13.3379,77.1173,TRP,11.1085,77.3411,11.587,19.619,3.556,D0024_025,293.92,320.64
S0_base,24,T0024_026,RIGID_9T,9000,34.0,21.0,0.85,DGL,10.3624,77.9695,MDU,9.9252,78.1198,13.997,19.183,7.53,D0024_026,64.15,80.19
S0_base,24,T0024_027,RIGID_16T,16000,52.0,26.0,0.72,KPM,12.8342,79.7036,VLR,12.9165,79.1325,14.515,18.946,7.302,D0024_027,78.22,97.78
S0_base,24,T0024_028,RIGID_16T,16000,52.0,26.0,0.72,ORG,12.81,79.95,VLR,12.9165,79.1325,13.454,19.257,5.692,D0024_028,111.76,139.7
S0_base,24,T0024_029,ARTIC_25T,25000,78.0,31.0,0.62,NLM,13.0996,77.3936,SLM,11.6643,78.146,14.159,21.738,4.247,D0024_029,224.13,244.5
S0_base,25,T0025_000,RIGID_9T,9000,34.0,21.0,0.85,HSR,12.7409,77.8253,NLM,13.0996,77.3936,6.668,12.451,5.662,D0025_000,76.85,96.06
S0_base,25,T0025_001,ARTIC_25T,25000,78.0,31.0,0.62,VLR,12.9165,79.1325,BLR,12.9716,77.5946,9.45,18.57,3.678,D0025_001,208.47,227.42
S0_base,25,T0025_002,RIGID_16T,16000,52.0,26.0,0.72,ERD,11.341,77.7172,TRP,11.1085,77.3411,13.103,19.008,5.845,D0025_002,65.46,81.82
S0_base,25,T0025_003,LCV_3T,3000,14.0,14.0,1.1,DGL,10.3624,77.9695,MDU,9.9252,78.1198,9.261,14.459,6.029,D0025_003,64.15,80.19
S0_base,25,T0025_004,RIGID_16T,16000,52.0,26.0,0.72,VLR,12.9165,79.1325,BID,12.7942,77.3854,10.032,17.973,3.708,D0025_004,237.36,258.94
S0_base,25,T0025_005,ARTIC_25T,25000,78.0,31.0,0.62,SLM,11.6643,78.146,DPI,12.1211,78.1583,9.261,15.753,5.757,D0025_005,63.51,79.39
S0_base,25,T0025_006,LCV_3T,3000,14.0,14.0,1.1,ORG,12.81,79.95,CHN,13.0827,80.2707,12.633,17.73,6.622,D0025_006,62.27,77.83
S0_base,25,T0025_007,RIGID_9T,9000,34.0,21.0,0.85,BLR,12.9716,77.5946,KPM,12.8342,79.7036,10.325,17.938,3.932,D0025_007,270.34,294.91
S0_base,25,T0025_008,LCV_3T,3000,14.0,14.0,1.1,TRY,10.7905,78.7047,ERD,11.341,77.7172,6.228,14.121,3.619,D0025_008,154.92,193.65
S0_base,25,T0025_009,RIGID_16T,16000,52.0,26.0,0.72,HSR,12.7409,77.8253,NLM,13.0996,77.3936,12.507,16.916,6.88,D0025_009,76.85,96.06
S0_base,25,T0025_010,ARTIC_25T,25000,78.0,31.0,0.62,SLM,11.6643,78.146,ORG,12.81,79.95,10.682,19.69,2.601,D0025_010,275.88,300.96
S0_base,25,T0025_011,RIGID_16T,16000,52.0,26.0,0.72,TUM,13.3379,77.1173,BLR,12.9716,77.5946,7.901,14.796,5.855,D0025_011,82.25,102.82
S0_base,25,T0025_012,RIGID_9T,9000,34.0,21.0,0.85,KGI,12.5186,78.2137,BID,12.7942,77.3854,11.985,16.971,6.49,D0025_012,118.68,148.35
S0_base,25,T0025_013,RIGID_9T,9000,34.0,21.0,0.85,NMK,11.2189,78.1674,CDL,11.748,79.7714,6.002,15.475,2.862,D0025_013,230.53,251.48
S0_base,25,T0025_014,RIGID_9T,9000,34.0,21.0,0.85,ORG,12.81,79.95,CHN,13.0827,80.2707,5.643,9.927,7.493,D0025_014,62.27,77.83
S0_base,25,T0025_015,ARTIC_25T,25000,78.0,31.0,0.62,BLR,12.9716,77.5946,TUM,13.3379,77.1173,6.796,12.108,6.664,D0025_015,82.25,102.82
S0_base,25,T0025_016,RIGID_16T,16000,52.0,26.0,0.72,BID,12.7942,77.3854,HSR,12.7409,77.8253,7.536,12.429,6.825,D0025_016,64.9,81.12
S0_base,25,T0025_017,LCV_3T,3000,14.0,14.0,1.1,SLM,11.6643,78.146,BLR,12.9716,77.5946,12.909,20.236,4.78,D0025_017,196.53,245.66
S0_base,25,T0025_018,RIGID_9T,9000,34.0,21.0,0.85,HSR,12.7409,77.8253,BID,12.7942,77.3854,9.529,15.397,5.872,D0025_018,64.9,81.12
S0_base,25,T0025_019,RIGID_16T,16000,52.0,26.0,0.72,NLR,14.4426,79.9865,SPB,12.9675,79.943,12.434,21.31,3.182,D0025_019,205.11,223.76
S0_base,25,T0025_020,RIGID_16T,16000,52.0,26.0,0.72,VLR,12.9165,79.1325,ORG,12.81,79.95,14.269,20.809,5.758,D0025_020,111.76,139.7
S0_base,25,T0025_021,RIGID_16T,16000,52.0,26.0,0.72,TUM,13.3379,77.1173,BID,12.7942,77.3854,8.944,15.906,5.148,D0025_021,83.84,104.8
S0_base,25,T0025_022,LCV_3T,3000,14.0,14.0,1.1,KRR,10.9601,78.0766,TRY,10.7905,78.7047,14.7,21.921,5.239,D0025_022,88.92,111.14
S0_base,25,T0025_023,RIGID_16T,16000,52.0,26.0,0.72,GMD,13.4084,80.1082,CDL,11.748,79.7714,6.092,14.702,3.469,D0025_023,235.26,256.65
S0_base,25,T0025_024,ARTIC_25T,25000,78.0,31.0,0.62,CTR,13.2172,79.1003,KPM,12.8342,79.7036,5.799,12.258,5.788,D0025_024,97.51,121.89
S0_base,25,T0025_025,RIGID_16T,16000,52.0,26.0,0.72,SPB,12.9675,79.943,GMD,13.4084,80.1082,12.236,16.504,7.541,D0025_025,65.23,81.54
S0_base,25,T0025_026,ARTIC_25T,25000,78.0,31.0,0.62,NLR,14.4426,79.9865,CHN,13.0827,80.2707,8.172,17.501,3.271,D0025_026,192.87,241.09
S0_base,25,T0025_027,LCV_3T,3000,14.0,14.0,1.1,TPT,13.6288,79.4192,ATP,14.6819,77.6006,8.297,15.532,3.993,D0025_027,269.49,293.99
S0_base,25,T0025_028,RIGID_16T,16000,52.0,26.0,0.72,BLR,12.9716,77.5946,SLM,11.6643,78.146,11.648,19.373,4.112,D0025_028,196.53,245.66
S0_base,25,T0025_029,RIGID_9T,9000,34.0,21.0,0.85,KRR,10.9601,78.0766,TTN,8.7642,78.1348,11.627,20.296,3.114,D0025_029,288.22,314.42
S0_base,26,T0026_000,LCV_3T,3000,14.0,14.0,1.1,HSR,12.7409,77.8253,RNP,12.9249,79.3308,8.451,16.543,4.106,D0026_000,205.62,224.32
S0_base,26,T0026_001,LCV_3T,3000,14.0,14.0,1.1,DGL,10.3624,77.9695,TRP,11.1085,77.3411,8.575,15.554,4.317,D0026_001,134.6,168.26
S0_base,26,T0026_002,RIGID_16T,16000,52.0,26.0,0.72,VLR,12.9165,79.1325,ORG,12.81,79.95,8.165,15.094,4.607,D0026_002,111.76,139.7
S0_base,26,T0026_003,RIGID_16T,16000,52.0,26.0,0.72,TPT,13.6288,79.4192,ORG,12.81,79.95,8.052,13.329,5.95,D0026_003,134.58,168.22
S0_base,26,T0026_004,RIGID_16T,16000,52.0,26.0,0.72,TRY,10.7905,78.7047,RNP,12.9249,79.3308,14.312,23.654,2.169,D0026_004,291.37,317.85
S0_base,26,T0026_005,RIGID_16T,16000,52.0,26.0,0.72,KGI,12.5186,78.2137,BLR,12.9716,77.5946,7.266,13.189,5.731,D0026_005,104.92,131.15
S0_base,26,T0026_006,LCV_3T,3000,14.0,14.0,1.1,NGC,8.1833,77.4119,TTN,8.7642,78.1348,11.844,19.749,4.421,D0026_006,128.05,160.06
S0_base,26,T0026_007,RIGID_16T,16000,52.0,26.0,0.72,ERD,11.341,77.7172,CDL,11.748,79.7714,5.89,15.999,2.687,D0026_007,269.42,293.92
S0_base,26,T0026_008,RIGID_9T,9000,34.0,21.0,0.85,TPT,13.6288,79.4192,RNP,12.9249,79.3308,7.85,14.657,4.891,D0026_008,98.57,123.21
S0_base,26,T0026_009,RIGID_9T,9000,34.0,21.0,0.85,MYS,12.2958,76.6394,SLM,11.6643,78.146,12.072,20.341,3.199,D0026_009,222.86,243.12
S0_base,26,T0026_010,RIGID_16T,16000,52.0,26.0,0.72,BID,12.7942,77.3854,KRR,10.9601,78.0766,10.365,20.335,2.548,D0026_010,256.49,279.81
S0_base,26,T0026_011,RIGID_9T,9000,34.0,21.0,0.85,ERD,11.341,77.7172,SLM,11.6643,78.146,8.284,14.857,5.415,D0026_011,73.69,92.11
S0_base,26,T0026_012,RIGID_16T,16000,52.0,26.0,0.72,ONG,15.5057,80.0499,GNT,16.3067,80.4365,5.827,12.788,4.529,D0026_012,122.74,153.43
S0_base,26,T0026_013,RIGID_9T,9000,34.0,21.0,0.85,CHN,13.0827,80.2707,ORG,12.81,79.95,11.809,15.981,7.059,D0026_013,62.27,77.83
S0_base,26,T0026_014,RIGID_9T,9000,34.0,21.0,0.85,ORG,12.81,79.95,CHN,13.0827,80.2707,11.121,15.164,7.18,D0026_014,62.27,77.83
S0_base,26,T0026_015,RIGID_9T,9000,34.0,21.0,0.85,TRP,11.1085,77.3411,SLM,11.6643,78.146,10.102,18.098,4.345,D0026_015,134.15,167.69
S0_base,26,T0026_016,RIGID_16T,16000,52.0,26.0,0.72,TRY,10.7905,78.7047,VLR,12.9165,79.1325,6.173,15.386,2.484,D0026_016,284.31,310.16
S0_base,26,T0026_017,RIGID_9T,9000,34.0,21.0,0.85,KGI,12.5186,78.2137,ORG,12.81,79.95,13.359,20.47,4.507,D0026_017,238.92,260.64
S0_base,26,T0026_018,ARTIC_25T,25000,78.0,31.0,0.62,ERD,11.341,77.7172,NLM,13.0996,77.3936,12.734,21.981,2.857,D0026_018,248.36,270.93
S0_base,26,T0026_019,ARTIC_25T,25000,78.0,31.0,0.62,CTR,13.2172,79.1003,TPT,13.6288,79.4192,10.997,17.547,5.885,D0026_019,71.64,89.55
S0_base,26,T0026_020,RIGID_16T,16000,52.0,26.0,0.72,CTR,13.2172,79.1003,BLR,12.9716,77.5946,9.824,17.745,3.974,D0026_020,206.68,225.47
S0_base,26,T0026_021,RIGID_9T,9000,34.0,21.0,0.85,CTR,13.2172,79.1003,CHN,13.0827,80.2707,11.223,17.013,5.572,D0026_021,159.51,199.39
S0_base,26,T0026_022,ARTIC_25T,25000,78.0,31.0,0.62,BID,12.7942,77.3854,HSR,12.7409,77.8253,5.993,11.278,5.963,D0026_022,64.9,81.12
S0_base,26,T0026_023,RIGID_9T,9000,34.0,21.0,0.85,CTR,13.2172,79.1003,SPB,12.9675,79.943,5.6,11.772,5.453,D0026_023,119.25,149.06
S0_base,26,T0026_024,RIGID_16T,16000,52.0,26.0,0.72,SLM,11.6643,78.146,RNP,12.9249,79.3308,14.906,22.987,3.164,D0026_024,237.88,259.51
S0_base,26,T0026_025,RIGID_16T,16000,52.0,26.0,0.72,HSR,12.7409,77.8253,MYS,12.2958,76.6394,7.015,14.48,5.062,D0026_025,172.4,215.5
S0_base,26,T0026_026,ARTIC_25T,25000,78.0,31.0,0.62,VLR,12.9165,79.1325,ORG,12.81,79.95,12.78,19.737,4.834,D0026_026,111.76,139.7
S0_base,26,T0026_027,ARTIC_25T,25000,78.0,31.0,0.62,VLR,12.9165,79.1325,SPB,12.9675,79.943,11.694,18.658,4.831,D0026_027,110.02,137.53
S0_base,26,T0026_028,RIGID_16T,16000,52.0,26.0,0.72,RNP,12.9249,79.3308,SPB,12.9675,79.943,8.471,13.642,6.265,D0026_028,83.14,103.93
S0_base,26,T0026_029,RIGID_16T,16000,52.0,26.0,0.72,VLR,12.9165,79.1325,GMD,13.4084,80.1082,5.956,13.102,4.346,D0026_029,148.7,185.88
S0_base,27,T0027_000,RIGID_9T,9000,34.0,21.0,0.85,MDU,9.9252,78.1198,KCH,9.9312,76.2673,5.163,14.296,2.881,D0027_000,239.43,261.19
S0_base,27,T0027_001,LCV_3T,3000,14.0,14.0,1.1,HSR,12.7409,77.8253,SPB,12.9675,79.943,9.41,19.096,3.072,D0027_001,272.53,297.3
S0_base,27,T0027_002,LCV_3T,3000,14.0,14.0,1.1,VLR,12.9165,79.1325,GMD,13.4084,80.1082,6.156,13.483,4.419,D0027_002,148.7,185.88
S0_base,27,T0027_003,LCV_3T,3000,14.0,14.0,1.1,MYS,12.2958,76.6394,SLM,11.6643,78.146,10.671,18.138,4.752,D0027_003,222.86,243.12
S0_base,27,T0027_004,RIGID_9T,9000,34.0,21.0,0.85,NMK,11.2189,78.1674,BLR,12.9716,77.5946,9.823,18.482,3.06,D0027_004,241.43,263.38
S0_base,27,T0027_005,RIGID_9T,9000,34.0,21.0,0.85,SLM,11.6643,78.146,ERD,11.341,77.7172,7.877,13.842,5.765,D0027_005,73.69,92.11
S0_base,27,T0027_006,ARTIC_25T,25000,78.0,31.0,0.62,ERD,11.341,77.7172,NMK,11.2189,78.1674,5.505,12.474,5.506,D0027_006,63.67,79.59
S0_base,27,T0027_007,RIGID_16T,16000,52.0,26.0,0.72,ORG,12.81,79.95,RNP,12.9249,79.3308,10.194,15.155,7.009,D0027_007,85.41,106.76
S0_base,27,T0027_008,RIGID_16T,16000,52.0,26.0,0.72,MDU,9.9252,78.1198,ERD,11.341,77.7172,11.84,19.811,4.4,D0027_008,204.33,222.9
S0_base,27,T0027_009,RIGID_16T,16000,52.0,26.0,0.72,MYS,12.2958,76.6394,TRP,11.1085,77.3411,5.88,13.737,4.266,D0027_009,190.67,238.34
S0_base,27,T0027_010,RIGID_9T,9000,34.0,21.0,0.85,TRP,11.1085,77.3411,KCH,9.9312,76.2673,10.428,18.927,4.221,D0027_010,219.8,239.78
S0_base,27,T0027_011,RIGID_9T,9000,34.0,21.0,0.85,ONG,15.5057,80.0499,NLR,14.4426,79.9865,12.959,19.126,5.188,D0027_011,148.01,185.01
S0_base,27,T0027_012,LCV_3T,3000,14.0,14.0,1.1,TPT,13.6288,79.4192,CHN,13.0827,80.2707,14.308,20.628,4.884,D0027_012,137.92,172.4
S0_base,27,T0027_013,RIGID_9T,9000,34.0,21.0,0.85,CHN,13.0827,80.2707,TPT,13.6288,79.4192,7.167,15.087,4.057,D0027_013,137.92,172.4
S0_base,27,T0027_014,RIGID_16T,16000,52.0,26.0,0.72,BLR,12.9716,77.5946,KGI,12.5186,78.2137,8.302,13.569,6.801,D0027_014,104.92,131.15
S0_base,27,T0027_015,RIGID_16T,16000,52.0,26.0,0.72,NLR,14.4426,79.9865,CHN,13.0827,80.2707,11.061,18.041,4.977,D0027_015,192.87,241.09
S0_base,27,T0027_016,RIGID_16T,16000,52.0,26.0,0.72,KGI,12.5186,78.2137,HSR,12.7409,77.8253,7.974,14.192,5.708,D0027_016,65.96,82.45
S0_base,27,T0027_017,RIGID_9T,9000,34.0,21.0,0.85,VLR,12.9165,79.1325,ORG,12.81,79.95,7.152,12.991,6.541,D0027_017,111.76,139.7
S0_base,27,T0027_018,LCV_3T,3000,14.0,14.0,1.1,DGL,10.3624,77.9695,KRR,10.9601,78.0766,6.377,11.686,6.583,D0027_018,84.35,105.44
S0_base,27,T0027_019,LCV_3T,3000,14.0,14.0,1.1,KGI,12.5186,78.2137,RNP,12.9249,79.3308,7.048,12.982,5.493,D0027_019,161.64,202.05
S0_base,27,T0027_020,RIGID_9T,9000,34.0,21.0,0.85,CHN,13.0827,80.2707,CDL,11.748,79.7714,10.581,18.679,4.134,D0027_020,197.51,246.88
S0_base,27,T0027_021,RIGID_16T,16000,52.0,26.0,0.72,TPT,13.6288,79.4192,KPM,12.8342,79.7036,9.526,16.045,4.756,D0027_021,116.96,146.2
S0_base,27,T0027_022,ARTIC_25T,25000,78.0,31.0,0.62,DGL,10.3624,77.9695,TTN,8.7642,78.1348,13.338,21.608,4.002,D0027_022,223.29,243.59
S0_base,27,T0027_023,RIGID_16T,16000,52.0,26.0,0.72,TRY,10.7905,78.7047,MDU,9.9252,78.1198,8.318,16.664,4.358,D0027_023,144.43,180.54
S0_base,27,T0027_024,RIGID_16T,16000,52.0,26.0,0.72,ORG,12.81,79.95,CHN,13.0827,80.2707,7.381,13.137,5.621,D0027_024,62.27,77.83
S0_base,27,T0027_025,LCV_3T,3000,14.0,14.0,1.1,HSR,12.7409,77.8253,TRP,11.1085,77.3411,5.79,15.58,2.975,D0027_025,236.25,257.73
S0_base,27,T0027_026,ARTIC_25T,25000,78.0,31.0,0.62,VLR,12.9165,79.1325,CHN,13.0827,80.2707,9.938,17.074,4.648,D0027_026,155.87,194.84
S0_base,27,T0027_027,ARTIC_25T,25000,78.0,31.0,0.62,VLR,12.9165,79.1325,GMD,13.4084,80.1082,6.257,13.043,5.729,D0027_027,148.7,185.88
S0_base,27,T0027_028,ARTIC_25T,25000,78.0,31.0,0.62,SLM,11.6643,78.146,SPB,12.9675,79.943,7.556,16.639,2.975,D0027_028,286.88,312.96
S0_base,27,T0027_029,RIGID_16T,16000,52.0,26.0,0.72,VLR,12.9165,79.1325,CHN,13.0827,80.2707,9.752,17.752,4.703,D0027_029,155.87,194.84
S0_base,28,T0028_000,ARTIC_25T,25000,78.0,31.0,0.62,TRY,10.7905,78.7047,HSR,12.7409,77.8253,5.628,15.507,2.637,D0028_000,279.73,305.16
S0_base,28,T0028_001,RIGID_16T,16000,52.0,26.0,0.72,MYS,12.2958,76.6394,BID,12.7942,77.3854,11.648,19.258,4.316,D0028_001,122.65,153.31
S0_base,28,T0028_002,RIGID_16T,16000,52.0,26.0,0.72,CTR,13.2172,79.1003,CDL,11.748,79.7714,14.47,22.204,4.179,D0028_002,223.6,243.92
S0_base,28,T0028_003,RIGID_9T,9000,34.0,21.0,0.85,DGL,10.3624,77.9695,CDL,11.748,79.7714,8.708,18.095,2.621,D0028_003,294.78,321.57
S0_base,28,T0028_004,LCV_3T,3000,14.0,14.0,1.1,SLM,11.6643,78.146,TRY,10.7905,78.7047,8.606,15.916,4.087,D0028_004,143.36,179.2
S0_base,28,T0028_005,ARTIC_25T,25000,78.0,31.0,0.62,BLR,12.9716,77.5946,SLM,11.6643,78.146,11.458,20.427,2.715,D0028_005,196.53,245.66
S0_base,28,T0028_006,ARTIC_25T,25000,78.0,31.0,0.62,CTR,13.2172,79.1003,ORG,12.81,79.95,10.134,15.892,6.246,D0028_006,128.24,160.29
S0_base,28,T0028_007,LCV_3T,3000,14.0,14.0,1.1,VLR,12.9165,79.1325,GMD,13.4084,80.1082,13.961,21.685,4.89,D0028_007,148.7,185.88
S0_base,28,T0028_008,RIGID_16T,16000,52.0,26.0,0.72,ORG,12.81,79.95,CHN,13.0827,80.2707,8.242,13.981,6.759,D0028_008,62.27,77.83
S0_base,28,T0028_009,RIGID_16T,16000,52.0,26.0,0.72,ORG,12.81,79.95,PDY,11.9416,79.8083,7.534,14.01,5.612,D0028_009,122.23,152.78
S0_base,28,T0028_010,RIGID_16T,16000,52.0,26.0,0.72,SLM,11.6643,78.146,KGI,12.5186,78.2137,7.809,16.013,4.436,D0028_010,119.1,148.87
S0_base,28,T0028_011,RIGID_16T,16000,52.0,26.0,0.72,VLR,12.9165,79.1325,SPB,12.9675,79.943,8.7,13.883,6.159,D0028_011,110.02,137.53
S0_base,28,T0028_012,LCV_3T,3000,14.0,14.0,1.1,CTR,13.2172,79.1003,CHN,13.0827,80.2707,11.596,20.057,3.84,D0028_012,159.51,199.39
S0_base,28,T0028_013,RIGID_9T,9000,34.0,21.0,0.85,CTR,13.2172,79.1003,SPB,12.9675,79.943,12.911,19.206,5.802,D0028_013,119.25,149.06
S0_base,28,T0028_014,LCV_3T,3000,14.0,14.0,1.1,SLM,11.6643,78.146,SPB,12.9675,79.943,6.608,15.376,2.747,D0028_014,286.88,312.96
S0_base,28,T0028_015,RIGID_16T,16000,52.0,26.0,0.72,HSR,12.7409,77.8253,BID,12.7942,77.3854,9.791,14.984,7.522,D0028_015,64.9,81.12
S0_base,28,T0028_016,LCV_3T,3000,14.0,14.0,1.1,SLM,11.6643,78.146,ERD,11.341,77.7172,10.44,15.987,5.926,D0028_016,73.69,92.11
S0_base,28,T0028_017,RIGID_16T,16000,52.0,26.0,0.72,RNP,12.9249,79.3308,SPB,12.9675,79.943,8.211,13.628,7.107,D0028_017,83.14,103.93
S0_base,28,T0028_018,RIGID_9T,9000,34.0,21.0,0.85,NMK,11.2189,78.1674,SLM,11.6643,78.146,8.531,15.007,5.422,D0028_018,66.93,83.67
S0_base,28,T0028_019,LCV_3T,3000,14.0,14.0,1.1,KRR,10.9601,78.0766,ERD,11.341,77.7172,9.113,15.249,5.386,D0028_019,72.15,90.18
S0_base,28,T0028_020,LCV_3T,3000,14.0,14.0,1.1,TPT,13.6288,79.4192,RNP,12.9249,79.3308,7.223,13.798,5.687,D0028_020,98.57,123.21
S0_base,28,T0028_021,LCV_3T,3000,14.0,14.0,1.1,VLR,12.9165,79.1325,GMD,13.4084,80.1082,5.309,12.896,5.171,D0028_021,148.7,185.88
S0_base,28,T0028_022,LCV_3T,3000,14.0,14.0,1.1,TPT,13.6288,79.4192,CDL,11.748,79.7714,12.379,20.832,2.867,D0028_022,250.86,273.67
S0_base,28,T0028_023,LCV_3T,3000,14.0,14.0,1.1,HSR,12.7409,77.8253,CDL,11.748,79.7714,6.518,16.613,2.664,D0028_023,281.5,307.09
S0_base,28,T0028_024,RIGID_9T,9000,34.0,21.0,0.85,NLM,13.0996,77.3936,HSR,12.7409,77.8253,13.322,17.69,7.068,D0028_024,76.85,96.06
S0_base,28,T0028_025,RIGID_16T,16000,52.0,26.0,0.72,VLR,12.9165,79.1325,ORG,12.81,79.95,10.064,16.189,5.705,D0028_025,111.76,139.7
S0_base,28,T0028_026,ARTIC_25T,25000,78.0,31.0,0.62,HSR,12.7409,77.8253,SPB,12.9675,79.943,10.485,20.322,2.008,D0028_026,272.53,297.3
S0_base,28,T0028_027,RIGID_16T,16000,52.0,26.0,0.72,SLM,11.6643,78.146,ORG,12.81,79.95,12.695,21.353,3.311,D0028_027,275.88,300.96
S0_base,28,T0028_028,ARTIC_25T,25000,78.0,31.0,0.62,RNP,12.9249,79.3308,SPB,12.9675,79.943,10.094,17.316,5.562,D0028_028,83.14,103.93
S0_base,28,T0028_029,LCV_3T,3000,14.0,14.0,1.1,CBE,11.0168,76.9558,KCH,9.9312,76.2673,6.914,15.4,3.104,D0028_029,177.83,222.29
S0_base,29,T0029_000,RIGID_16T,16000,52.0,26.0,0.72,BID,12.7942,77.3854,SLM,11.6643,78.146,11.626,19.882,3.151,D0029_000,187.99,234.98
S0_base,29,T0029_001,RIGID_9T,9000,34.0,21.0,0.85,RNP,12.9249,79.3308,ORG,12.81,79.95,8.605,15.343,5.753,D0029_001,85.41,106.76
S0_base,29,T0029_002,ARTIC_25T,25000,78.0,31.0,0.62,TNJ,10.787,79.1378,ORG,12.81,79.95,12.4,21.226,2.751,D0029_002,285.2,311.13
S0_base,29,T0029_003,RIGID_9T,9000,34.0,21.0,0.85,SPB,12.9675,79.943,GMD,13.4084,80.1082,14.649,20.089,6.973,D0029_003,65.23,81.54
S0_base,29,T0029_004,RIGID_16T,16000,52.0,26.0,0.72,CTR,13.2172,79.1003,SPB,12.9675,79.943,5.505,12.235,4.699,D0029_004,119.25,149.06
S0_base,29,T0029_005,RIGID_9T,9000,34.0,21.0,0.85,MDU,9.9252,78.1198,TTN,8.7642,78.1348,10.266,16.722,4.817,D0029_005,161.38,201.73
S0_base,29,T0029_006,RIGID_16T,16000,52.0,26.0,0.72,HSR,12.7409,77.8253,NLM,13.0996,77.3936,5.475,11.995,5.215,D0029_006,76.85,96.06
S0_base,29,T0029_007,RIGID_9T,9000,34.0,21.0,0.85,ERD,11.341,77.7172,KCH,9.9312,76.2673,13.569,22.598,3.149,D0029_007,263.01,286.92
S0_base,29,T0029_008,RIGID_16T,16000,52.0,26.0,0.72,DGL,10.3624,77.9695,KCH,9.9312,76.2673,9.002,17.833,3.279,D0029_008,240.48,262.34
S0_base,29,T0029_009,RIGID_9T,9000,34.0,21.0,0.85,SLM,11.6643,78.146,VLR,12.9165,79.1325,5.563,14.921,3.24,D0029_009,219.64,239.61
S0_base,29,T0029_010,ARTIC_25T,25000,78.0,31.0,0.62,CBE,11.0168,76.9558,NLM,13.0996,77.3936,7.451,17.097,3.068,D0029_010,279.0,304.36
S0_base,29,T0029_011,ARTIC_25T,25000,78.0,31.0,0.62,VLR,12.9165,79.1325,SPB,12.9675,79.943,14.88,21.465,5.294,D0029_011,110.02,137.53
S0_base,29,T0029_012,LCV_3T,3000,14.0,14.0,1.1,MYS,12.2958,76.6394,TRP,11.1085,77.3411,6.226,15.9,2.909,D0029_012,190.67,238.34
S0_base,29,T0029_013,RIGID_9T,9000,34.0,21.0,0.85,PDY,11.9416,79.8083,HSR,12.7409,77.8253,12.105,21.739,1.824,D0029_013,274.96,299.96
S0_base,29,T0029_014,ARTIC_25T,25000,78.0,31.0,0.62,CHN,13.0827,80.2707,ORG,12.81,79.95,11.652,16.774,7.126,D0029_014,62.27,77.83
S0_base,29,T0029_015,LCV_3T,3000,14.0,14.0,1.1,CHN,13.0827,80.2707,CDL,11.748,79.7714,11.619,20.389,2.983,D0029_015,197.51,246.88
S0_base,29,T0029_016,ARTIC_25T,25000,78.0,31.0,0.62,DPI,12.1211,78.1583,TRY,10.7905,78.7047,13.343,21.042,4.741,D0029_016,199.36,249.2
S0_base,29,T0029_017,ARTIC_25T,25000,78.0,31.0,0.62,VLR,12.9165,79.1325,GMD,13.4084,80.1082,14.836,21.344,5.158,D0029_017,148.7,185.88
S0_base,29,T0029_018,LCV_3T,3000,14.0,14.0,1.1,TRP,11.1085,77.3411,ERD,11.341,77.7172,7.811,13.099,6.685,D0029_018,65.46,81.82
S0_base,29,T0029_019,RIGID_9T,9000,34.0,21.0,0.85,KRR,10.9601,78.0766,HSR,12.7409,77.8253,12.214,19.633,3.851,D0029_019,249.87,272.58
S0_base,29,T0029_020,RIGID_9T,9000,34.0,21.0,0.85,MYS,12.2958,76.6394,BLR,12.9716,77.5946,6.559,14.063,5.093,D0029_020,160.02,200.03
S0_base,29,T0029_021,LCV_3T,3000,14.0,14.0,1.1,BLR,12.9716,77.5946,SPB,12.9675,79.943,12.942,21.22,3.225,D0029_021,300.27,327.57
S0_base,29,T0029_022,LCV_3T,3000,14.0,14.0,1.1,SLM,11.6643,78.146,ORG,12.81,79.95,11.099,20.064,2.549,D0029_022,275.88,300.96
S0_base,29,T0029_023,ARTIC_25T,25000,78.0,31.0,0.62,CTR,13.2172,79.1003,CHN,13.0827,80.2707,5.129,11.862,4.752,D0029_023,159.51,199.39
S0_base,29,T0029_024,RIGID_16T,16000,52.0,26.0,0.72,TRY,10.7905,78.7047,TTN,8.7642,78.1348,10.618,19.136,3.443,D0029_024,275.89,300.97
S0_base,29,T0029_025,RIGID_16T,16000,52.0,26.0,0.72,DPI,12.1211,78.1583,BLR,12.9716,77.5946,14.987,22.293,3.911,D0029_025,140.8,176.0
S0_base,29,T0029_026,RIGID_16T,16000,52.0,26.0,0.72,VLR,12.9165,79.1325,ORG,12.81,79.95,14.065,21.141,5.083,D0029_026,111.76,139.7
S0_base,29,T0029_027,LCV_3T,3000,14.0,14.0,1.1,GMD,13.4084,80.1082,ORG,12.81,79.95,13.804,19.423,6.791,D0029_027,85.89,107.36
S0_base,29,T0029_028,RIGID_16T,16000,52.0,26.0,0.72,TPT,13.6288,79.4192,ORG,12.81,79.95,12.842,19.658,5.817,D0029_028,134.58,168.22
S0_base,29,T0029_029,RIGID_9T,9000,34.0,21.0,0.85,CHN,13.0827,80.2707,TPT,13.6288,79.4192,7.536,13.614,5.298,D0029_029,137.92,172.4
S0_base,30,T0030_000,RIGID_9T,9000,34.0,21.0,0.85,NLR,14.4426,79.9865,GMD,13.4084,80.1082,5.684,11.62,5.522,D0030_000,144.68,180.85
S0_base,30,T0030_001,ARTIC_25T,25000,78.0,31.0,0.62,HSR,12.7409,77.8253,TPT,13.6288,79.4192,10.336,18.633,4.405,D0030_001,248.51,271.1
S0_base,30,T0030_002,RIGID_9T,9000,34.0,21.0,0.85,ERD,11.341,77.7172,MYS,12.2958,76.6394,5.312,13.264,3.259,D0030_002,197.77,247.21
S0_base,30,T0030_003,RIGID_9T,9000,34.0,21.0,0.85,TRP,11.1085,77.3411,KCH,9.9312,76.2673,8.096,15.683,4.109,D0030_003,219.8,239.78
S0_base,30,T0030_004,RIGID_16T,16000,52.0,26.0,0.72,ERD,11.341,77.7172,SLM,11.6643,78.146,6.005,11.812,5.979,D0030_004,73.69,92.11
S0_base,30,T0030_005,RIGID_9T,9000,34.0,21.0,0.85,KGI,12.5186,78.2137,KPM,12.8342,79.7036,13.973,22.206,3.261,D0030_005,206.75,225.54
S0_base,30,T0030_006,LCV_3T,3000,14.0,14.0,1.1,TPT,13.6288,79.4192,KPM,12.8342,79.7036,14.415,21.974,5.237,D0030_006,116.96,146.2
S0_base,30,T0030_007,ARTIC_25T,25000,78.0,31.0,0.62,VLR,12.9165,79.1325,KPM,12.8342,79.7036,13.455,19.214,6.036,D0030_007,78.22,97.78
S0_base,30,T0030_008,RIGID_9T,9000,34.0,21.0,0.85,CTR,13.2172,79.1003,TPT,13.6288,79.4192,12.597,17.396,7.418,D0030_008,71.64,89.55
S0_base,30,T0030_009,LCV_3T,3000,14.0,14.0,1.1,TPT,13.6288,79.4192,KPM,12.8342,79.7036,13.334,19.204,6.198,D0030_009,116.96,146.2
S0_base,30,T0030_010,RIGID_16T,16000,52.0,26.0,0.72,TPT,13.6288,79.4192,KGI,12.5186,78.2137,14.855,24.25,3.188,D0030_010,224.61,245.03
S0_base,30,T0030_011,RIGID_16T,16000,52.0,26.0,0.72,NLR,14.4426,79.9865,CTR,13.2172,79.1003,13.599,21.304,5.053,D0030_011,208.12,227.04
S0_base,30,T0030_012,ARTIC_25T,25000,78.0,31.0,0.62,TPT,13.6288,79.4192,SPB,12.9675,79.943,13.192,19.646,5.272,D0030_012,116.05,145.07
S0_base,30,T0030_013,RIGID_16T,16000,52.0,26.0,0.72,CHN,13.0827,80.2707,KPM,12.8342,79.7036,5.27,11.544,6.122,D0030_013,84.22,105.28
S0_base,30,T0030_014,ARTIC_25T,25000,78.0,31.0,0.62,TPT,13.6288,79.4192,RNP,12.9249,79.3308,14.161,19.803,6.635,D0030_014,98.57,123.21
S0_base,30,T0030_015,RIGID_16T,16000,52.0,26.0,0.72,SPB,12.9675,79.943,RNP,12.9249,79.3308,11.334,18.803,5.197,D0030_015,83.14,103.93
S0_base,30,T0030_016,RIGID_9T,9000,34.0,21.0,0.85,VLR,12.9165,79.1325,CHN,13.0827,80.2707,14.259,21.438,4.529,D0030_016,155.87,194.84
S0_base,30,T0030_017,LCV_3T,3000,14.0,14.0,1.1,CBE,11.0168,76.9558,MDU,9.9252,78.1198,11.058,18.827,4.056,D0030_017,219.84,239.83
S0_base,30,T0030_018,LCV_3T,3000,14.0,14.0,1.1,KPM,12.8342,79.7036,NMK,11.2189,78.1674,13.0,22.297,2.982,D0030_018,289.45,315.76
S0_base,30,T0030_019,LCV_3T,3000,14.0,14.0,1.1,CTR,13.2172,79.1003,KPM,12.8342,79.7036,11.871,18.191,5.276,D0030_019,97.51,121.89
S0_base,30,T0030_020,LCV_3T,3000,14.0,14.0,1.1,ONG,15.5057,80.0499,GNT,16.3067,80.4365,11.863,18.243,6.14,D0030_020,122.74,153.43
S0_base,30,T0030_021,RIGID_16T,16000,52.0,26.0,0.72,VLR,12.9165,79.1325,CDL,11.748,79.7714,12.563,20.328,4.597,D0030_021,184.13,230.16
S0_base,30,T0030_022,RIGID_16T,16000,52.0,26.0,0.72,CDL,11.748,79.7714,KPM,12.8342,79.7036,5.925,11.451,5.699,D0030_022,151.26,189.07
S0_base,30,T0030_023,RIGID_9T,9000,34.0,21.0,0.85,ERD,11.341,77.7172,SLM,11.6643,78.146,7.608,13.549,6.129,D0030_023,73.69,92.11
S0_base,30,T0030_024,RIGID_16T,16000,52.0,26.0,0.72,SLM,11.6643,78.146,MDU,9.9252,78.1198,7.427,15.468,3.211,D0030_024,241.75,263.73
S0_base,30,T0030_025,RIGID_16T,16000,52.0,26.0,0.72,SLM,11.6643,78.146,DPI,12.1211,78.1583,14.556,19.699,6.76,D0030_025,63.51,79.39
S0_base,30,T0030_026,ARTIC_25T,25000,78.0,31.0,0.62,DPI,12.1211,78.1583,KGI,12.5186,78.2137,7.443,11.524,7.545,D0030_026,60.22,75.28
S0_base,30,T0030_027,ARTIC_25T,25000,78.0,31.0,0.62,VLR,12.9165,79.1325,GMD,13.4084,80.1082,5.069,12.419,4.353,D0030_027,148.7,185.88
S0_base,30,T0030_028,ARTIC_25T,25000,78.0,31.0,0.62,NLR,14.4426,79.9865,CHN,13.0827,80.2707,8.458,17.092,3.667,D0030_028,192.87,241.09
S0_base,30,T0030_029,RIGID_9T,9000,34.0,21.0,0.85,DPI,12.1211,78.1583,RNP,12.9249,79.3308,11.893,20.269,3.516,D0030_029,194.4,243.0
S0_base,31,T0031_000,ARTIC_25T,25000,78.0,31.0,0.62,TRP,11.1085,77.3411,KCH,9.9312,76.2673,13.256,21.84,4.021,D0031_000,219.8,239.78
S0_base,31,T0031_001,LCV_3T,3000,14.0,14.0,1.1,TPT,13.6288,79.4192,KPM,12.8342,79.7036,10.577,18.117,4.52,D0031_001,116.96,146.2
S0_base,31,T0031_002,RIGID_16T,16000,52.0,26.0,0.72,GMD,13.4084,80.1082,SPB,12.9675,79.943,8.325,15.078,5.994,D0031_002,65.23,81.54
S0_base,31,T0031_003,ARTIC_25T,25000,78.0,31.0,0.62,HSR,12.7409,77.8253,PDY,11.9416,79.8083,14.704,25.461,1.949,D0031_003,274.96,299.96
S0_base,31,T0031_004,RIGID_9T,9000,34.0,21.0,0.85,BLR,12.9716,77.5946,DPI,12.1211,78.1583,8.902,16.883,3.882,D0031_004,140.8,176.0
S0_base,31,T0031_005,RIGID_16T,16000,52.0,26.0,0.72,MYS,12.2958,76.6394,BID,12.7942,77.3854,7.204,12.554,6.314,D0031_005,122.65,153.31
S0_base,31,T0031_006,ARTIC_25T,25000,78.0,31.0,0.62,RNP,12.9249,79.3308,CDL,11.748,79.7714,6.452,13.665,5.294,D0031_006,174.18,217.72
S0_base,31,T0031_007,LCV_3T,3000,14.0,14.0,1.1,SLM,11.6643,78.146,DPI,12.1211,78.1583,14.852,19.709,6.38,D0031_007,63.51,79.39
S0_base,31,T0031_008,ARTIC_25T,25000,78.0,31.0,0.62,ERD,11.341,77.7172,NMK,11.2189,78.1674,7.841,12.984,7.242,D0031_008,63.67,79.59
S0_base,31,T0031_009,RIGID_16T,16000,52.0,26.0,0.72,NLR,14.4426,79.9865,ORG,12.81,79.95,6.604,13.791,4.323,D0031_009,226.97,247.61
S0_base,31,T0031_010,RIGID_9T,9000,34.0,21.0,0.85,VLR,12.9165,79.1325,SPB,12.9675,79.943,12.533,20.01,4.791,D0031_010,110.02,137.53
S0_base,31,T0031_011,RIGID_9T,9000,34.0,21.0,0.85,NMK,11.2189,78.1674,ERD,11.341,77.7172,5.928,11.574,6.655,D0031_011,63.67,79.59
S0_base,31,T0031_012,LCV_3T,3000,14.0,14.0,1.1,ERD,11.341,77.7172,TRP,11.1085,77.3411,6.746,11.737,6.63,D0031_012,65.46,81.82
S0_base,31,T0031_013,LCV_3T,3000,14.0,14.0,1.1,CBE,11.0168,76.9558,TNJ,10.787,79.1378,6.552,16.53,2.186,D0031_013,282.75,308.45
S0_base,31,T0031_014,RIGID_9T,9000,34.0,21.0,0.85,NLM,13.0996,77.3936,HSR,12.7409,77.8253,10.504,17.632,5.362,D0031_014,76.85,96.06
S0_base,31,T0031_015,ARTIC_25T,25000,78.0,31.0,0.62,SPB,12.9675,79.943,GMD,13.4084,80.1082,10.45,15.676,7.516,D0031_015,65.23,81.54
S0_base,31,T0031_016,RIGID_9T,9000,34.0,21.0,0.85,ERD,11.341,77.7172,TRP,11.1085,77.3411,12.916,19.538,5.958,D0031_016,65.46,81.82
S0_base,31,T0031_017,LCV_3T,3000,14.0,14.0,1.1,ERD,11.341,77.7172,SLM,11.6643,78.146,10.119,16.512,5.651,D0031_017,73.69,92.11
S0_base,31,T0031_018,ARTIC_25T,25000,78.0,31.0,0.62,SLM,11.6643,78.146,RNP,12.9249,79.3308,8.854,16.278,4.374,D0031_018,237.88,259.51
S0_base,31,T0031_019,RIGID_9T,9000,34.0,21.0,0.85,TPT,13.6288,79.4192,ORG,12.81,79.95,13.478,19.823,5.498,D0031_019,134.58,168.22
S0_base,31,T0031_020,RIGID_9T,9000,34.0,21.0,0.85,RNP,12.9249,79.3308,SPB,12.9675,79.943,13.917,19.717,6.082,D0031_020,83.14,103.93
S0_base,31,T0031_021,RIGID_9T,9000,34.0,21.0,0.85,KGI,12.5186,78.2137,PDY,11.9416,79.8083,6.814,13.865,4.771,D0031_021,230.98,251.98
S0_base,31,T0031_022,RIGID_9T,9000,34.0,21.0,0.85,CBE,11.0168,76.9558,KCH,9.9312,76.2673,6.104,12.857,4.598,D0031_022,177.83,222.29
S0_base,31,T0031_023,RIGID_16T,16000,52.0,26.0,0.72,KGI,12.5186,78.2137,RNP,12.9249,79.3308,5.117,11.204,5.392,D0031_023,161.64,202.05
S0_base,31,T0031_024,ARTIC_25T,25000,78.0,31.0,0.62,NLM,13.0996,77.3936,RNP,12.9249,79.3308,10.41,17.827,4.292,D0031_024,248.71,271.32
S0_base,31,T0031_025,LCV_3T,3000,14.0,14.0,1.1,TNJ,10.787,79.1378,PDY,11.9416,79.8083,8.031,16.74,3.593,D0031_025,184.67,230.84
S0_base,31,T0031_026,RIGID_16T,16000,52.0,26.0,0.72,DPI,12.1211,78.1583,TRP,11.1085,77.3411,7.886,16.191,4.318,D0031_026,179.41,224.26
S0_base,31,T0031_027,LCV_3T,3000,14.0,14.0,1.1,TPT,13.6288,79.4192,ORG,12.81,79.95,13.141,19.891,4.609,D0031_027,134.58,168.22
S0_base,31,T0031_028,RIGID_9T,9000,34.0,21.0,0.85,TUM,13.3379,77.1173,BID,12.7942,77.3854,13.311,17.778,6.746,D0031_028,83.84,104.8
S0_base,31,T0031_029,RIGID_16T,16000,52.0,26.0,0.72,KPM,12.8342,79.7036,VLR,12.9165,79.1325,5.171,11.306,5.532,D0031_029,78.22,97.78
S0_base,32,T0032_000,RIGID_16T,16000,52.0,26.0,0.72,ERD,11.341,77.7172,PDY,11.9416,79.8083,13.418,22.116,3.061,D0032_000,280.04,305.5
S0_base,32,T0032_001,RIGID_16T,16000,52.0,26.0,0.72,HSR,12.7409,77.8253,KRR,10.9601,78.0766,10.374,18.451,3.308,D0032_001,249.87,272.58
S0_base,32,T0032_002,RIGID_9T,9000,34.0,21.0,0.85,RNP,12.9249,79.3308,ORG,12.81,79.95,11.521,17.407,6.873,D0032_002,85.41,106.76
S0_base,32,T0032_003,RIGID_9T,9000,34.0,21.0,0.85,KGI,12.5186,78.2137,BID,12.7942,77.3854,8.461,15.732,4.426,D0032_003,118.68,148.35
S0_base,32,T0032_004,RIGID_9T,9000,34.0,21.0,0.85,TPT,13.6288,79.4192,RNP,12.9249,79.3308,13.271,19.609,5.237,D0032_004,98.57,123.21
S0_base,32,T0032_005,RIGID_16T,16000,52.0,26.0,0.72,TPT,13.6288,79.4192,ORG,12.81,79.95,10.903,17.124,5.438,D0032_005,134.58,168.22
S0_base,32,T0032_006,RIGID_9T,9000,34.0,21.0,0.85,HSR,12.7409,77.8253,BID,12.7942,77.3854,8.788,14.103,6.214,D0032_006,64.9,81.12
S0_base,32,T0032_007,ARTIC_25T,25000,78.0,31.0,0.62,TNJ,10.787,79.1378,DPI,12.1211,78.1583,14.548,23.335,3.142,D0032_007,228.45,249.22
S0_base,32,T0032_008,RIGID_16T,16000,52.0,26.0,0.72,ERD,11.341,77.7172,SLM,11.6643,78.146,12.891,18.96,5.519,D0032_008,73.69,92.11
S0_base,32,T0032_009,ARTIC_25T,25000,78.0,31.0,0.62,VLR,12.9165,79.1325,ORG,12.81,79.95,9.362,15.139,6.424,D0032_009,111.76,139.7
S0_base,32,T0032_010,RIGID_9T,9000,34.0,21.0,0.85,VLR,12.9165,79.1325,CDL,11.748,79.7714,9.856,16.556,4.524,D0032_010,184.13,230.16
S0_base,32,T0032_011,RIGID_9T,9000,34.0,21.0,0.85,NMK,11.2189,78.1674,TRP,11.1085,77.3411,7.539,13.527,5.482,D0032_011,113.72,142.15
S0_base,32,T0032_012,RIGID_9T,9000,34.0,21.0,0.85,ORG,12.81,79.95,RNP,12.9249,79.3308,6.249,11.58,6.818,D0032_012,85.41,106.76
S0_base,32,T0032_013,RIGID_16T,16000,52.0,26.0,0.72,TPT,13.6288,79.4192,GMD,13.4084,80.1082,12.023,17.672,5.928,D0032_013,98.02,122.53
S0_base,32,T0032_014,RIGID_9T,9000,34.0,21.0,0.85,KGI,12.5186,78.2137,HSR,12.7409,77.8253,11.806,16.69,6.849,D0032_014,65.96,82.45
S0_base,32,T0032_015,RIGID_16T,16000,52.0,26.0,0.72,HSR,12.7409,77.8253,NLM,13.0996,77.3936,7.816,13.816,5.588,D0032_015,76.85,96.06
S0_base,32,T0032_016,ARTIC_25T,25000,78.0,31.0,0.62,CBE,11.0168,76.9558,SLM,11.6643,78.146,12.826,19.965,4.733,D0032_016,185.5,231.87
S0_base,32,T0032_017,LCV_3T,3000,14.0,14.0,1.1,ONG,15.5057,80.0499,VJA,16.5062,80.648,10.817,19.034,3.942,D0032_017,160.39,200.48
S0_base,32,T0032_018,ARTIC_25T,25000,78.0,31.0,0.62,TPT,13.6288,79.4192,GMD,13.4084,80.1082,12.631,19.126,5.596,D0032_018,98.02,122.53
S0_base,32,T0032_019,RIGID_9T,9000,34.0,21.0,0.85,ORG,12.81,79.95,SLM,11.6643,78.146,9.868,18.26,3.613,D0032_019,275.88,300.96
S0_base,32,T0032_020,ARTIC_25T,25000,78.0,31.0,0.62,VLR,12.9165,79.1325,BLR,12.9716,77.5946,9.063,15.935,4.803,D0032_020,208.47,227.42
S0_base,32,T0032_021,RIGID_16T,16000,52.0,26.0,0.72,NLM,13.0996,77.3936,KGI,12.5186,78.2137,6.907,14.292,4.188,D0032_021,137.39,171.74
S0_base,32,T0032_022,ARTIC_25T,25000,78.0,31.0,0.62,ERD,11.341,77.7172,NLM,13.0996,77.3936,14.461,23.371,2.885,D0032_022,248.36,270.93
S0_base,32,T0032_023,RIGID_16T,16000,52.0,26.0,0.72,BLR,12.9716,77.5946,RNP,12.9249,79.3308,14.585,23.325,3.151,D0032_023,235.27,256.66
S0_base,32,T0032_024,RIGID_9T,9000,34.0,21.0,0.85,ORG,12.81,79.95,CHN,13.0827,80.2707,10.45,15.166,7.651,D0032_024,62.27,77.83
S0_base,32,T0032_025,ARTIC_25T,25000,78.0,31.0,0.62,TRY,10.7905,78.7047,TNJ,10.787,79.1378,8.237,14.054,5.806,D0032_025,63.87,79.83
S0_base,32,T0032_026,LCV_3T,3000,14.0,14.0,1.1,NLR,14.4426,79.9865,CHN,13.0827,80.2707,7.149,14.931,4.932,D0032_026,192.87,241.09
S0_base,32,T0032_027,RIGID_9T,9000,34.0,21.0,0.85,HSR,12.7409,77.8253,SLM,11.6643,78.146,11.142,18.389,4.35,D0032_027,155.85,194.82
S0_base,32,T0032_028,RIGID_9T,9000,34.0,21.0,0.85,BLR,12.9716,77.5946,MYS,12.2958,76.6394,6.418,13.851,5.126,D0032_028,160.02,200.03
S0_base,32,T0032_029,RIGID_9T,9000,34.0,21.0,0.85,CHN,13.0827,80.2707,RNP,12.9249,79.3308,14.834,21.279,6.201,D0032_029,129.17,161.46
S0_base,33,T0033_000,RIGID_9T,9000,34.0,21.0,0.85,CBE,11.0168,76.9558,BID,12.7942,77.3854,14.251,21.563,4.584,D0033_000,239.65,261.43
S0_base,33,T0033_001,RIGID_9T,9000,34.0,21.0,0.85,TNJ,10.787,79.1378,RNP,12.9249,79.3308,7.411,16.927,1.732,D0033_001,281.61,307.21
S0_base,33,T0033_002,RIGID_9T,9000,34.0,21.0,0.85,KGI,12.5186,78.2137,BLR,12.9716,77.5946,11.022,18.849,4.632,D0033_002,104.92,131.15
S0_base,33,T0033_003,RIGID_16T,16000,52.0,26.0,0.72,NLM,13.0996,77.3936,CTR,13.2172,79.1003,13.218,22.384,2.98,D0033_003,231.57,252.62
S0_base,33,T0033_004,RIGID_16T,16000,52.0,26.0,0.72,NLR,14.4426,79.9865,CHN,13.0827,80.2707,14.502,23.357,2.967,D0033_004,192.87,241.09
S0_base,33,T0033_005,RIGID_16T,16000,52.0,26.0,0.72,BLR,12.9716,77.5946,SPB,12.9675,79.943,5.972,16.663,1.702,D0033_005,300.27,327.57
S0_base,33,T0033_006,LCV_3T,3000,14.0,14.0,1.1,CHN,13.0827,80.2707,ORG,12.81,79.95,13.716,18.86,6.859,D0033_006,62.27,77.83
S0_base,33,T0033_007,ARTIC_25T,25000,78.0,31.0,0.62,KGI,12.5186,78.2137,TUM,13.3379,77.1173,8.238,15.217,4.848,D0033_007,187.16,233.95
S0_base,33,T0033_008,LCV_3T,3000,14.0,14.0,1.1,HSR,12.7409,77.8253,TRY,10.7905,78.7047,14.43,25.17,1.774,D0033_008,279.73,305.16
S0_base,33,T0033_009,ARTIC_25T,25000,78.0,31.0,0.62,CTR,13.2172,79.1003,CHN,13.0827,80.2707,10.817,17.848,4.682,D0033_009,159.51,199.39
S0_base,33,T0033_010,RIGID_9T,9000,34.0,21.0,0.85,KGI,12.5186,78.2137,HSR,12.7409,77.8253,5.374,10.393,6.944,D0033_010,65.96,82.45
S0_base,33,T0033_011,RIGID_9T,9000,34.0,21.0,0.85,TPT,13.6288,79.4192,RNP,12.9249,79.3308,10.176,16.309,5.19,D0033_011,98.57,123.21
S0_base,33,T0033_012,LCV_3T,3000,14.0,14.0,1.1,CHN,13.0827,80.2707,KPM,12.8342,79.7036,5.757,11.291,6.955,D0033_012,84.22,105.28
S0_base,33,T0033_013,LCV_3T,3000,14.0,14.0,1.1,CHN,13.0827,80.2707,PDY,11.9416,79.8083,11.054,18.505,4.894,D0033_013,170.57,213.21
S0_base,33,T0033_014,ARTIC_25T,25000,78.0,31.0,0.62,SPB,12.9675,79.943,RNP,12.9249,79.3308,9.677,16.218,5.381,D0033_014,83.14,103.93
S0_base,33,T0033_015,LCV_3T,3000,14.0,14.0,1.1,TPT,13.6288,79.4192,KPM,12.8342,79.7036,14.772,22.013,4.868,D0033_015,116.96,146.2
S0_base,33,T0033_016,LCV_3T,3000,14.0,14.0,1.1,HSR,12.7409,77.8253,BID,12.7942,77.3854,5.918,11.197,7.468,D0033_016,64.9,81.12
S0_base,33,T0033_017,RIGID_9T,9000,34.0,21.0,0.85,KRR,10.9601,78.0766,KCH,9.9312,76.2673,9.99,19.277,3.491,D0033_017,269.68,294.2
S0_base,33,T0033_018,ARTIC_25T,25000,78.0,31.0,0.62,KGI,12.5186,78.2137,SPB,12.9675,79.943,11.117,20.427,2.561,D0033_018,242.6,264.66
S0_base,33,T0033_019,RIGID_16T,16000,52.0,26.0,0.72,KRR,10.9601,78.0766,ERD,11.341,77.7172,10.737,16.019,6.35,D0033_019,72.15,90.18
S0_base,33,T0033_020,RIGID_16T,16000,52.0,26.0,0.72,KPM,12.8342,79.7036,CHN,13.0827,80.2707,14.726,19.409,7.117,D0033_020,84.22,105.28
S0_base,33,T0033_021,LCV_3T,3000,14.0,14.0,1.1,CHN,13.0827,80.2707,KPM,12.8342,79.7036,12.68,19.126,5.078,D0033_021,84.22,105.28
S0_base,33,T0033_022,RIGID_9T,9000,34.0,21.0,0.85,BID,12.7942,77.3854,HSR,12.7409,77.8253,14.165,19.087,7.424,D0033_022,64.9,81.12
S0_base,33,T0033_023,RIGID_9T,9000,34.0,21.0,0.85,MYS,12.2958,76.6394,BID,12.7942,77.3854,9.121,16.724,4.351,D0033_023,122.65,153.31
S0_base,33,T0033_024,LCV_3T,3000,14.0,14.0,1.1,SLM,11.6643,78.146,KRR,10.9601,78.0766,8.976,15.513,5.103,D0033_024,98.34,122.92
S0_base,33,T0033_025,RIGID_16T,16000,52.0,26.0,0.72,TPT,13.6288,79.4192,GMD,13.4084,80.1082,13.924,19.827,6.637,D0033_025,98.02,122.53
S0_base,33,T0033_026,RIGID_16T,16000,52.0,26.0,0.72,CTR,13.2172,79.1003,CHN,13.0827,80.2707,9.787,16.916,5.041,D0033_026,159.51,199.39
S0_base,33,T0033_027,LCV_3T,3000,14.0,14.0,1.1,ORG,12.81,79.95,CHN,13.0827,80.2707,8.246,13.613,6.247,D0033_027,62.27,77.83
S0_base,33,T0033_028,LCV_3T,3000,14.0,14.0,1.1,TPT,13.6288,79.4192,GMD,13.4084,80.1082,5.659,12.844,4.856,D0033_028,98.02,122.53
S0_base,33,T0033_029,RIGID_16T,16000,52.0,26.0,0.72,SLM,11.6643,78.146,ORG,12.81,79.95,5.39,13.958,3.166,D0033_029,275.88,300.96
S0_base,34,T0034_000,LCV_3T,3000,14.0,14.0,1.1,DPI,12.1211,78.1583,BID,12.7942,77.3854,14.399,21.403,5.128,D0034_000,140.56,175.7
S0_base,34,T0034_001,LCV_3T,3000,14.0,14.0,1.1,ORG,12.81,79.95,CHN,13.0827,80.2707,7.307,11.789,7.391,D0034_001,62.27,77.83
S0_base,34,T0034_002,RIGID_9T,9000,34.0,21.0,0.85,DPI,12.1211,78.1583,CHN,13.0827,80.2707,8.133,16.937,3.315,D0034_002,298.47,325.6
S0_base,34,T0034_003,LCV_3T,3000,14.0,14.0,1.1,SLM,11.6643,78.146,SPB,12.9675,79.943,13.472,23.418,2.716,D0034_003,286.88,312.96
S0_base,34,T0034_004,RIGID_9T,9000,34.0,21.0,0.85,TPT,13.6288,79.4192,GMD,13.4084,80.1082,10.462,15.518,6.928,D0034_004,98.02,122.53
S0_base,34,T0034_005,LCV_3T,3000,14.0,14.0,1.1,SPB,12.9675,79.943,GMD,13.4084,80.1082,9.202,13.733,7.337,D0034_005,65.23,81.54
S0_base,34,T0034_006,ARTIC_25T,25000,78.0,31.0,0.62,NMK,11.2189,78.1674,MYS,12.2958,76.6394,14.822,23.45,2.959,D0034_006,241.85,263.84
S0_base,34,T0034_007,LCV_3T,3000,14.0,14.0,1.1,BLR,12.9716,77.5946,SPB,12.9675,79.943,8.751,18.347,1.672,D0034_007,300.27,327.57
S0_base,34,T0034_008,ARTIC_25T,25000,78.0,31.0,0.62,SLM,11.6643,78.146,SPB,12.9675,79.943,6.262,15.591,2.511,D0034_008,286.88,312.96
S0_base,34,T0034_009,ARTIC_25T,25000,78.0,31.0,0.62,CTR,13.2172,79.1003,ORG,12.81,79.95,8.777,14.937,5.217,D0034_009,128.24,160.29
S0_base,34,T0034_010,ARTIC_25T,25000,78.0,31.0,0.62,DPI,12.1211,78.1583,NMK,11.2189,78.1674,10.956,18.391,5.103,D0034_010,125.41,156.76
S0_base,34,T0034_011,RIGID_9T,9000,34.0,21.0,0.85,KRR,10.9601,78.0766,DPI,12.1211,78.1583,12.615,20.259,3.716,D0034_011,161.75,202.19
S0_base,34,T0034_012,RIGID_9T,9000,34.0,21.0,0.85,DPI,12.1211,78.1583,CHN,13.0827,80.2707,9.424,19.605,2.345,D0034_012,298.47,325.6
S0_base,34,T0034_013,RIGID_16T,16000,52.0,26.0,0.72,VLR,12.9165,79.1325,KPM,12.8342,79.7036,10.239,15.47,7.293,D0034_013,78.22,97.78
S0_base,34,T0034_014,LCV_3T,3000,14.0,14.0,1.1,CDL,11.748,79.7714,ORG,12.81,79.95,9.155,17.552,3.903,D0034_014,149.59,186.99
S0_base,34,T0034_015,RIGID_16T,16000,52.0,26.0,0.72,TPT,13.6288,79.4192,SPB,12.9675,79.943,5.494,11.262,5.488,D0034_015,116.05,145.07
S0_base,34,T0034_016,RIGID_9T,9000,34.0,21.0,0.85,PDY,11.9416,79.8083,ORG,12.81,79.95,8.021,13.476,6.411,D0034_016,122.23,152.78
S0_base,34,T0034_017,RIGID_16T,16000,52.0,26.0,0.72,TPT,13.6288,79.4192,CHN,13.0827,80.2707,12.16,20.827,4.008,D0034_017,137.92,172.4
S0_base,34,T0034_018,ARTIC_25T,25000,78.0,31.0,0.62,NMK,11.2189,78.1674,RNP,12.9249,79.3308,13.186,22.358,2.36,D0034_018,269.05,293.51
S0_base,34,T0034_019,RIGID_9T,9000,34.0,21.0,0.85,TPT,13.6288,79.4192,GMD,13.4084,80.1082,6.601,11.88,6.551,D0034_019,98.02,122.53
S0_base,34,T0034_020,RIGID_9T,9000,34.0,21.0,0.85,ERD,11.341,77.7172,CBE,11.0168,76.9558,12.687,18.481,6.115,D0034_020,113.18,141.47
S0_base,34,T0034_021,RIGID_16T,16000,52.0,26.0,0.72,NMK,11.2189,78.1674,KPM,12.8342,79.7036,11.381,20.802,2.033,D0034_021,289.45,315.76
S0_base,34,T0034_022,LCV_3T,3000,14.0,14.0,1.1,SLM,11.6643,78.146,MYS,12.2958,76.6394,10.615,17.588,4.595,D0034_022,222.86,243.12
S0_base,34,T0034_023,LCV_3T,3000,14.0,14.0,1.1,RNP,12.9249,79.3308,GMD,13.4084,80.1082,9.586,15.902,5.196,D0034_023,124.84,156.06
S0_base,34,T0034_024,RIGID_9T,9000,34.0,21.0,0.85,VLR,12.9165,79.1325,ORG,12.81,79.95,10.943,16.36,6.136,D0034_024,111.76,139.7
S0_base,34,T0034_025,LCV_3T,3000,14.0,14.0,1.1,TPT,13.6288,79.4192,ORG,12.81,79.95,8.995,15.443,6.009,D0034_025,134.58,168.22
S0_base,34,T0034_026,RIGID_16T,16000,52.0,26.0,0.72,TUM,13.3379,77.1173,BID,12.7942,77.3854,7.971,13.385,6.518,D0034_026,83.84,104.8
S0_base,34,T0034_027,RIGID_9T,9000,34.0,21.0,0.85,BLR,12.9716,77.5946,CTR,13.2172,79.1003,10.064,18.414,3.242,D0034_027,206.68,225.47
S0_base,34,T0034_028,LCV_3T,3000,14.0,14.0,1.1,HSR,12.7409,77.8253,ORG,12.81,79.95,10.196,19.865,1.973,D0034_028,272.03,296.76
S0_base,34,T0034_029,RIGID_16T,16000,52.0,26.0,0.72,HSR,12.7409,77.8253,BID,12.7942,77.3854,9.583,16.025,6.123,D0034_029,64.9,81.12
S0_base,35,T0035_000,RIGID_9T,9000,34.0,21.0,0.85,SLM,11.6643,78.146,CBE,11.0168,76.9558,12.724,19.542,4.858,D0035_000,185.5,231.87
S0_base,35,T0035_001,ARTIC_25T,25000,78.0,31.0,0.62,CTR,13.2172,79.1003,KGI,12.5186,78.2137,14.022,21.381,5.169,D0035_001,154.47,193.09
S0_base,35,T0035_002,LCV_3T,3000,14.0,14.0,1.1,CTR,13.2172,79.1003,KPM,12.8342,79.7036,6.518,12.732,5.433,D0035_002,97.51,121.89
S0_base,35,T0035_003,ARTIC_25T,25000,78.0,31.0,0.62,KGI,12.5186,78.2137,SLM,11.6643,78.146,13.462,19.848,6.374,D0035_003,119.1,148.87
S0_base,35,T0035_004,ARTIC_25T,25000,78.0,31.0,0.62,MYS,12.2958,76.6394,BLR,12.9716,77.5946,7.815,15.236,3.832,D0035_004,160.02,200.03
S0_base,35,T0035_005,RIGID_9T,9000,34.0,21.0,0.85,CBE,11.0168,76.9558,KCH,9.9312,76.2673,14.0,21.574,5.225,D0035_005,177.83,222.29
S0_base,35,T0035_006,RIGID_16T,16000,52.0,26.0,0.72,KGI,12.5186,78.2137,SLM,11.6643,78.146,8.88,15.28,6.049,D0035_006,119.1,148.87
S0_base,35,T0035_007,RIGID_16T,16000,52.0,26.0,0.72,SPB,12.9675,79.943,GMD,13.4084,80.1082,6.679,12.102,7.032,D0035_007,65.23,81.54
S0_base,35,T0035_008,RIGID_16T,16000,52.0,26.0,0.72,SLM,11.6643,78.146,RNP,12.9249,79.3308,11.859,20.472,2.642,D0035_008,237.88,259.51
S0_base,35,T0035_009,ARTIC_25T,25000,78.0,31.0,0.62,CHN,13.0827,80.2707,ORG,12.81,79.95,6.211,12.434,5.619,D0035_009,62.27,77.83
S0_base,35,T0035_010,RIGID_16T,16000,52.0,26.0,0.72,TNJ,10.787,79.1378,PDY,11.9416,79.8083,5.909,13.651,5.051,D0035_010,184.67,230.84
S0_base,35,T0035_011,ARTIC_25T,25000,78.0,31.0,0.62,TRY,10.7905,78.7047,TNJ,10.787,79.1378,9.763,15.664,6.126,D0035_011,63.87,79.83
S0_base,35,T0035_012,LCV_3T,3000,14.0,14.0,1.1,GMD,13.4084,80.1082,RNP,12.9249,79.3308,5.799,11.17,6.35,D0035_012,124.84,156.06
S0_base,35,T0035_013,RIGID_16T,16000,52.0,26.0,0.72,NGC,8.1833,77.4119,TTN,8.7642,78.1348,14.833,21.771,4.336,D0035_013,128.05,160.06
S0_base,35,T0035_014,RIGID_9T,9000,34.0,21.0,0.85,VLR,12.9165,79.1325,CHN,13.0827,80.2707,9.803,15.993,5.417,D0035_014,155.87,194.84
S0_base,35,T0035_015,RIGID_9T,9000,34.0,21.0,0.85,CHN,13.0827,80.2707,ORG,12.81,79.95,13.876,19.754,6.426,D0035_015,62.27,77.83
S0_base,35,T0035_016,RIGID_16T,16000,52.0,26.0,0.72,ERD,11.341,77.7172,TRP,11.1085,77.3411,8.979,13.083,7.401,D0035_016,65.46,81.82
S0_base,35,T0035_017,RIGID_9T,9000,34.0,21.0,0.85,DPI,12.1211,78.1583,ERD,11.341,77.7172,7.97,15.404,4.537,D0035_017,123.94,154.92
S0_base,35,T0035_018,RIGID_16T,16000,52.0,26.0,0.72,CTR,13.2172,79.1003,KPM,12.8342,79.7036,14.596,21.192,5.942,D0035_018,97.51,121.89
S0_base,35,T0035_019,RIGID_9T,9000,34.0,21.0,0.85,NLR,14.4426,79.9865,ORG,12.81,79.95,14.812,22.715,3.765,D0035_019,226.97,247.61
S0_base,35,T0035_020,RIGID_9T,9000,34.0,21.0,0.85,SLM,11.6643,78.146,CDL,11.748,79.7714,13.511,20.981,4.522,D0035_020,221.53,241.67
S0_base,35,T0035_021,ARTIC_25T,25000,78.0,31.0,0.62,SLM,11.6643,78.146,TRY,10.7905,78.7047,14.936,21.899,5.285,D0035_021,143.36,179.2
S0_base,35,T0035_022,RIGID_9T,9000,34.0,21.0,0.85,KGI,12.5186,78.2137,DPI,12.1211,78.1583,13.989,19.873,6.449,D0035_022,60.22,75.28
S0_base,35,T0035_023,LCV_3T,3000,14.0,14.0,1.1,TRY,10.7905,78.7047,SLM,11.6643,78.146,11.484,20.145,4.056,D0035_023,143.36,179.2
S0_base,35,T0035_024,LCV_3T,3000,14.0,14.0,1.1,MDU,9.9252,78.1198,TRP,11.1085,77.3411,7.495,15.425,4.574,D0035_024,195.89,244.87
S0_base,35,T0035_025,LCV_3T,3000,14.0,14.0,1.1,DPI,12.1211,78.1583,ORG,12.81,79.95,11.281,19.079,3.762,D0035_025,246.7,269.13
S0_base,35,T0035_026,LCV_3T,3000,14.0,14.0,1.1,GMD,13.4084,80.1082,SPB,12.9675,79.943,6.853,13.329,5.796,D0035_026,65.23,81.54
S0_base,35,T0035_027,RIGID_16T,16000,52.0,26.0,0.72,HSR,12.7409,77.8253,RNP,12.9249,79.3308,13.953,21.003,4.798,D0035_027,205.62,224.32
S0_base,35,T0035_028,ARTIC_25T,25000,78.0,31.0,0.62,DPI,12.1211,78.1583,BID,12.7942,77.3854,8.718,15.094,5.844,D0035_028,140.56,175.7
S0_base,35,T0035_029,LCV_3T,3000,14.0,14.0,1.1,MYS,12.2958,76.6394,TRP,11.1085,77.3411,10.519,18.767,4.388,D0035_029,190.67,238.34
S0_base,36,T0036_000,RIGID_9T,9000,34.0,21.0,0.85,NLR,14.4426,79.9865,ORG,12.81,79.95,13.083,20.744,4.222,D0036_000,226.97,247.61
S0_base,36,T0036_001,RIGID_9T,9000,34.0,21.0,0.85,ERD,11.341,77.7172,CBE,11.0168,76.9558,5.367,11.002,6.204,D0036_001,113.18,141.47
S0_base,36,T0036_002,LCV_3T,3000,14.0,14.0,1.1,NLR,14.4426,79.9865,SPB,12.9675,79.943,10.39,19.211,3.796,D0036_002,205.11,223.76
S0_base,36,T0036_003,ARTIC_25T,25000,78.0,31.0,0.62,ERD,11.341,77.7172,MYS,12.2958,76.6394,6.913,15.065,4.624,D0036_003,197.77,247.21
S0_base,36,T0036_004,LCV_3T,3000,14.0,14.0,1.1,NLM,13.0996,77.3936,MYS,12.2958,76.6394,7.379,14.465,5.272,D0036_004,151.46,189.32
S0_base,36,T0036_005,RIGID_9T,9000,34.0,21.0,0.85,BLR,12.9716,77.5946,RNP,12.9249,79.3308,7.233,16.034,2.899,D0036_005,235.27,256.66
S0_base,36,T0036_006,ARTIC_25T,25000,78.0,31.0,0.62,VLR,12.9165,79.1325,PDY,11.9416,79.8083,13.036,20.465,3.94,D0036_006,163.63,204.54
S0_base,36,T0036_007,LCV_3T,3000,14.0,14.0,1.1,DPI,12.1211,78.1583,CHN,13.0827,80.2707,13.096,22.121,2.873,D0036_007,298.47,325.6
S0_base,36,T0036_008,RIGID_9T,9000,34.0,21.0,0.85,KGI,12.5186,78.2137,SLM,11.6643,78.146,10.78,17.543,5.284,D0036_008,119.1,148.87
S0_base,36,T0036_009,RIGID_9T,9000,34.0,21.0,0.85,VLR,12.9165,79.1325,SPB,12.9675,79.943,5.544,13.585,4.523,D0036_009,110.02,137.53
S0_base,36,T0036_010,RIGID_9T,9000,34.0,21.0,0.85,KGI,12.5186,78.2137,HSR,12.7409,77.8253,10.404,15.06,6.598,D0036_010,65.96,82.45
S0_base,36,T0036_011,RIGID_16T,16000,52.0,26.0,0.72,ERD,11.341,77.7172,CBE,11.0168,76.9558,13.094,19.227,5.735,D0036_011,113.18,141.47
S0_base,36,T0036_012,LCV_3T,3000,14.0,14.0,1.1,HSR,12.7409,77.8253,RNP,12.9249,79.3308,12.302,20.142,4.344,D0036_012,205.62,224.32
S0_base,36,T0036_013,RIGID_16T,16000,52.0,26.0,0.72,ERD,11.341,77.7172,NMK,11.2189,78.1674,13.465,17.47,7.609,D0036_013,63.67,79.59
S0_base,36,T0036_014,RIGID_9T,9000,34.0,21.0,0.85,HSR,12.7409,77.8253,SLM,11.6643,78.146,10.452,16.957,5.45,D0036_014,155.85,194.82
S0_base,36,T0036_015,LCV_3T,3000,14.0,14.0,1.1,CTR,13.2172,79.1003,ORG,12.81,79.95,8.65,15.142,5.856,D0036_015,128.24,160.29
S0_base,36,T0036_016,RIGID_16T,16000,52.0,26.0,0.72,ORG,12.81,79.95,CHN,13.0827,80.2707,13.123,17.574,6.916,D0036_016,62.27,77.83
S0_base,36,T0036_017,RIGID_16T,16000,52.0,26.0,0.72,ERD,11.341,77.7172,CBE,11.0168,76.9558,13.503,19.442,6.458,D0036_017,113.18,141.47
S0_base,36,T0036_018,LCV_3T,3000,14.0,14.0,1.1,CTR,13.2172,79.1003,KPM,12.8342,79.7036,11.173,16.617,5.931,D0036_018,97.51,121.89
S0_base,36,T0036_019,LCV_3T,3000,14.0,14.0,1.1,KGI,12.5186,78.2137,TRP,11.1085,77.3411,10.639,17.634,4.51,D0036_019,229.14,249.98
S0_base,36,T0036_020,ARTIC_25T,25000,78.0,31.0,0.62,KRR,10.9601,78.0766,HSR,12.7409,77.8253,13.474,22.811,2.988,D0036_020,249.87,272.58
S0_base,36,T0036_021,RIGID_16T,16000,52.0,26.0,0.72,NLR,14.4426,79.9865,VLR,12.9165,79.1325,5.197,15.503,2.419,D0036_021,241.44,263.39
S0_base,36,T0036_022,LCV_3T,3000,14.0,14.0,1.1,DPI,12.1211,78.1583,RNP,12.9249,79.3308,8.368,16.49,4.148,D0036_022,194.4,243.0
S0_base,36,T0036_023,LCV_3T,3000,14.0,14.0,1.1,NLR,14.4426,79.9865,CHN,13.0827,80.2707,11.608,21.316,2.844,D0036_023,192.87,241.09
S0_base,36,T0036_024,RIGID_9T,9000,34.0,21.0,0.85,HSR,12.7409,77.8253,ERD,11.341,77.7172,8.754,17.911,2.951,D0036_024,195.13,243.91
S0_base,36,T0036_025,ARTIC_25T,25000,78.0,31.0,0.62,ORG,12.81,79.95,CHN,13.0827,80.2707,8.889,13.976,7.566,D0036_025,62.27,77.83
S0_base,36,T0036_026,RIGID_9T,9000,34.0,21.0,0.85,TRY,10.7905,78.7047,TNJ,10.787,79.1378,11.312,17.418,5.686,D0036_026,63.87,79.83
S0_base,36,T0036_027,LCV_3T,3000,14.0,14.0,1.1,TRP,11.1085,77.3411,ERD,11.341,77.7172,5.882,10.457,7.151,D0036_027,65.46,81.82
S0_base,36,T0036_028,RIGID_16T,16000,52.0,26.0,0.72,NMK,11.2189,78.1674,TRY,10.7905,78.7047,7.169,12.942,5.932,D0036_028,94.44,118.05
S0_base,36,T0036_029,RIGID_9T,9000,34.0,21.0,0.85,NMK,11.2189,78.1674,SLM,11.6643,78.146,9.964,14.98,7.067,D0036_029,66.93,83.67
S0_base,37,T0037_000,RIGID_16T,16000,52.0,26.0,0.72,MDU,9.9252,78.1198,TTN,8.7642,78.1348,13.011,20.131,4.982,D0037_000,161.38,201.73
S0_base,37,T0037_001,ARTIC_25T,25000,78.0,31.0,0.62,HSR,12.7409,77.8253,RNP,12.9249,79.3308,5.782,14.672,3.201,D0037_001,205.62,224.32
S0_base,37,T0037_002,RIGID_16T,16000,52.0,26.0,0.72,SLM,11.6643,78.146,ERD,11.341,77.7172,13.36,17.558,7.323,D0037_002,73.69,92.11
S0_base,37,T0037_003,RIGID_9T,9000,34.0,21.0,0.85,CBE,11.0168,76.9558,DGL,10.3624,77.9695,10.087,17.756,3.772,D0037_003,165.66,207.07
S0_base,37,T0037_004,RIGID_9T,9000,34.0,21.0,0.85,CHN,13.0827,80.2707,KPM,12.8342,79.7036,13.512,20.014,5.061,D0037_004,84.22,105.28
S0_base,37,T0037_005,ARTIC_25T,25000,78.0,31.0,0.62,DPI,12.1211,78.1583,SPB,12.9675,79.943,9.124,18.798,2.474,D0037_005,254.13,277.23
S0_base,37,T0037_006,RIGID_9T,9000,34.0,21.0,0.85,TPT,13.6288,79.4192,CHN,13.0827,80.2707,6.381,14.454,4.531,D0037_006,137.92,172.4
S0_base,37,T0037_007,RIGID_9T,9000,34.0,21.0,0.85,BLR,12.9716,77.5946,RNP,12.9249,79.3308,5.307,15.077,2.801,D0037_007,235.27,256.66
S0_base,37,T0037_008,LCV_3T,3000,14.0,14.0,1.1,DPI,12.1211,78.1583,BLR,12.9716,77.5946,14.212,21.705,4.555,D0037_008,140.8,176.0
S0_base,37,T0037_009,RIGID_9T,9000,34.0,21.0,0.85,DPI,12.1211,78.1583,TPT,13.6288,79.4192,13.469,21.929,3.698,D0037_009,255.24,278.44
S0_base,37,T0037_010,RIGID_9T,9000,34.0,21.0,0.85,ERD,11.341,77.7172,SLM,11.6643,78.146,7.405,11.803,6.83,D0037_010,73.69,92.11
S0_base,37,T0037_011,LCV_3T,3000,14.0,14.0,1.1,TPT,13.6288,79.4192,KPM,12.8342,79.7036,10.428,16.05,6.513,D0037_011,116.96,146.2
S0_base,37,T0037_012,ARTIC_25T,25000,78.0,31.0,0.62,VLR,12.9165,79.1325,SPB,12.9675,79.943,13.072,18.831,5.571,D0037_012,110.02,137.53
S0_base,37,T0037_013,RIGID_16T,16000,52.0,26.0,0.72,CBE,11.0168,76.9558,KCH,9.9312,76.2673,5.542,13.903,3.874,D0037_013,177.83,222.29
S0_base,37,T0037_014,ARTIC_25T,25000,78.0,31.0,0.62,MDU,9.9252,78.1198,TRY,10.7905,78.7047,10.11,17.464,4.531,D0037_014,144.43,180.54
S0_base,37,T0037_015,RIGID_9T,9000,34.0,21.0,0.85,CHN,13.0827,80.2707,VLR,12.9165,79.1325,10.08,17.089,4.625,D0037_015,155.87,194.84
S0_base,37,T0037_016,LCV_3T,3000,14.0,14.0,1.1,SLM,11.6643,78.146,DPI,12.1211,78.1583,13.84,19.293,6.182,D0037_016,63.51,79.39
S0_base,37,T0037_017,RIGID_9T,9000,34.0,21.0,0.85,BLR,12.9716,77.5946,MYS,12.2958,76.6394,11.964,17.697,5.521,D0037_017,160.02,200.03
S0_base,37,T0037_018,ARTIC_25T,25000,78.0,31.0,0.62,SLM,11.6643,78.146,ORG,12.81,79.95,14.001,24.941,1.807,D0037_018,275.88,300.96
S0_base,37,T0037_019,RIGID_16T,16000,52.0,26.0,0.72,GMD,13.4084,80.1082,SPB,12.9675,79.943,5.596,10.963,6.348,D0037_019,65.23,81.54
S0_base,37,T0037_020,RIGID_16T,16000,52.0,26.0,0.72,ERD,11.341,77.7172,TRY,10.7905,78.7047,6.208,13.875,4.445,D0037_020,154.92,193.65
S0_base,37,T0037_021,RIGID_16T,16000,52.0,26.0,0.72,CTR,13.2172,79.1003,CDL,11.748,79.7714,12.543,20.245,3.659,D0037_021,223.6,243.92
S0_base,37,T0037_022,ARTIC_25T,25000,78.0,31.0,0.62,TRP,11.1085,77.3411,KCH,9.9312,76.2673,7.014,15.912,3.189,D0037_022,219.8,239.78
S0_base,37,T0037_023,ARTIC_25T,25000,78.0,31.0,0.62,CHN,13.0827,80.2707,ORG,12.81,79.95,5.652,10.187,7.669,D0037_023,62.27,77.83
S0_base,37,T0037_024,RIGID_9T,9000,34.0,21.0,0.85,VLR,12.9165,79.1325,ORG,12.81,79.95,11.391,16.443,6.414,D0037_024,111.76,139.7
S0_base,37,T0037_025,LCV_3T,3000,14.0,14.0,1.1,KGI,12.5186,78.2137,NLM,13.0996,77.3936,14.838,21.258,4.867,D0037_025,137.39,171.74
S0_base,37,T0037_026,RIGID_16T,16000,52.0,26.0,0.72,CTR,13.2172,79.1003,SPB,12.9675,79.943,12.792,19.616,5.413,D0037_026,119.25,149.06
S0_base,37,T0037_027,LCV_3T,3000,14.0,14.0,1.1,BLR,12.9716,77.5946,RNP,12.9249,79.3308,8.963,15.551,4.665,D0037_027,235.27,256.66
S0_base,37,T0037_028,RIGID_16T,16000,52.0,26.0,0.72,TNJ,10.787,79.1378,TRY,10.7905,78.7047,14.838,18.866,7.539,D0037_028,63.87,79.83
S0_base,37,T0037_029,RIGID_9T,9000,34.0,21.0,0.85,ERD,11.341,77.7172,SLM,11.6643,78.146,14.152,20.07,5.531,D0037_029,73.69,92.11
S0_base,38,T0038_000,RIGID_9T,9000,34.0,21.0,0.85,SLM,11.6643,78.146,TRP,11.1085,77.3411,9.98,17.682,4.336,D0038_000,134.15,167.69
S0_base,38,T0038_001,RIGID_16T,16000,52.0,26.0,0.72,CHN,13.0827,80.2707,ORG,12.81,79.95,9.709,15.484,6.368,D0038_001,62.27,77.83
S0_base,38,T0038_002,RIGID_9T,9000,34.0,21.0,0.85,VLR,12.9165,79.1325,CHN,13.0827,80.2707,7.397,16.018,4.129,D0038_002,155.87,194.84
S0_base,38,T0038_003,RIGID_9T,9000,34.0,21.0,0.85,TRP,11.1085,77.3411,KCH,9.9312,76.2673,10.506,18.492,4.269,D0038_003,219.8,239.78
S0_base,38,T0038_004,RIGID_16T,16000,52.0,26.0,0.72,MDU,9.9252,78.1198,TTN,8.7642,78.1348,6.385,14.215,4.123,D0038_004,161.38,201.73
S0_base,38,T0038_005,RIGID_16T,16000,52.0,26.0,0.72,SLM,11.6643,78.146,TUM,13.3379,77.1173,7.318,15.845,3.096,D0038_005,256.1,279.38
S0_base,38,T0038_006,RIGID_9T,9000,34.0,21.0,0.85,CBE,11.0168,76.9558,KCH,9.9312,76.2673,14.39,21.266,5.075,D0038_006,177.83,222.29
S0_base,38,T0038_007,ARTIC_25T,25000,78.0,31.0,0.62,KPM,12.8342,79.7036,CHN,13.0827,80.2707,9.765,15.776,5.639,D0038_007,84.22,105.28
S0_base,38,T0038_008,RIGID_16T,16000,52.0,26.0,0.72,SPB,12.9675,79.943,TPT,13.6288,79.4192,6.088,11.583,5.882,D0038_008,116.05,145.07
S0_base,38,T0038_009,RIGID_9T,9000,34.0,21.0,0.85,SLM,11.6643,78.146,TRY,10.7905,78.7047,5.074,11.663,4.939,D0038_009,143.36,179.2
S0_base,38,T0038_010,LCV_3T,3000,14.0,14.0,1.1,TRP,11.1085,77.3411,HSR,12.7409,77.8253,5.561,14.708,3.01,D0038_010,236.25,257.73
S0_base,38,T0038_011,RIGID_9T,9000,34.0,21.0,0.85,MYS,12.2958,76.6394,MLR,12.9141,74.856,9.738,17.042,4.486,D0038_011,242.34,264.37
S0_base,38,T0038_012,ARTIC_25T,25000,78.0,31.0,0.62,VLR,12.9165,79.1325,TNJ,10.787,79.1378,14.811,22.198,3.813,D0038_012,279.41,304.81
S0_base,38,T0038_013,RIGID_9T,9000,34.0,21.0,0.85,TRY,10.7905,78.7047,RNP,12.9249,79.3308,9.412,18.046,3.345,D0038_013,291.37,317.85
S0_base,38,T0038_014,ARTIC_25T,25000,78.0,31.0,0.62,VLR,12.9165,79.1325,CHN,13.0827,80.2707,14.483,20.398,5.467,D0038_014,155.87,194.84
S0_base,38,T0038_015,RIGID_9T,9000,34.0,21.0,0.85,TRY,10.7905,78.7047,MDU,9.9252,78.1198,7.565,15.25,4.271,D0038_015,144.43,180.54
S0_base,38,T0038_016,RIGID_9T,9000,34.0,21.0,0.85,CHN,13.0827,80.2707,RNP,12.9249,79.3308,8.378,14.657,5.936,D0038_016,129.17,161.46
S0_base,38,T0038_017,RIGID_9T,9000,34.0,21.0,0.85,TPT,13.6288,79.4192,RNP,12.9249,79.3308,14.626,19.583,6.402,D0038_017,98.57,123.21
S0_base,38,T0038_018,RIGID_9T,9000,34.0,21.0,0.85,BLR,12.9716,77.5946,ERD,11.341,77.7172,7.945,16.525,2.815,D0038_018,227.25,247.91
S0_base,38,T0038_019,RIGID_9T,9000,34.0,21.0,0.85,KGI,12.5186,78.2137,HSR,12.7409,77.8253,14.685,20.75,6.599,D0038_019,65.96,82.45
S0_base,38,T0038_020,ARTIC_25T,25000,78.0,31.0,0.62,VLR,12.9165,79.1325,KPM,12.8342,79.7036,12.408,18.664,5.846,D0038_020,78.22,97.78
S0_base,38,T0038_021,RIGID_16T,16000,52.0,26.0,0.72,BLR,12.9716,77.5946,SPB,12.9675,79.943,8.756,16.832,3.518,D0038_021,300.27,327.57
S0_base,38,T0038_022,RIGID_9T,9000,34.0,21.0,0.85,ERD,11.341,77.7172,TRY,10.7905,78.7047,12.398,18.6,5.345,D0038_022,154.92,193.65
S0_base,38,T0038_023,ARTIC_25T,25000,78.0,31.0,0.62,KGI,12.5186,78.2137,HSR,12.7409,77.8253,14.583,19.664,6.263,D0038_023,65.96,82.45
S0_base,38,T0038_024,RIGID_9T,9000,34.0,21.0,0.85,MDU,9.9252,78.1198,TTN,8.7642,78.1348,5.72,13.475,4.724,D0038_024,161.38,201.73
S0_base,38,T0038_025,RIGID_9T,9000,34.0,21.0,0.85,KGI,12.5186,78.2137,SPB,12.9675,79.943,13.584,21.513,3.885,D0038_025,242.6,264.66
S0_base,38,T0038_026,RIGID_9T,9000,34.0,21.0,0.85,BLR,12.9716,77.5946,TUM,13.3379,77.1173,8.085,15.026,5.106,D0038_026,82.25,102.82
S0_base,38,T0038_027,LCV_3T,3000,14.0,14.0,1.1,CTR,13.2172,79.1003,BLR,12.9716,77.5946,14.225,20.832,4.814,D0038_027,206.68,225.47
S0_base,38,T0038_028,ARTIC_25T,25000,78.0,31.0,0.62,SLM,11.6643,78.146,ERD,11.341,77.7172,7.924,13.927,6.549,D0038_028,73.69,92.11
S0_base,38,T0038_029,RIGID_16T,16000,52.0,26.0,0.72,ORG,12.81,79.95,RNP,12.9249,79.3308,5.224,9.919,6.576,D0038_029,85.41,106.76
S0_base,39,T0039_000,RIGID_9T,9000,34.0,21.0,0.85,TRY,10.7905,78.7047,CDL,11.748,79.7714,7.677,15.776,3.445,D0039_000,197.12,246.39
S0_base,39,T0039_001,ARTIC_25T,25000,78.0,31.0,0.62,RNP,12.9249,79.3308,ORG,12.81,79.95,12.543,16.977,7.159,D0039_001,85.41,106.76
S0_base,39,T0039_002,RIGID_9T,9000,34.0,21.0,0.85,NMK,11.2189,78.1674,DGL,10.3624,77.9695,6.906,13.233,5.148,D0039_002,122.08,152.6
S0_base,39,T0039_003,LCV_3T,3000,14.0,14.0,1.1,BLR,12.9716,77.5946,VLR,12.9165,79.1325,11.796,20.266,3.379,D0039_003,208.47,227.42
S0_base,39,T0039_004,LCV_3T,3000,14.0,14.0,1.1,GMD,13.4084,80.1082,SPB,12.9675,79.943,13.142,18.804,5.921,D0039_004,65.23,81.54
S0_base,39,T0039_005,RIGID_9T,9000,34.0,21.0,0.85,ERD,11.341,77.7172,TRP,11.1085,77.3411,5.202,9.608,6.989,D0039_005,65.46,81.82
S0_base,39,T0039_006,RIGID_16T,16000,52.0,26.0,0.72,DGL,10.3624,77.9695,KRR,10.9601,78.0766,13.093,17.848,7.19,D0039_006,84.35,105.44
S0_base,39,T0039_007,LCV_3T,3000,14.0,14.0,1.1,BLR,12.9716,77.5946,MYS,12.2958,76.6394,5.062,11.381,5.539,D0039_007,160.02,200.03
S0_base,39,T0039_008,RIGID_9T,9000,34.0,21.0,0.85,BID,12.7942,77.3854,KGI,12.5186,78.2137,12.954,17.905,6.296,D0039_008,118.68,148.35
S0_base,39,T0039_009,RIGID_9T,9000,34.0,21.0,0.85,KGI,12.5186,78.2137,RNP,12.9249,79.3308,13.098,18.858,5.565,D0039_009,161.64,202.05
S0_base,39,T0039_010,RIGID_16T,16000,52.0,26.0,0.72,DPI,12.1211,78.1583,KGI,12.5186,78.2137,9.989,15.697,6.81,D0039_010,60.22,75.28
S0_base,39,T0039_011,RIGID_16T,16000,52.0,26.0,0.72,NMK,11.2189,78.1674,SLM,11.6643,78.146,12.462,19.242,5.577,D0039_011,66.93,83.67
S0_base,39,T0039_012,ARTIC_25T,25000,78.0,31.0,0.62,NMK,11.2189,78.1674,CBE,11.0168,76.9558,8.419,16.404,3.658,D0039_012,167.61,209.52
S0_base,39,T0039_013,ARTIC_25T,25000,78.0,31.0,0.62,VLR,12.9165,79.1325,ORG,12.81,79.95,5.355,12.578,5.167,D0039_013,111.76,139.7
S0_base,39,T0039_014,LCV_3T,3000,14.0,14.0,1.1,TRY,10.7905,78.7047,NMK,11.2189,78.1674,9.86,15.789,5.792,D0039_014,94.44,118.05
S0_base,39,T0039_015,RIGID_16T,16000,52.0,26.0,0.72,BLR,12.9716,77.5946,DPI,12.1211,78.1583,12.128,20.399,4.202,D0039_015,140.8,176.0
S0_base,39,T0039_016,ARTIC_25T,25000,78.0,31.0,0.62,TRP,11.1085,77.3411,ERD,11.341,77.7172,13.781,20.397,6.009,D0039_016,65.46,81.82
S0_base,39,T0039_017,RIGID_16T,16000,52.0,26.0,0.72,DGL,10.3624,77.9695,TRY,10.7905,78.7047,11.169,18.665,5.135,D0039_017,116.75,145.94
S0_base,39,T0039_018,ARTIC_25T,25000,78.0,31.0,0.62,TPT,13.6288,79.4192,CTR,13.2172,79.1003,6.464,13.182,5.904,D0039_018,71.64,89.55
S0_base,39,T0039_019,LCV_3T,3000,14.0,14.0,1.1,CHN,13.0827,80.2707,ORG,12.81,79.95,7.448,11.465,7.254,D0039_019,62.27,77.83
S0_base,39,T0039_020,ARTIC_25T,25000,78.0,31.0,0.62,MDU,9.9252,78.1198,TTN,8.7642,78.1348,8.079,15.995,3.798,D0039_020,161.38,201.73
S0_base,39,T0039_021,LCV_3T,3000,14.0,14.0,1.1,GMD,13.4084,80.1082,SPB,12.9675,79.943,11.855,16.718,6.628,D0039_021,65.23,81.54
S0_base,39,T0039_022,RIGID_16T,16000,52.0,26.0,0.72,SLM,11.6643,78.146,MDU,9.9252,78.1198,10.497,17.978,4.39,D0039_022,241.75,263.73
S0_base,39,T0039_023,RIGID_16T,16000,52.0,26.0,0.72,ERD,11.341,77.7172,TRP,11.1085,77.3411,12.796,19.694,5.656,D0039_023,65.46,81.82
S0_base,39,T0039_024,LCV_3T,3000,14.0,14.0,1.1,CHN,13.0827,80.2707,RNP,12.9249,79.3308,6.644,12.158,6.267,D0039_024,129.17,161.46
S0_base,39,T0039_025,ARTIC_25T,25000,78.0,31.0,0.62,TUM,13.3379,77.1173,BLR,12.9716,77.5946,5.5,10.053,7.054,D0039_025,82.25,102.82
S0_base,39,T0039_026,ARTIC_25T,25000,78.0,31.0,0.62,CTR,13.2172,79.1003,SPB,12.9675,79.943,6.213,11.969,5.515,D0039_026,119.25,149.06
S0_base,39,T0039_027,RIGID_9T,9000,34.0,21.0,0.85,TNJ,10.787,79.1378,RNP,12.9249,79.3308,6.373,15.232,2.467,D0039_027,281.61,307.21
S0_base,39,T0039_028,RIGID_9T,9000,34.0,21.0,0.85,CTR,13.2172,79.1003,SPB,12.9675,79.943,11.479,17.104,6.011,D0039_028,119.25,149.06
S0_base,39,T0039_029,RIGID_16T,16000,52.0,26.0,0.72,NLM,13.0996,77.3936,HSR,12.7409,77.8253,5.138,12.256,5.234,D0039_029,76.85,96.06
S0_base,40,T0040_000,LCV_3T,3000,14.0,14.0,1.1,TPT,13.6288,79.4192,PDY,11.9416,79.8083,5.295,13.45,3.231,D0040_000,240.37,262.22
S0_base,40,T0040_001,RIGID_16T,16000,52.0,26.0,0.72,TUM,13.3379,77.1173,BLR,12.9716,77.5946,9.761,15.827,5.677,D0040_001,82.25,102.82
S0_base,40,T0040_002,LCV_3T,3000,14.0,14.0,1.1,KRR,10.9601,78.0766,ERD,11.341,77.7172,9.924,15.235,6.433,D0040_002,72.15,90.18
S0_base,40,T0040_003,RIGID_9T,9000,34.0,21.0,0.85,NLM,13.0996,77.3936,ERD,11.341,77.7172,6.104,13.047,4.315,D0040_003,248.36,270.93
S0_base,40,T0040_004,RIGID_16T,16000,52.0,26.0,0.72,BLR,12.9716,77.5946,ATP,14.6819,77.6006,5.708,13.395,3.956,D0040_004,237.72,259.33
S0_base,40,T0040_005,RIGID_9T,9000,34.0,21.0,0.85,CBE,11.0168,76.9558,ERD,11.341,77.7172,14.146,21.923,4.511,D0040_005,113.18,141.47
S0_base,40,T0040_006,RIGID_16T,16000,52.0,26.0,0.72,KGI,12.5186,78.2137,BLR,12.9716,77.5946,14.499,20.084,5.662,D0040_006,104.92,131.15
S0_base,40,T0040_007,RIGID_9T,9000,34.0,21.0,0.85,CTR,13.2172,79.1003,SPB,12.9675,79.943,7.587,14.883,4.99,D0040_007,119.25,149.06
S0_base,40,T0040_008,RIGID_16T,16000,52.0,26.0,0.72,NGC,8.1833,77.4119,KCH,9.9312,76.2673,6.34,16.339,1.905,D0040_008,273.12,297.94
S0_base,40,T0040_009,RIGID_9T,9000,34.0,21.0,0.85,ORG,12.81,79.95,CHN,13.0827,80.2707,9.785,13.641,7.636,D0040_009,62.27,77.83
S0_base,40,T0040_010,ARTIC_25T,25000,78.0,31.0,0.62,CTR,13.2172,79.1003,KPM,12.8342,79.7036,13.798,19.068,6.091,D0040_010,97.51,121.89
S0_base,40,T0040_011,RIGID_9T,9000,34.0,21.0,0.85,MDU,9.9252,78.1198,TTN,8.7642,78.1348,12.018,19.197,5.382,D0040_011,161.38,201.73
S0_base,40,T0040_012,RIGID_9T,9000,34.0,21.0,0.85,HSR,12.7409,77.8253,KGI,12.5186,78.2137,13.802,18.838,7.226,D0040_012,65.96,82.45
S0_base,40,T0040_013,RIGID_9T,9000,34.0,21.0,0.85,GMD,13.4084,80.1082,TPT,13.6288,79.4192,10.293,16.545,5.301,D0040_013,98.02,122.53
S0_base,40,T0040_014,ARTIC_25T,25000,78.0,31.0,0.62,TRP,11.1085,77.3411,KGI,12.5186,78.2137,9.942,17.533,4.779,D0040_014,229.14,249.98
S0_base,40,T0040_015,LCV_3T,3000,14.0,14.0,1.1,MDU,9.9252,78.1198,CBE,11.0168,76.9558,11.579,19.358,4.634,D0040_015,219.84,239.83
S0_base,40,T0040_016,LCV_3T,3000,14.0,14.0,1.1,TPT,13.6288,79.4192,SPB,12.9675,79.943,14.279,21.642,4.416,D0040_016,116.05,145.07
S0_base,40,T0040_017,RIGID_9T,9000,34.0,21.0,0.85,SPB,12.9675,79.943,PDY,11.9416,79.8083,14.609,22.002,4.045,D0040_017,143.76,179.7
S0_base,40,T0040_018,LCV_3T,3000,14.0,14.0,1.1,NMK,11.2189,78.1674,PDY,11.9416,79.8083,8.605,17.832,3.207,D0040_018,244.97,267.24
S0_base,40,T0040_019,ARTIC_25T,25000,78.0,31.0,0.62,MDU,9.9252,78.1198,TTN,8.7642,78.1348,5.372,13.11,3.693,D0040_019,161.38,201.73
S0_base,40,T0040_020,RIGID_9T,9000,34.0,21.0,0.85,MDU,9.9252,78.1198,KRR,10.9601,78.0766,5.442,11.009,5.822,D0040_020,143.97,179.96
S0_base,40,T0040_021,LCV_3T,3000,14.0,14.0,1.1,TPT,13.6288,79.4192,CHN,13.0827,80.2707,11.546,18.15,5.785,D0040_021,137.92,172.4
S0_base,40,T0040_022,RIGID_16T,16000,52.0,26.0,0.72,BLR,12.9716,77.5946,KGI,12.5186,78.2137,6.505,13.138,4.626,D0040_022,104.92,131.15
S0_base,40,T0040_023,RIGID_9T,9000,34.0,21.0,0.85,DGL,10.3624,77.9695,ERD,11.341,77.7172,6.316,14.009,3.994,D0040_023,140.31,175.39
S0_base,40,T0040_024,RIGID_9T,9000,34.0,21.0,0.85,KGI,12.5186,78.2137,ORG,12.81,79.95,10.908,18.027,4.123,D0040_024,238.92,260.64
S0_base,40,T0040_025,RIGID_16T,16000,52.0,26.0,0.72,RNP,12.9249,79.3308,SPB,12.9675,79.943,13.688,19.228,6.227,D0040_025,83.14,103.93
S0_base,40,T0040_026,RIGID_16T,16000,52.0,26.0,0.72,SLM,11.6643,78.146,ERD,11.341,77.7172,6.075,11.225,6.658,D0040_026,73.69,92.11
S0_base,40,T0040_027,RIGID_16T,16000,52.0,26.0,0.72,DGL,10.3624,77.9695,MDU,9.9252,78.1198,14.548,19.111,7.438,D0040_027,64.15,80.19
S0_base,40,T0040_028,RIGID_16T,16000,52.0,26.0,0.72,TPT,13.6288,79.4192,ORG,12.81,79.95,8.6,15.512,5.693,D0040_028,134.58,168.22
S0_base,40,T0040_029,LCV_3T,3000,14.0,14.0,1.1,KRR,10.9601,78.0766,TRP,11.1085,77.3411,9.742,15.547,6.506,D0040_029,102.44,128.05
S0_base,41,T0041_000,RIGID_9T,9000,34.0,21.0,0.85,VLR,12.9165,79.1325,KPM,12.8342,79.7036,7.176,13.165,5.942,D0041_000,78.22,97.78
S0_base,41,T0041_001,RIGID_9T,9000,34.0,21.0,0.85,TRY,10.7905,78.7047,NMK,11.2189,78.1674,7.39,13.808,5.49,D0041_001,94.44,118.05
S0_base,41,T0041_002,RIGID_9T,9000,34.0,21.0,0.85,CHN,13.0827,80.2707,KPM,12.8342,79.7036,14.737,20.96,6.095,D0041_002,84.22,105.28
S0_base,41,T0041_003,RIGID_16T,16000,52.0,26.0,0.72,DPI,12.1211,78.1583,CDL,11.748,79.7714,13.771,21.133,4.058,D0041_003,225.41,245.9
S0_base,41,T0041_004,LCV_3T,3000,14.0,14.0,1.1,KGI,12.5186,78.2137,SLM,11.6643,78.146,12.624,18.256,6.002,D0041_004,119.1,148.87
S0_base,41,T0041_005,LCV_3T,3000,14.0,14.0,1.1,SPB,12.9675,79.943,GMD,13.4084,80.1082,13.263,17.173,7.358,D0041_005,65.23,81.54
S0_base,41,T0041_006,LCV_3T,3000,14.0,14.0,1.1,CTR,13.2172,79.1003,SPB,12.9675,79.943,7.443,13.979,5.67,D0041_006,119.25,149.06
S0_base,41,T0041_007,RIGID_9T,9000,34.0,21.0,0.85,SLM,11.6643,78.146,ORG,12.81,79.95,10.005,19.324,2.954,D0041_007,275.88,300.96
S0_base,41,T0041_008,RIGID_16T,16000,52.0,26.0,0.72,ERD,11.341,77.7172,TRP,11.1085,77.3411,14.255,19.17,6.618,D0041_008,65.46,81.82
S0_base,41,T0041_009,LCV_3T,3000,14.0,14.0,1.1,ORG,12.81,79.95,GMD,13.4084,80.1082,9.497,14.937,6.106,D0041_009,85.89,107.36
S0_base,41,T0041_010,ARTIC_25T,25000,78.0,31.0,0.62,TPT,13.6288,79.4192,GMD,13.4084,80.1082,11.602,18.333,5.216,D0041_010,98.02,122.53
S0_base,41,T0041_011,LCV_3T,3000,14.0,14.0,1.1,TRY,10.7905,78.7047,MDU,9.9252,78.1198,5.352,12.771,4.767,D0041_011,144.43,180.54
S0_base,41,T0041_012,RIGID_9T,9000,34.0,21.0,0.85,NLM,13.0996,77.3936,HSR,12.7409,77.8253,14.476,19.954,6.588,D0041_012,76.85,96.06
S0_base,41,T0041_013,RIGID_16T,16000,52.0,26.0,0.72,HSR,12.7409,77.8253,ORG,12.81,79.95,9.668,18.743,2.749,D0041_013,272.03,296.76
S0_base,41,T0041_014,RIGID_9T,9000,34.0,21.0,0.85,VLR,12.9165,79.1325,ERD,11.341,77.7172,13.022,22.054,3.291,D0041_014,275.13,300.14
S0_base,41,T0041_015,RIGID_9T,9000,34.0,21.0,0.85,CHN,13.0827,80.2707,ORG,12.81,79.95,11.481,16.181,7.278,D0041_015,62.27,77.83
S0_base,41,T0041_016,RIGID_9T,9000,34.0,21.0,0.85,VLR,12.9165,79.1325,ORG,12.81,79.95,12.471,17.725,6.632,D0041_016,111.76,139.7
S0_base,41,T0041_017,RIGID_16T,16000,52.0,26.0,0.72,NMK,11.2189,78.1674,BID,12.7942,77.3854,7.432,17.103,2.733,D0041_017,243.4,265.53
S0_base,41,T0041_018,RIGID_9T,9000,34.0,21.0,0.85,VLR,12.9165,79.1325,CHN,13.0827,80.2707,8.888,16.669,4.546,D0041_018,155.87,194.84
S0_base,41,T0041_019,RIGID_16T,16000,52.0,26.0,0.72,TPT,13.6288,79.4192,GMD,13.4084,80.1082,9.574,14.995,6.35,D0041_019,98.02,122.53
S0_base,41,T0041_020,LCV_3T,3000,14.0,14.0,1.1,TUM,13.3379,77.1173,BLR,12.9716,77.5946,11.234,18.835,5.153,D0041_020,82.25,102.82
S0_base,41,T0041_021,LCV_3T,3000,14.0,14.0,1.1,PDY,11.9416,79.8083,SLM,11.6643,78.146,10.126,19.627,3.289,D0041_021,229.42,250.28
S0_base,41,T0041_022,RIGID_16T,16000,52.0,26.0,0.72,TPT,13.6288,79.4192,PDY,11.9416,79.8083,7.693,16.634,3.406,D0041_022,240.37,262.22
S0_base,41,T0041_023,RIGID_16T,16000,52.0,26.0,0.72,CHN,13.0827,80.2707,RNP,12.9249,79.3308,9.908,16.739,5.798,D0041_023,129.17,161.46
S0_base,41,T0041_024,RIGID_16T,16000,52.0,26.0,0.72,ERD,11.341,77.7172,CBE,11.0168,76.9558,9.346,16.997,5.01,D0041_024,113.18,141.47
S0_base,41,T0041_025,RIGID_16T,16000,52.0,26.0,0.72,KRR,10.9601,78.0766,DPI,12.1211,78.1583,14.194,20.982,4.838,D0041_025,161.75,202.19
S0_base,41,T0041_026,RIGID_9T,9000,34.0,21.0,0.85,DPI,12.1211,78.1583,CTR,13.2172,79.1003,14.313,22.662,4.291,D0041_026,198.82,248.52
S0_base,41,T0041_027,RIGID_9T,9000,34.0,21.0,0.85,BLR,12.9716,77.5946,RNP,12.9249,79.3308,7.524,16.126,3.882,D0041_027,235.27,256.66
S0_base,41,T0041_028,LCV_3T,3000,14.0,14.0,1.1,HSR,12.7409,77.8253,DPI,12.1211,78.1583,11.866,18.239,5.01,D0041_028,97.29,121.61
S0_base,41,T0041_029,LCV_3T,3000,14.0,14.0,1.1,NLR,14.4426,79.9865,ONG,15.5057,80.0499,13.799,20.562,5.155,D0041_029,148.01,185.01
S0_base,42,T0042_000,RIGID_9T,9000,34.0,21.0,0.85,HSR,12.7409,77.8253,SLM,11.6643,78.146,12.908,21.07,4.179,D0042_000,155.85,194.82
S0_base,42,T0042_001,ARTIC_25T,25000,78.0,31.0,0.62,TUM,13.3379,77.1173,HSR,12.7409,77.8253,11.331,17.975,5.949,D0042_001,126.79,158.49
S0_base,42,T0042_002,RIGID_16T,16000,52.0,26.0,0.72,NLR,14.4426,79.9865,GMD,13.4084,80.1082,12.969,20.984,4.095,D0042_002,144.68,180.85
S0_base,42,T0042_003,RIGID_16T,16000,52.0,26.0,0.72,DPI,12.1211,78.1583,HSR,12.7409,77.8253,5.183,10.519,6.35,D0042_003,97.29,121.61
S0_base,42,T0042_004,RIGID_9T,9000,34.0,21.0,0.85,HSR,12.7409,77.8253,SPB,12.9675,79.943,12.273,20.67,4.01,D0042_004,272.53,297.3
S0_base,42,T0042_005,RIGID_16T,16000,52.0,26.0,0.72,TPT,13.6288,79.4192,CTR,13.2172,79.1003,12.545,17.301,7.084,D0042_005,71.64,89.55
S0_base,42,T0042_006,ARTIC_25T,25000,78.0,31.0,0.62,HSR,12.7409,77.8253,KGI,12.5186,78.2137,14.337,18.612,6.979,D0042_006,65.96,82.45
S0_base,42,T0042_007,RIGID_16T,16000,52.0,26.0,0.72,MYS,12.2958,76.6394,BLR,12.9716,77.5946,7.658,16.343,4.051,D0042_007,160.02,200.03
S0_base,42,T0042_008,ARTIC_25T,25000,78.0,31.0,0.62,KGI,12.5186,78.2137,KPM,12.8342,79.7036,9.394,16.389,4.394,D0042_008,206.75,225.54
S0_base,42,T0042_009,LCV_3T,3000,14.0,14.0,1.1,KGI,12.5186,78.2137,HSR,12.7409,77.8253,14.171,19.499,7.427,D0042_009,65.96,82.45
S0_base,42,T0042_010,RIGID_9T,9000,34.0,21.0,0.85,VLR,12.9165,79.1325,BLR,12.9716,77.5946,13.586,21.771,3.308,D0042_010,208.47,227.42
S0_base,42,T0042_011,ARTIC_25T,25000,78.0,31.0,0.62,DPI,12.1211,78.1583,ORG,12.81,79.95,6.274,15.943,2.838,D0042_011,246.7,269.13
S0_base,42,T0042_012,ARTIC_25T,25000,78.0,31.0,0.62,NGC,8.1833,77.4119,TTN,8.7642,78.1348,6.809,14.954,4.376,D0042_012,128.05,160.06
S0_base,42,T0042_013,RIGID_16T,16000,52.0,26.0,0.72,CHN,13.0827,80.2707,ORG,12.81,79.95,6.942,11.353,6.952,D0042_013,62.27,77.83
S0_base,42,T0042_014,RIGID_16T,16000,52.0,26.0,0.72,HSR,12.7409,77.8253,KGI,12.5186,78.2137,6.039,10.408,7.403,D0042_014,65.96,82.45
S0_base,42,T0042_015,RIGID_9T,9000,34.0,21.0,0.85,VLR,12.9165,79.1325,ORG,12.81,79.95,7.098,12.903,5.572,D0042_015,111.76,139.7
S0_base,42,T0042_016,RIGID_16T,16000,52.0,26.0,0.72,NMK,11.2189,78.1674,DPI,12.1211,78.1583,8.882,16.778,4.329,D0042_016,125.41,156.76
S0_base,42,T0042_017,RIGID_16T,16000,52.0,26.0,0.72,CHN,13.0827,80.2707,ORG,12.81,79.95,5.564,10.579,6.743,D0042_017,62.27,77.83
S0_base,42,T0042_018,ARTIC_25T,25000,78.0,31.0,0.62,TPT,13.6288,79.4192,SPB,12.9675,79.943,10.731,17.515,5.509,D0042_018,116.05,145.07
S0_base,42,T0042_019,RIGID_9T,9000,34.0,21.0,0.85,BID,12.7942,77.3854,RNP,12.9249,79.3308,6.237,13.62,3.85,D0042_019,249.44,272.12
S0_base,42,T0042_020,LCV_3T,3000,14.0,14.0,1.1,KGI,12.5186,78.2137,NLM,13.0996,77.3936,12.977,19.281,5.097,D0042_020,137.39,171.74
S0_base,42,T0042_021,RIGID_16T,16000,52.0,26.0,0.72,TNJ,10.787,79.1378,TRY,10.7905,78.7047,11.443,15.446,7.365,D0042_021,63.87,79.83
S0_base,42,T0042_022,LCV_3T,3000,14.0,14.0,1.1,KGI,12.5186,78.2137,DPI,12.1211,78.1583,10.592,15.294,7.058,D0042_022,60.22,75.28
S0_base,42,T0042_023,RIGID_9T,9000,34.0,21.0,0.85,TPT,13.6288,79.4192,CHN,13.0827,80.2707,6.891,13.346,5.439,D0042_023,137.92,172.4
S0_base,42,T0042_024,RIGID_16T,16000,52.0,26.0,0.72,KGI,12.5186,78.2137,SPB,12.9675,79.943,5.865,14.136,2.992,D0042_024,242.6,264.66
S0_base,42,T0042_025,RIGID_9T,9000,34.0,21.0,0.85,DGL,10.3624,77.9695,TRP,11.1085,77.3411,5.178,11.505,5.177,D0042_025,134.6,168.26
S0_base,42,T0042_026,LCV_3T,3000,14.0,14.0,1.1,CBE,11.0168,76.9558,KCH,9.9312,76.2673,9.131,17.128,3.788,D0042_026,177.83,222.29
S0_base,42,T0042_027,RIGID_16T,16000,52.0,26.0,0.72,ERD,11.341,77.7172,KRR,10.9601,78.0766,10.133,15.351,6.117,D0042_027,72.15,90.18
S0_base,42,T0042_028,RIGID_9T,9000,34.0,21.0,0.85,CBE,11.0168,76.9558,MYS,12.2958,76.6394,7.997,16.214,3.424,D0042_028,182.92,228.65
S0_base,42,T0042_029,RIGID_9T,9000,34.0,21.0,0.85,TPT,13.6288,79.4192,ORG,12.81,79.95,6.315,14.612,4.24,D0042_029,134.58,168.22
S0_base,43,T0043_000,LCV_3T,3000,14.0,14.0,1.1,KGI,12.5186,78.2137,TRY,10.7905,78.7047,14.041,23.153,2.305,D0043_000,249.32,271.99
S0_base,43,T0043_001,LCV_3T,3000,14.0,14.0,1.1,TNJ,10.787,79.1378,TRY,10.7905,78.7047,9.664,15.293,6.02,D0043_001,63.87,79.83
S0_base,43,T0043_002,RIGID_16T,16000,52.0,26.0,0.72,HSR,12.7409,77.8253,NLM,13.0996,77.3936,6.065,13.18,5.325,D0043_002,76.85,96.06
S0_base,43,T0043_003,RIGID_9T,9000,34.0,21.0,0.85,MYS,12.2958,76.6394,NLM,13.0996,77.3936,14.893,22.375,4.574,D0043_003,151.46,189.32
S0_base,43,T0043_004,LCV_3T,3000,14.0,14.0,1.1,BLR,12.9716,77.5946,KPM,12.8342,79.7036,11.689,20.109,3.458,D0043_004,270.34,294.91
S0_base,43,T0043_005,RIGID_16T,16000,52.0,26.0,0.72,SLM,11.6643,78.146,HSR,12.7409,77.8253,10.631,18.865,4.012,D0043_005,155.85,194.82
S0_base,43,T0043_006,RIGID_16T,16000,52.0,26.0,0.72,KGI,12.5186,78.2137,BID,12.7942,77.3854,8.723,16.341,5.053,D0043_006,118.68,148.35
S0_base,43,T0043_007,RIGID_16T,16000,52.0,26.0,0.72,PDY,11.9416,79.8083,ORG,12.81,79.95,7.357,13.145,5.796,D0043_007,122.23,152.78
S0_base,43,T0043_008,RIGID_9T,9000,34.0,21.0,0.85,TRP,11.1085,77.3411,NLM,13.0996,77.3936,12.123,19.82,4.13,D0043_008,261.34,285.1
S0_base,43,T0043_009,ARTIC_25T,25000,78.0,31.0,0.62,VLR,12.9165,79.1325,PDY,11.9416,79.8083,6.369,15.185,3.546,D0043_009,163.63,204.54
S0_base,43,T0043_010,LCV_3T,3000,14.0,14.0,1.1,TRP,11.1085,77.3411,TUM,13.3379,77.1173,14.344,23.16,2.479,D0043_010,293.92,320.64
S0_base,43,T0043_011,RIGID_16T,16000,52.0,26.0,0.72,KPM,12.8342,79.7036,CHN,13.0827,80.2707,12.282,18.261,5.799,D0043_011,84.22,105.28
S0_base,43,T0043_012,RIGID_16T,16000,52.0,26.0,0.72,TRY,10.7905,78.7047,SLM,11.6643,78.146,6.488,12.272,5.648,D0043_012,143.36,179.2
S0_base,43,T0043_013,RIGID_9T,9000,34.0,21.0,0.85,CHN,13.0827,80.2707,ORG,12.81,79.95,6.092,11.56,6.254,D0043_013,62.27,77.83
S0_base,43,T0043_014,LCV_3T,3000,14.0,14.0,1.1,TRY,10.7905,78.7047,CDL,11.748,79.7714,12.735,20.676,3.33,D0043_014,197.12,246.39
S0_base,43,T0043_015,LCV_3T,3000,14.0,14.0,1.1,MDU,9.9252,78.1198,KCH,9.9312,76.2673,10.746,18.024,4.359,D0043_015,239.43,261.19
S0_base,43,T0043_016,RIGID_9T,9000,34.0,21.0,0.85,KGI,12.5186,78.2137,ORG,12.81,79.95,11.449,20.658,3.171,D0043_016,238.92,260.64
S0_base,43,T0043_017,ARTIC_25T,25000,78.0,31.0,0.62,DGL,10.3624,77.9695,TTN,8.7642,78.1348,13.113,20.43,4.761,D0043_017,223.29,243.59
S0_base,43,T0043_018,RIGID_16T,16000,52.0,26.0,0.72,VLR,12.9165,79.1325,SPB,12.9675,79.943,6.962,13.8,4.931,D0043_018,110.02,137.53
S0_base,43,T0043_019,RIGID_16T,16000,52.0,26.0,0.72,NGC,8.1833,77.4119,TTN,8.7642,78.1348,8.477,13.764,6.052,D0043_019,128.05,160.06
S0_base,43,T0043_020,ARTIC_25T,25000,78.0,31.0,0.62,VLR,12.9165,79.1325,ORG,12.81,79.95,9.201,15.53,5.231,D0043_020,111.76,139.7
S0_base,43,T0043_021,RIGID_16T,16000,52.0,26.0,0.72,MDU,9.9252,78.1198,TTN,8.7642,78.1348,13.534,21.773,4.319,D0043_021,161.38,201.73
S0_base,43,T0043_022,LCV_3T,3000,14.0,14.0,1.1,TPT,13.6288,79.4192,ORG,12.81,79.95,10.129,16.908,4.865,D0043_022,134.58,168.22
S0_base,43,T0043_023,RIGID_9T,9000,34.0,21.0,0.85,CHN,13.0827,80.2707,CTR,13.2172,79.1003,10.039,17.661,4.675,D0043_023,159.51,199.39
S0_base,43,T0043_024,RIGID_9T,9000,34.0,21.0,0.85,TPT,13.6288,79.4192,PDY,11.9416,79.8083,14.631,21.575,4.557,D0043_024,240.37,262.22
S0_base,43,T0043_025,RIGID_9T,9000,34.0,21.0,0.85,TPT,13.6288,79.4192,SPB,12.9675,79.943,14.496,21.647,5.54,D0043_025,116.05,145.07
S0_base,43,T0043_026,RIGID_16T,16000,52.0,26.0,0.72,SLM,11.6643,78.146,ERD,11.341,77.7172,5.35,9.963,6.972,D0043_026,73.69,92.11
S0_base,43,T0043_027,LCV_3T,3000,14.0,14.0,1.1,BLR,12.9716,77.5946,DPI,12.1211,78.1583,5.607,13.596,4.287,D0043_027,140.8,176.0
S0_base,43,T0043_028,LCV_3T,3000,14.0,14.0,1.1,CTR,13.2172,79.1003,CHN,13.0827,80.2707,12.6,18.802,5.065,D0043_028,159.51,199.39
S0_base,43,T0043_029,RIGID_9T,9000,34.0,21.0,0.85,TPT,13.6288,79.4192,CTR,13.2172,79.1003,12.382,19.567,5.504,D0043_029,71.64,89.55
S0_base,44,T0044_000,RIGID_16T,16000,52.0,26.0,0.72,CBE,11.0168,76.9558,HSR,12.7409,77.8253,13.267,21.203,4.271,D0044_000,252.27,275.2
S0_base,44,T0044_001,RIGID_9T,9000,34.0,21.0,0.85,TPT,13.6288,79.4192,RNP,12.9249,79.3308,10.953,16.717,5.834,D0044_001,98.57,123.21
S0_base,44,T0044_002,ARTIC_25T,25000,78.0,31.0,0.62,SLM,11.6643,78.146,RNP,12.9249,79.3308,13.747,23.882,2.535,D0044_002,237.88,259.51
S0_base,44,T0044_003,RIGID_9T,9000,34.0,21.0,0.85,SPB,12.9675,79.943,RNP,12.9249,79.3308,6.412,13.248,5.673,D0044_003,83.14,103.93
S0_base,44,T0044_004,RIGID_9T,9000,34.0,21.0,0.85,NMK,11.2189,78.1674,ERD,11.341,77.7172,9.089,14.274,6.452,D0044_004,63.67,79.59
S0_base,44,T0044_005,RIGID_9T,9000,34.0,21.0,0.85,ERD,11.341,77.7172,TRP,11.1085,77.3411,10.78,15.853,6.436,D0044_005,65.46,81.82
S0_base,44,T0044_006,RIGID_9T,9000,34.0,21.0,0.85,TUM,13.3379,77.1173,BID,12.7942,77.3854,8.794,14.002,6.69,D0044_006,83.84,104.8
S0_base,44,T0044_007,RIGID_9T,9000,34.0,21.0,0.85,ORG,12.81,79.95,CHN,13.0827,80.2707,7.098,13.82,5.588,D0044_007,62.27,77.83
S0_base,44,T0044_008,RIGID_9T,9000,34.0,21.0,0.85,CTR,13.2172,79.1003,CHN,13.0827,80.2707,9.087,17.243,3.672,D0044_008,159.51,199.39
S0_base,44,T0044_009,LCV_3T,3000,14.0,14.0,1.1,TPT,13.6288,79.4192,HSR,12.7409,77.8253,5.188,12.596,4.216,D0044_009,248.51,271.1
S0_base,44,T0044_010,RIGID_16T,16000,52.0,26.0,0.72,CBE,11.0168,76.9558,KCH,9.9312,76.2673,13.111,22.049,3.455,D0044_010,177.83,222.29
S0_base,44,T0044_011,LCV_3T,3000,14.0,14.0,1.1,CBE,11.0168,76.9558,BLR,12.9716,77.5946,11.461,20.815,2.46,D0044_011,269.27,293.75
S0_base,44,T0044_012,RIGID_16T,16000,52.0,26.0,0.72,GMD,13.4084,80.1082,KPM,12.8342,79.7036,8.177,12.86,6.665,D0044_012,96.79,120.99
S0_base,44,T0044_013,RIGID_9T,9000,34.0,21.0,0.85,HSR,12.7409,77.8253,ORG,12.81,79.95,13.581,21.894,3.602,D0044_013,272.03,296.76
S0_base,44,T0044_014,ARTIC_25T,25000,78.0,31.0,0.62,VLR,12.9165,79.1325,SPB,12.9675,79.943,8.128,15.413,4.973,D0044_014,110.02,137.53
S0_base,44,T0044_015,RIGID_9T,9000,34.0,21.0,0.85,SLM,11.6643,78.146,DPI,12.1211,78.1583,12.335,17.484,6.052,D0044_015,63.51,79.39
S0_base,44,T0044_016,RIGID_9T,9000,34.0,21.0,0.85,TPT,13.6288,79.4192,KPM,12.8342,79.7036,14.511,20.961,5.384,D0044_016,116.96,146.2
S0_base,44,T0044_017,RIGID_9T,9000,34.0,21.0,0.85,BLR,12.9716,77.5946,KGI,12.5186,78.2137,11.281,17.992,4.999,D0044_017,104.92,131.15
S0_base,44,T0044_018,RIGID_9T,9000,34.0,21.0,0.85,SPB,12.9675,79.943,GMD,13.4084,80.1082,13.98,19.322,7.451,D0044_018,65.23,81.54
S0_base,44,T0044_019,ARTIC_25T,25000,78.0,31.0,0.62,VLR,12.9165,79.1325,TPT,13.6288,79.4192,14.549,20.558,5.572,D0044_019,106.33,132.91
S0_base,44,T0044_020,RIGID_9T,9000,34.0,21.0,0.85,VLR,12.9165,79.1325,SPB,12.9675,79.943,6.559,12.912,5.299,D0044_020,110.02,137.53
S0_base,44,T0044_021,LCV_3T,3000,14.0,14.0,1.1,VLR,12.9165,79.1325,TPT,13.6288,79.4192,5.338,11.902,5.083,D0044_021,106.33,132.91
S0_base,44,T0044_022,RIGID_16T,16000,52.0,26.0,0.72,CTR,13.2172,79.1003,ORG,12.81,79.95,13.381,20.469,4.229,D0044_022,128.24,160.29
S0_base,44,T0044_023,ARTIC_25T,25000,78.0,31.0,0.62,DGL,10.3624,77.9695,KRR,10.9601,78.0766,9.311,14.747,6.22,D0044_023,84.35,105.44
S0_base,44,T0044_024,ARTIC_25T,25000,78.0,31.0,0.62,CTR,13.2172,79.1003,NLR,14.4426,79.9865,6.053,14.071,3.228,D0044_024,208.12,227.04
S0_base,44,T0044_025,ARTIC_25T,25000,78.0,31.0,0.62,DGL,10.3624,77.9695,MDU,9.9252,78.1198,5.842,10.839,6.825,D0044_025,64.15,80.19
S0_base,44,T0044_026,RIGID_9T,9000,34.0,21.0,0.85,HSR,12.7409,77.8253,KGI,12.5186,78.2137,13.952,19.337,6.493,D0044_026,65.96,82.45
S0_base,44,T0044_027,RIGID_16T,16000,52.0,26.0,0.72,BLR,12.9716,77.5946,RNP,12.9249,79.3308,7.575,14.853,4.379,D0044_027,235.27,256.66
S0_base,44,T0044_028,RIGID_9T,9000,34.0,21.0,0.85,HSR,12.7409,77.8253,DPI,12.1211,78.1583,8.25,15.465,4.938,D0044_028,97.29,121.61
S0_base,44,T0044_029,RIGID_9T,9000,34.0,21.0,0.85,BLR,12.9716,77.5946,KGI,12.5186,78.2137,8.084,15.331,5.089,D0044_029,104.92,131.15
S0_base,45,T0045_000,LCV_3T,3000,14.0,14.0,1.1,VLR,12.9165,79.1325,ORG,12.81,79.95,13.251,19.508,6.325,D0045_000,111.76,139.7
S0_base,45,T0045_001,RIGID_16T,16000,52.0,26.0,0.72,TPT,13.6288,79.4192,PDY,11.9416,79.8083,11.102,19.805,3.081,D0045_001,240.37,262.22
S0_base,45,T0045_002,LCV_3T,3000,14.0,14.0,1.1,CHN,13.0827,80.2707,KGI,12.5186,78.2137,8.956,17.916,2.476,D0045_002,273.4,298.25
S0_base,45,T0045_003,RIGID_9T,9000,34.0,21.0,0.85,TPT,13.6288,79.4192,PDY,11.9416,79.8083,14.968,23.424,3.023,D0045_003,240.37,262.22
S0_base,45,T0045_004,RIGID_16T,16000,52.0,26.0,0.72,CBE,11.0168,76.9558,MYS,12.2958,76.6394,10.26,17.544,4.381,D0045_004,182.92,228.65
S0_base,45,T0045_005,RIGID_9T,9000,34.0,21.0,0.85,MDU,9.9252,78.1198,TTN,8.7642,78.1348,6.5,12.838,5.274,D0045_005,161.38,201.73
S0_base,45,T0045_006,ARTIC_25T,25000,78.0,31.0,0.62,ERD,11.341,77.7172,CDL,11.748,79.7714,11.735,21.028,3.078,D0045_006,269.42,293.92
S0_base,45,T0045_007,LCV_3T,3000,14.0,14.0,1.1,TUM,13.3379,77.1173,BID,12.7942,77.3854,10.356,15.685,6.815,D0045_007,83.84,104.8
S0_base,45,T0045_008,LCV_3T,3000,14.0,14.0,1.1,TRP,11.1085,77.3411,TRY,10.7905,78.7047,13.062,20.857,3.803,D0045_008,191.26,239.07
S0_base,45,T0045_009,LCV_3T,3000,14.0,14.0,1.1,VLR,12.9165,79.1325,KPM,12.8342,79.7036,7.222,12.099,7.173,D0045_009,78.22,97.78
S0_base,45,T0045_010,RIGID_9T,9000,34.0,21.0,0.85,CTR,13.2172,79.1003,ORG,12.81,79.95,10.095,18.141,4.16,D0045_010,128.24,160.29
S0_base,45,T0045_011,LCV_3T,3000,14.0,14.0,1.1,KGI,12.5186,78.2137,TNJ,10.787,79.1378,9.528,18.767,2.527,D0045_011,256.36,279.67
S0_base,45,T0045_012,RIGID_16T,16000,52.0,26.0,0.72,TRY,10.7905,78.7047,CDL,11.748,79.7714,12.703,20.054,4.02,D0045_012,197.12,246.39
S0_base,45,T0045_013,RIGID_16T,16000,52.0,26.0,0.72,DPI,12.1211,78.1583,ORG,12.81,79.95,7.277,14.812,3.982,D0045_013,246.7,269.13
S0_base,45,T0045_014,RIGID_16T,16000,52.0,26.0,0.72,HSR,12.7409,77.8253,KGI,12.5186,78.2137,10.724,17.653,5.579,D0045_014,65.96,82.45
S0_base,45,T0045_015,RIGID_16T,16000,52.0,26.0,0.72,NLR,14.4426,79.9865,ORG,12.81,79.95,10.462,18.457,4.615,D0045_015,226.97,247.61
S0_base,45,T0045_016,RIGID_16T,16000,52.0,26.0,0.72,VLR,12.9165,79.1325,KPM,12.8342,79.7036,12.986,17.978,7.121,D0045_016,78.22,97.78
S0_base,45,T0045_017,RIGID_16T,16000,52.0,26.0,0.72,HSR,12.7409,77.8253,NLM,13.0996,77.3936,10.548,16.221,6.67,D0045_017,76.85,96.06
S0_base,45,T0045_018,LCV_3T,3000,14.0,14.0,1.1,ORG,12.81,79.95,RNP,12.9249,79.3308,8.558,14.925,5.857,D0045_018,85.41,106.76
S0_base,45,T0045_019,ARTIC_25T,25000,78.0,31.0,0.62,CBE,11.0168,76.9558,NMK,11.2189,78.1674,12.043,19.936,3.357,D0045_019,167.61,209.52
S0_base,45,T0045_020,ARTIC_25T,25000,78.0,31.0,0.62,KGI,12.5186,78.2137,DPI,12.1211,78.1583,6.857,12.063,6.575,D0045_020,60.22,75.28
S0_base,45,T0045_021,ARTIC_25T,25000,78.0,31.0,0.62,NGC,8.1833,77.4119,TTN,8.7642,78.1348,10.093,17.015,5.756,D0045_021,128.05,160.06
S0_base,45,T0045_022,RIGID_16T,16000,52.0,26.0,0.72,DGL,10.3624,77.9695,DPI,12.1211,78.1583,6.895,14.239,4.367,D0045_022,245.8,268.15
S0_base,45,T0045_023,LCV_3T,3000,14.0,14.0,1.1,KRR,10.9601,78.0766,SLM,11.6643,78.146,5.623,11.621,5.224,D0045_023,98.34,122.92
S0_base,45,T0045_024,RIGID_16T,16000,52.0,26.0,0.72,CTR,13.2172,79.1003,ORG,12.81,79.95,12.179,19.106,4.784,D0045_024,128.24,160.29
S0_base,45,T0045_025,ARTIC_25T,25000,78.0,31.0,0.62,NGC,8.1833,77.4119,TTN,8.7642,78.1348,6.843,15.065,4.331,D0045_025,128.05,160.06
S0_base,45,T0045_026,ARTIC_25T,25000,78.0,31.0,0.62,HSR,12.7409,77.8253,BID,12.7942,77.3854,5.475,10.916,6.575,D0045_026,64.9,81.12
S0_base,45,T0045_027,RIGID_9T,9000,34.0,21.0,0.85,SLM,11.6643,78.146,TRP,11.1085,77.3411,8.301,15.103,5.719,D0045_027,134.15,167.69
S0_base,45,T0045_028,RIGID_16T,16000,52.0,26.0,0.72,KGI,12.5186,78.2137,ORG,12.81,79.95,12.219,21.15,3.637,D0045_028,238.92,260.64
S0_base,45,T0045_029,RIGID_16T,16000,52.0,26.0,0.72,NLM,13.0996,77.3936,TPT,13.6288,79.4192,6.242,16.151,2.75,D0045_029,267.74,292.08
S0_base,46,T0046_000,RIGID_9T,9000,34.0,21.0,0.85,SLM,11.6643,78.146,TRP,11.1085,77.3411,8.56,15.142,4.757,D0046_000,134.15,167.69
S0_base,46,T0046_001,RIGID_16T,16000,52.0,26.0,0.72,ERD,11.341,77.7172,TRP,11.1085,77.3411,14.459,20.399,6.796,D0046_001,65.46,81.82
S0_base,46,T0046_002,RIGID_16T,16000,52.0,26.0,0.72,DPI,12.1211,78.1583,KGI,12.5186,78.2137,14.517,19.927,6.227,D0046_002,60.22,75.28
S0_base,46,T0046_003,RIGID_16T,16000,52.0,26.0,0.72,VLR,12.9165,79.1325,KGI,12.5186,78.2137,14.655,21.676,5.2,D0046_003,136.3,170.37
S0_base,46,T0046_004,RIGID_9T,9000,34.0,21.0,0.85,TUM,13.3379,77.1173,BLR,12.9716,77.5946,13.008,18.38,6.479,D0046_004,82.25,102.82
S0_base,46,T0046_005,RIGID_9T,9000,34.0,21.0,0.85,NMK,11.2189,78.1674,SLM,11.6643,78.146,10.655,15.488,6.813,D0046_005,66.93,83.67
S0_base,46,T0046_006,RIGID_16T,16000,52.0,26.0,0.72,CTR,13.2172,79.1003,NLR,14.4426,79.9865,8.46,16.758,3.491,D0046_006,208.12,227.04
S0_base,46,T0046_007,RIGID_16T,16000,52.0,26.0,0.72,DPI,12.1211,78.1583,KGI,12.5186,78.2137,10.798,16.244,7.171,D0046_007,60.22,75.28
S0_base,46,T0046_008,RIGID_9T,9000,34.0,21.0,0.85,CHN,13.0827,80.2707,KPM,12.8342,79.7036,10.616,17.942,5.33,D0046_008,84.22,105.28
S0_base,46,T0046_009,RIGID_16T,16000,52.0,26.0,0.72,MYS,12.2958,76.6394,BLR,12.9716,77.5946,5.622,13.267,4.224,D0046_009,160.02,200.03
S0_base,46,T0046_010,RIGID_16T,16000,52.0,26.0,0.72,CTR,13.2172,79.1003,HSR,12.7409,77.8253,10.991,18.66,4.094,D0046_010,184.94,231.18
S0_base,46,T0046_011,LCV_3T,3000,14.0,14.0,1.1,HSR,12.7409,77.8253,ORG,12.81,79.95,5.215,13.86,3.539,D0046_011,272.03,296.76
S0_base,46,T0046_012,ARTIC_25T,25000,78.0,31.0,0.62,VLR,12.9165,79.1325,SPB,12.9675,79.943,6.531,11.87,6.183,D0046_012,110.02,137.53
S0_base,46,T0046_013,RIGID_16T,16000,52.0,26.0,0.72,SLM,11.6643,78.146,HSR,12.7409,77.8253,13.131,20.55,3.815,D0046_013,155.85,194.82
S0_base,46,T0046_014,LCV_3T,3000,14.0,14.0,1.1,BLR,12.9716,77.5946,VLR,12.9165,79.1325,8.625,17.476,3.725,D0046_014,208.47,227.42
S0_base,46,T0046_015,RIGID_16T,16000,52.0,26.0,0.72,TRY,10.7905,78.7047,NMK,11.2189,78.1674,5.979,11.672,5.647,D0046_015,94.44,118.05
S0_base,46,T0046_016,LCV_3T,3000,14.0,14.0,1.1,SLM,11.6643,78.146,ERD,11.341,77.7172,7.646,13.529,5.865,D0046_016,73.69,92.11
S0_base,46,T0046_017,ARTIC_25T,25000,78.0,31.0,0.62,ERD,11.341,77.7172,RNP,12.9249,79.3308,8.489,16.922,3.622,D0046_017,293.31,319.98
S0_base,46,T0046_018,RIGID_16T,16000,52.0,26.0,0.72,VLR,12.9165,79.1325,KPM,12.8342,79.7036,6.721,12.67,5.6,D0046_018,78.22,97.78
S0_base,46,T0046_019,RIGID_9T,9000,34.0,21.0,0.85,VLR,12.9165,79.1325,SPB,12.9675,79.943,12.05,17.628,5.712,D0046_019,110.02,137.53
S0_base,46,T0046_020,RIGID_16T,16000,52.0,26.0,0.72,VLR,12.9165,79.1325,KPM,12.8342,79.7036,11.174,16.548,7.115,D0046_020,78.22,97.78
S0_base,46,T0046_021,LCV_3T,3000,14.0,14.0,1.1,SLM,11.6643,78.146,ERD,11.341,77.7172,5.631,10.988,6.943,D0046_021,73.69,92.11
S0_base,46,T0046_022,RIGID_9T,9000,34.0,21.0,0.85,ATP,14.6819,77.6006,HSR,12.7409,77.8253,5.351,13.462,3.964,D0046_022,256.28,279.58
S0_base,46,T0046_023,RIGID_9T,9000,34.0,21.0,0.85,NGC,8.1833,77.4119,KCH,9.9312,76.2673,7.236,15.853,3.701,D0046_023,273.12,297.94
S0_base,46,T0046_024,RIGID_9T,9000,34.0,21.0,0.85,KGI,12.5186,78.2137,CHN,13.0827,80.2707,7.877,15.705,3.476,D0046_024,273.4,298.25
S0_base,46,T0046_025,RIGID_9T,9000,34.0,21.0,0.85,CBE,11.0168,76.9558,ERD,11.341,77.7172,10.852,17.78,5.172,D0046_025,113.18,141.47
S0_base,46,T0046_026,RIGID_9T,9000,34.0,21.0,0.85,CHN,13.0827,80.2707,ORG,12.81,79.95,6.733,11.272,6.959,D0046_026,62.27,77.83
S0_base,46,T0046_027,LCV_3T,3000,14.0,14.0,1.1,HSR,12.7409,77.8253,SPB,12.9675,79.943,7.711,18.539,1.893,D0046_027,272.53,297.3
S0_base,46,T0046_028,RIGID_16T,16000,52.0,26.0,0.72,GMD,13.4084,80.1082,RNP,12.9249,79.3308,13.958,21.847,4.683,D0046_028,124.84,156.06
S0_base,46,T0046_029,RIGID_9T,9000,34.0,21.0,0.85,KGI,12.5186,78.2137,BLR,12.9716,77.5946,5.974,11.696,6.537,D0046_029,104.92,131.15
S0_base,47,T0047_000,RIGID_9T,9000,34.0,21.0,0.85,KRR,10.9601,78.0766,MDU,9.9252,78.1198,14.445,20.087,5.912,D0047_000,143.97,179.96
S0_base,47,T0047_001,LCV_3T,3000,14.0,14.0,1.1,DPI,12.1211,78.1583,SLM,11.6643,78.146,10.252,14.382,7.589,D0047_001,63.51,79.39
S0_base,47,T0047_002,RIGID_16T,16000,52.0,26.0,0.72,BLR,12.9716,77.5946,SLM,11.6643,78.146,12.473,20.286,4.472,D0047_002,196.53,245.66
S0_base,47,T0047_003,RIGID_16T,16000,52.0,26.0,0.72,HSR,12.7409,77.8253,TUM,13.3379,77.1173,8.725,14.639,6.331,D0047_003,126.79,158.49
S0_base,47,T0047_004,LCV_3T,3000,14.0,14.0,1.1,MYS,12.2958,76.6394,CBE,11.0168,76.9558,14.51,22.924,3.518,D0047_004,182.92,228.65
S0_base,47,T0047_005,RIGID_9T,9000,34.0,21.0,0.85,DPI,12.1211,78.1583,KGI,12.5186,78.2137,14.845,19.594,6.891,D0047_005,60.22,75.28
S0_base,47,T0047_006,RIGID_16T,16000,52.0,26.0,0.72,VLR,12.9165,79.1325,KPM,12.8342,79.7036,9.017,14.479,7.283,D0047_006,78.22,97.78
S0_base,47,T0047_007,RIGID_16T,16000,52.0,26.0,0.72,KGI,12.5186,78.2137,TRP,11.1085,77.3411,7.827,16.217,2.9,D0047_007,229.14,249.98
S0_base,47,T0047_008,RIGID_9T,9000,34.0,21.0,0.85,SLM,11.6643,78.146,DPI,12.1211,78.1583,13.856,19.329,5.736,D0047_008,63.51,79.39
S0_base,47,T0047_009,RIGID_16T,16000,52.0,26.0,0.72,KGI,12.5186,78.2137,DPI,12.1211,78.1583,8.789,14.711,5.687,D0047_009,60.22,75.28
S0_base,47,T0047_010,LCV_3T,3000,14.0,14.0,1.1,TUM,13.3379,77.1173,BID,12.7942,77.3854,5.513,11.053,6.247,D0047_010,83.84,104.8
S0_base,47,T0047_011,RIGID_16T,16000,52.0,26.0,0.72,HSR,12.7409,77.8253,VLR,12.9165,79.1325,8.499,17.328,3.967,D0047_011,178.83,223.54
S0_base,47,T0047_012,RIGID_9T,9000,34.0,21.0,0.85,CTR,13.2172,79.1003,TPT,13.6288,79.4192,13.259,20.095,5.906,D0047_012,71.64,89.55
S0_base,47,T0047_013,RIGID_16T,16000,52.0,26.0,0.72,TNJ,10.787,79.1378,RNP,12.9249,79.3308,8.935,17.438,3.181,D0047_013,281.61,307.21
S0_base,47,T0047_014,RIGID_16T,16000,52.0,26.0,0.72,VLR,12.9165,79.1325,ORG,12.81,79.95,6.818,13.576,5.536,D0047_014,111.76,139.7
S0_base,47,T0047_015,RIGID_9T,9000,34.0,21.0,0.85,SLM,11.6643,78.146,DPI,12.1211,78.1583,11.501,16.582,7.665,D0047_015,63.51,79.39
S0_base,47,T0047_016,LCV_3T,3000,14.0,14.0,1.1,ORG,12.81,79.95,GMD,13.4084,80.1082,11.472,17.979,6.171,D0047_016,85.89,107.36
S0_base,47,T0047_017,RIGID_16T,16000,52.0,26.0,0.72,BLR,12.9716,77.5946,RNP,12.9249,79.3308,12.963,20.344,4.566,D0047_017,235.27,256.66
S0_base,47,T0047_018,LCV_3T,3000,14.0,14.0,1.1,HSR,12.7409,77.8253,KPM,12.8342,79.7036,12.949,19.881,4.606,D0047_018,240.65,262.53
S0_base,47,T0047_019,LCV_3T,3000,14.0,14.0,1.1,ONG,15.5057,80.0499,GMD,13.4084,80.1082,11.8,20.504,2.823,D0047_019,275.29,300.31
S0_base,47,T0047_020,ARTIC_25T,25000,78.0,31.0,0.62,NLR,14.4426,79.9865,GMD,13.4084,80.1082,9.666,16.993,4.481,D0047_020,144.68,180.85
S0_base,47,T0047_021,ARTIC_25T,25000,78.0,31.0,0.62,CBE,11.0168,76.9558,TRY,10.7905,78.7047,13.985,22.489,3.968,D0047_021,240.76,262.65
S0_base,47,T0047_022,RIGID_9T,9000,34.0,21.0,0.85,TPT,13.6288,79.4192,RNP,12.9249,79.3308,6.4,12.765,6.029,D0047_022,98.57,123.21
S0_base,47,T0047_023,RIGID_16T,16000,52.0,26.0,0.72,BLR,12.9716,77.5946,RNP,12.9249,79.3308,14.433,22.489,3.386,D0047_023,235.27,256.66
S0_base,47,T0047_024,RIGID_9T,9000,34.0,21.0,0.85,NLR,14.4426,79.9865,CTR,13.2172,79.1003,5.574,13.158,3.742,D0047_024,208.12,227.04
S0_base,47,T0047_025,RIGID_16T,16000,52.0,26.0,0.72,ERD,11.341,77.7172,CDL,11.748,79.7714,13.857,22.395,2.672,D0047_025,269.42,293.92
S0_base,47,T0047_026,RIGID_9T,9000,34.0,21.0,0.85,BID,12.7942,77.3854,RNP,12.9249,79.3308,12.87,21.403,3.977,D0047_026,249.44,272.12
S0_base,47,T0047_027,RIGID_9T,9000,34.0,21.0,0.85,KGI,12.5186,78.2137,TRP,11.1085,77.3411,10.104,20.206,2.675,D0047_027,229.14,249.98
S0_base,47,T0047_028,ARTIC_25T,25000,78.0,31.0,0.62,BLR,12.9716,77.5946,KPM,12.8342,79.7036,6.378,15.916,2.859,D0047_028,270.34,294.91
S0_base,47,T0047_029,LCV_3T,3000,14.0,14.0,1.1,SPB,12.9675,79.943,GMD,13.4084,80.1082,8.238,14.001,6.79,D0047_029,65.23,81.54
S0_base,48,T0048_000,ARTIC_25T,25000,78.0,31.0,0.62,TNJ,10.787,79.1378,TRY,10.7905,78.7047,14.502,21.402,5.61,D0048_000,63.87,79.83
S0_base,48,T0048_001,RIGID_9T,9000,34.0,21.0,0.85,RNP,12.9249,79.3308,ORG,12.81,79.95,12.395,18.981,5.203,D0048_001,85.41,106.76
S0_base,48,T0048_002,RIGID_9T,9000,34.0,21.0,0.85,TPT,13.6288,79.4192,CHN,13.0827,80.2707,5.45,11.434,5.53,D0048_002,137.92,172.4
S0_base,48,T0048_003,RIGID_9T,9000,34.0,21.0,0.85,DPI,12.1211,78.1583,HSR,12.7409,77.8253,14.398,19.78,6.9,D0048_003,97.29,121.61
S0_base,48,T0048_004,RIGID_16T,16000,52.0,26.0,0.72,RNP,12.9249,79.3308,SPB,12.9675,79.943,11.05,17.687,5.191,D0048_004,83.14,103.93
S0_base,48,T0048_005,RIGID_16T,16000,52.0,26.0,0.72,DPI,12.1211,78.1583,RNP,12.9249,79.3308,12.314,21.148,3.611,D0048_005,194.4,243.0
S0_base,48,T0048_006,RIGID_16T,16000,52.0,26.0,0.72,KGI,12.5186,78.2137,CHN,13.0827,80.2707,5.664,14.174,3.965,D0048_006,273.4,298.25
S0_base,48,T0048_007,LCV_3T,3000,14.0,14.0,1.1,DPI,12.1211,78.1583,KPM,12.8342,79.7036,8.989,16.811,4.237,D0048_007,231.96,253.04
S0_base,48,T0048_008,RIGID_16T,16000,52.0,26.0,0.72,CHN,13.0827,80.2707,ORG,12.81,79.95,13.715,18.428,6.816,D0048_008,62.27,77.83
S0_base,48,T0048_009,LCV_3T,3000,14.0,14.0,1.1,KGI,12.5186,78.2137,CDL,11.748,79.7714,6.908,15.462,3.976,D0048_009,237.23,258.79
S0_base,48,T0048_010,LCV_3T,3000,14.0,14.0,1.1,BLR,12.9716,77.5946,ORG,12.81,79.95,5.441,14.45,2.468,D0048_010,302.01,329.46
S0_base,48,T0048_011,RIGID_9T,9000,34.0,21.0,0.85,BID,12.7942,77.3854,TUM,13.3379,77.1173,12.608,19.279,6.023,D0048_011,83.84,104.8
S0_base,48,T0048_012,RIGID_16T,16000,52.0,26.0,0.72,GMD,13.4084,80.1082,SPB,12.9675,79.943,6.151,10.882,6.892,D0048_012,65.23,81.54
S0_base,48,T0048_013,RIGID_9T,9000,34.0,21.0,0.85,TPT,13.6288,79.4192,SPB,12.9675,79.943,7.057,13.218,5.268,D0048_013,116.05,145.07
S0_base,48,T0048_014,RIGID_16T,16000,52.0,26.0,0.72,TPT,13.6288,79.4192,RNP,12.9249,79.3308,8.151,14.498,5.397,D0048_014,98.57,123.21
S0_base,48,T0048_015,LCV_3T,3000,14.0,14.0,1.1,ERD,11.341,77.7172,KCH,9.9312,76.2673,5.645,13.873,3.215,D0048_015,263.01,286.92
S0_base,48,T0048_016,RIGID_9T,9000,34.0,21.0,0.85,DPI,12.1211,78.1583,SLM,11.6643,78.146,10.988,16.034,7.472,D0048_016,63.51,79.39
S0_base,48,T0048_017,RIGID_9T,9000,34.0,21.0,0.85,KPM,12.8342,79.7036,CHN,13.0827,80.2707,6.231,11.12,6.633,D0048_017,84.22,105.28
S0_base,48,T0048_018,LCV_3T,3000,14.0,14.0,1.1,KGI,12.5186,78.2137,KPM,12.8342,79.7036,12.455,20.864,4.358,D0048_018,206.75,225.54
S0_base,48,T0048_019,LCV_3T,3000,14.0,14.0,1.1,TPT,13.6288,79.4192,SPB,12.9675,79.943,12.392,19.482,5.214,D0048_019,116.05,145.07
S0_base,48,T0048_020,RIGID_9T,9000,34.0,21.0,0.85,CTR,13.2172,79.1003,TPT,13.6288,79.4192,10.328,15.708,7.406,D0048_020,71.64,89.55
S0_base,48,T0048_021,RIGID_16T,16000,52.0,26.0,0.72,ERD,11.341,77.7172,DPI,12.1211,78.1583,11.889,19.34,4.824,D0048_021,123.94,154.92
S0_base,48,T0048_022,RIGID_16T,16000,52.0,26.0,0.72,KGI,12.5186,78.2137,HSR,12.7409,77.8253,14.362,20.198,5.903,D0048_022,65.96,82.45
S0_base,48,T0048_023,RIGID_9T,9000,34.0,21.0,0.85,BID,12.7942,77.3854,TUM,13.3379,77.1173,5.069,10.895,6.143,D0048_023,83.84,104.8
S0_base,48,T0048_024,RIGID_9T,9000,34.0,21.0,0.85,ERD,11.341,77.7172,TRP,11.1085,77.3411,5.916,12.171,6.083,D0048_024,65.46,81.82
S0_base,48,T0048_025,LCV_3T,3000,14.0,14.0,1.1,RNP,12.9249,79.3308,HSR,12.7409,77.8253,5.485,14.463,3.612,D0048_025,205.62,224.32
S0_base,48,T0048_026,ARTIC_25T,25000,78.0,31.0,0.62,KGI,12.5186,78.2137,CDL,11.748,79.7714,11.129,18.962,4.322,D0048_026,237.23,258.79
S0_base,48,T0048_027,ARTIC_25T,25000,78.0,31.0,0.62,MYS,12.2958,76.6394,HSR,12.7409,77.8253,14.443,21.55,4.192,D0048_027,172.4,215.5
S0_base,48,T0048_028,LCV_3T,3000,14.0,14.0,1.1,TPT,13.6288,79.4192,GMD,13.4084,80.1082,13.534,20.307,5.553,D0048_028,98.02,122.53
S0_base,48,T0048_029,LCV_3T,3000,14.0,14.0,1.1,TPT,13.6288,79.4192,CHN,13.0827,80.2707,12.035,19.828,4.474,D0048_029,137.92,172.4
S0_base,49,T0049_000,RIGID_9T,9000,34.0,21.0,0.85,CHN,13.0827,80.2707,ORG,12.81,79.95,10.909,15.856,6.722,D0049_000,62.27,77.83
S0_base,49,T0049_001,ARTIC_25T,25000,78.0,31.0,0.62,TUM,13.3379,77.1173,VLR,12.9165,79.1325,13.106,22.534,2.583,D0049_001,263.37,287.32
S0_base,49,T0049_002,LCV_3T,3000,14.0,14.0,1.1,VLR,12.9165,79.1325,SPB,12.9675,79.943,12.905,20.589,4.669,D0049_002,110.02,137.53
S0_base,49,T0049_003,ARTIC_25T,25000,78.0,31.0,0.62,VLR,12.9165,79.1325,DPI,12.1211,78.1583,6.878,16.325,3.239,D0049_003,172.33,215.41
S0_base,49,T0049_004,RIGID_16T,16000,52.0,26.0,0.72,BLR,12.9716,77.5946,ORG,12.81,79.95,6.567,16.477,1.621,D0049_004,302.01,329.46
S0_base,49,T0049_005,LCV_3T,3000,14.0,14.0,1.1,KGI,12.5186,78.2137,SLM,11.6643,78.146,14.355,20.899,5.083,D0049_005,119.1,148.87
S0_base,49,T0049_006,LCV_3T,3000,14.0,14.0,1.1,ORG,12.81,79.95,CHN,13.0827,80.2707,6.843,13.885,5.629,D0049_006,62.27,77.83
S0_base,49,T0049_007,RIGID_9T,9000,34.0,21.0,0.85,ERD,11.341,77.7172,DPI,12.1211,78.1583,6.671,13.885,5.079,D0049_007,123.94,154.92
S0_base,49,T0049_008,RIGID_9T,9000,34.0,21.0,0.85,NMK,11.2189,78.1674,ERD,11.341,77.7172,13.602,19.229,6.606,D0049_008,63.67,79.59
S0_base,49,T0049_009,ARTIC_25T,25000,78.0,31.0,0.62,SLM,11.6643,78.146,CBE,11.0168,76.9558,5.062,14.324,3.339,D0049_009,185.5,231.87
S0_base,49,T0049_010,RIGID_16T,16000,52.0,26.0,0.72,ORG,12.81,79.95,CHN,13.0827,80.2707,7.216,11.213,7.621,D0049_010,62.27,77.83
S0_base,49,T0049_011,RIGID_9T,9000,34.0,21.0,0.85,HSR,12.7409,77.8253,NLM,13.0996,77.3936,6.862,11.19,7.338,D0049_011,76.85,96.06
S0_base,49,T0049_012,LCV_3T,3000,14.0,14.0,1.1,DGL,10.3624,77.9695,CDL,11.748,79.7714,8.693,18.585,1.486,D0049_012,294.78,321.57
S0_base,49,T0049_013,ARTIC_25T,25000,78.0,31.0,0.62,HSR,12.7409,77.8253,KGI,12.5186,78.2137,5.836,11.361,5.878,D0049_013,65.96,82.45
S0_base,49,T0049_014,RIGID_16T,16000,52.0,26.0,0.72,TUM,13.3379,77.1173,BID,12.7942,77.3854,8.483,13.419,7.11,D0049_014,83.84,104.8
S0_base,49,T0049_015,RIGID_16T,16000,52.0,26.0,0.72,BLR,12.9716,77.5946,KGI,12.5186,78.2137,9.37,16.768,4.89,D0049_015,104.92,131.15
S0_base,49,T0049_016,LCV_3T,3000,14.0,14.0,1.1,MYS,12.2958,76.6394,SLM,11.6643,78.146,7.407,17.247,2.859,D0049_016,222.86,243.12
S0_base,49,T0049_017,RIGID_9T,9000,34.0,21.0,0.85,CBE,11.0168,76.9558,NLM,13.0996,77.3936,6.918,14.714,3.681,D0049_017,279.0,304.36
S0_base,49,T0049_018,LCV_3T,3000,14.0,14.0,1.1,VLR,12.9165,79.1325,ORG,12.81,79.95,7.123,14.897,4.553,D0049_018,111.76,139.7
S0_base,49,T0049_019,RIGID_9T,9000,34.0,21.0,0.85,CHN,13.0827,80.2707,ORG,12.81,79.95,13.85,18.567,7.004,D0049_019,62.27,77.83
S0_base,49,T0049_020,LCV_3T,3000,14.0,14.0,1.1,BID,12.7942,77.3854,KGI,12.5186,78.2137,5.419,12.404,4.814,D0049_020,118.68,148.35
S0_base,49,T0049_021,RIGID_16T,16000,52.0,26.0,0.72,HSR,12.7409,77.8253,KGI,12.5186,78.2137,13.416,19.312,6.656,D0049_021,65.96,82.45
S0_base,49,T0049_022,RIGID_16T,16000,52.0,26.0,0.72,CTR,13.2172,79.1003,CHN,13.0827,80.2707,9.818,17.9,3.573,D0049_022,159.51,199.39
S0_base,49,T0049_023,RIGID_9T,9000,34.0,21.0,0.85,CBE,11.0168,76.9558,MYS,12.2958,76.6394,13.256,21.115,3.345,D0049_023,182.92,228.65
S0_base,49,T0049_024,ARTIC_25T,25000,78.0,31.0,0.62,CBE,11.0168,76.9558,BID,12.7942,77.3854,9.85,19.511,2.801,D0049_024,239.65,261.43
S0_base,49,T0049_025,RIGID_9T,9000,34.0,21.0,0.85,VLR,12.9165,79.1325,PDY,11.9416,79.8083,7.794,16.421,3.762,D0049_025,163.63,204.54
S0_base,49,T0049_026,ARTIC_25T,25000,78.0,31.0,0.62,KPM,12.8342,79.7036,CHN,13.0827,80.2707,7.471,12.316,7.111,D0049_026,84.22,105.28
S0_base,49,T0049_027,ARTIC_25T,25000,78.0,31.0,0.62,KGI,12.5186,78.2137,DPI,12.1211,78.1583,12.271,18.761,5.728,D0049_027,60.22,75.28
S0_base,49,T0049_028,RIGID_9T,9000,34.0,21.0,0.85,KGI,12.5186,78.2137,PDY,11.9416,79.8083,5.517,14.248,2.828,D0049_028,230.98,251.98
S0_base,49,T0049_029,RIGID_9T,9000,34.0,21.0,0.85,KGI,12.5186,78.2137,CTR,13.2172,79.1003,13.901,21.493,4.38,D0049_029,154.47,193.09
S0_base,50,T0050_000,RIGID_9T,9000,34.0,21.0,0.85,CHN,13.0827,80.2707,RNP,12.9249,79.3308,7.604,14.655,4.38,D0050_000,129.17,161.46
S0_base,50,T0050_001,RIGID_9T,9000,34.0,21.0,0.85,NLR,14.4426,79.9865,RNP,12.9249,79.3308,7.929,15.967,3.61,D0050_001,228.78,249.58
S0_base,50,T0050_002,RIGID_16T,16000,52.0,26.0,0.72,BLR,12.9716,77.5946,KGI,12.5186,78.2137,13.369,20.029,4.914,D0050_002,104.92,131.15
S0_base,50,T0050_003,LCV_3T,3000,14.0,14.0,1.1,TRP,11.1085,77.3411,ERD,11.341,77.7172,9.235,15.564,6.148,D0050_003,65.46,81.82
S0_base,50,T0050_004,RIGID_9T,9000,34.0,21.0,0.85,MDU,9.9252,78.1198,KCH,9.9312,76.2673,12.359,20.87,3.577,D0050_004,239.43,261.19
S0_base,50,T0050_005,RIGID_16T,16000,52.0,26.0,0.72,ERD,11.341,77.7172,TRP,11.1085,77.3411,5.808,10.887,6.712,D0050_005,65.46,81.82
S0_base,50,T0050_006,RIGID_16T,16000,52.0,26.0,0.72,CHN,13.0827,80.2707,KPM,12.8342,79.7036,6.768,13.818,5.124,D0050_006,84.22,105.28
S0_base,50,T0050_007,RIGID_16T,16000,52.0,26.0,0.72,VLR,12.9165,79.1325,HSR,12.7409,77.8253,5.852,14.653,3.272,D0050_007,178.83,223.54
S0_base,50,T0050_008,RIGID_16T,16000,52.0,26.0,0.72,HSR,12.7409,77.8253,ATP,14.6819,77.6006,13.862,23.988,2.495,D0050_008,256.28,279.58
S0_base,50,T0050_009,LCV_3T,3000,14.0,14.0,1.1,BLR,12.9716,77.5946,RNP,12.9249,79.3308,14.761,24.516,2.855,D0050_009,235.27,256.66
S0_base,50,T0050_010,ARTIC_25T,25000,78.0,31.0,0.62,TPT,13.6288,79.4192,BLR,12.9716,77.5946,9.473,18.982,2.652,D0050_010,248.43,271.01
S0_base,50,T0050_011,ARTIC_25T,25000,78.0,31.0,0.62,HSR,12.7409,77.8253,SPB,12.9675,79.943,7.101,15.171,3.823,D0050_011,272.53,297.3
S0_base,50,T0050_012,RIGID_9T,9000,34.0,21.0,0.85,ERD,11.341,77.7172,NMK,11.2189,78.1674,11.019,15.123,7.646,D0050_012,63.67,79.59
S0_base,50,T0050_013,ARTIC_25T,25000,78.0,31.0,0.62,ERD,11.341,77.7172,BID,12.7942,77.3854,8.27,16.448,3.804,D0050_013,206.96,225.77
S0_base,50,T0050_014,RIGID_9T,9000,34.0,21.0,0.85,VLR,12.9165,79.1325,BLR,12.9716,77.5946,7.144,15.593,4.343,D0050_014,208.47,227.42
S0_base,50,T0050_015,RIGID_16T,16000,52.0,26.0,0.72,DPI,12.1211,78.1583,TPT,13.6288,79.4192,6.36,15.95,2.838,D0050_015,255.24,278.44
S0_base,50,T0050_016,RIGID_9T,9000,34.0,21.0,0.85,ORG,12.81,79.95,CHN,13.0827,80.2707,13.021,19.764,5.513,D0050_016,62.27,77.83
S0_base,50,T0050_017,ARTIC_25T,25000,78.0,31.0,0.62,VLR,12.9165,79.1325,CDL,11.748,79.7714,13.534,22.207,3.122,D0050_017,184.13,230.16
S0_base,50,T0050_018,RIGID_9T,9000,34.0,21.0,0.85,KGI,12.5186,78.2137,ORG,12.81,79.95,5.382,12.225,4.622,D0050_018,238.92,260.64
S0_base,50,T0050_019,LCV_3T,3000,14.0,14.0,1.1,CTR,13.2172,79.1003,SPB,12.9675,79.943,5.915,11.803,6.449,D0050_019,119.25,149.06
S0_base,50,T0050_020,RIGID_9T,9000,34.0,21.0,0.85,HSR,12.7409,77.8253,CBE,11.0168,76.9558,5.08,12.841,3.742,D0050_020,252.27,275.2
S0_base,50,T0050_021,RIGID_16T,16000,52.0,26.0,0.72,HSR,12.7409,77.8253,DPI,12.1211,78.1583,12.648,19.236,5.633,D0050_021,97.29,121.61
S0_base,50,T0050_022,ARTIC_25T,25000,78.0,31.0,0.62,TRY,10.7905,78.7047,KRR,10.9601,78.0766,5.156,11.851,5.539,D0050_022,88.92,111.14
S0_base,50,T0050_023,RIGID_16T,16000,52.0,26.0,0.72,KGI,12.5186,78.2137,BLR,12.9716,77.5946,6.598,12.728,5.378,D0050_023,104.92,131.15
S0_base,50,T0050_024,RIGID_16T,16000,52.0,26.0,0.72,CTR,13.2172,79.1003,BLR,12.9716,77.5946,9.816,16.766,4.502,D0050_024,206.68,225.47
S0_base,50,T0050_025,RIGID_16T,16000,52.0,26.0,0.72,TUM,13.3379,77.1173,BID,12.7942,77.3854,7.053,12.193,7.189,D0050_025,83.84,104.8
S0_base,50,T0050_026,LCV_3T,3000,14.0,14.0,1.1,MYS,12.2958,76.6394,KGI,12.5186,78.2137,14.563,21.037,4.979,D0050_026,215.94,235.57
S0_base,50,T0050_027,RIGID_9T,9000,34.0,21.0,0.85,CBE,11.0168,76.9558,KGI,12.5186,78.2137,12.68,21.114,3.407,D0050_027,254.82,277.99
S0_base,50,T0050_028,ARTIC_25T,25000,78.0,31.0,0.62,MDU,9.9252,78.1198,CBE,11.0168,76.9558,10.76,19.403,3.79,D0050_028,219.84,239.83
S0_base,50,T0050_029,LCV_3T,3000,14.0,14.0,1.1,BID,12.7942,77.3854,HSR,12.7409,77.8253,9.969,14.261,7.349,D0050_029,64.9,81.12
S0_base,51,T0051_000,RIGID_9T,9000,34.0,21.0,0.85,SLM,11.6643,78.146,CDL,11.748,79.7714,14.979,23.256,3.245,D0051_000,221.53,241.67
S0_base,51,T0051_001,RIGID_9T,9000,34.0,21.0,0.85,NLM,13.0996,77.3936,RNP,12.9249,79.3308,9.31,16.603,3.91,D0051_001,248.71,271.32
S0_base,51,T0051_002,LCV_3T,3000,14.0,14.0,1.1,HSR,12.7409,77.8253,NLM,13.0996,77.3936,10.321,16.696,6.342,D0051_002,76.85,96.06
S0_base,51,T0051_003,RIGID_16T,16000,52.0,26.0,0.72,CHN,13.0827,80.2707,ORG,12.81,79.95,10.832,15.968,6.386,D0051_003,62.27,77.83
S0_base,51,T0051_004,ARTIC_25T,25000,78.0,31.0,0.62,TRY,10.7905,78.7047,TRP,11.1085,77.3411,11.904,19.487,3.772,D0051_004,191.26,239.07
S0_base,51,T0051_005,RIGID_16T,16000,52.0,26.0,0.72,TPT,13.6288,79.4192,SPB,12.9675,79.943,8.406,14.622,6.189,D0051_005,116.05,145.07
S0_base,51,T0051_006,ARTIC_25T,25000,78.0,31.0,0.62,VLR,12.9165,79.1325,ORG,12.81,79.95,13.008,18.811,6.459,D0051_006,111.76,139.7
S0_base,51,T0051_007,RIGID_9T,9000,34.0,21.0,0.85,HSR,12.7409,77.8253,BID,12.7942,77.3854,12.406,18.018,6.54,D0051_007,64.9,81.12
S0_base,51,T0051_008,RIGID_9T,9000,34.0,21.0,0.85,HSR,12.7409,77.8253,MYS,12.2958,76.6394,13.613,20.846,4.959,D0051_008,172.4,215.5
S0_base,51,T0051_009,ARTIC_25T,25000,78.0,31.0,0.62,TNJ,10.787,79.1378,CDL,11.748,79.7714,14.404,20.971,4.982,D0051_009,159.06,198.83
S0_base,51,T0051_010,RIGID_16T,16000,52.0,26.0,0.72,TPT,13.6288,79.4192,RNP,12.9249,79.3308,13.094,18.959,5.355,D0051_010,98.57,123.21
S0_base,51,T0051_011,RIGID_9T,9000,34.0,21.0,0.85,SLM,11.6643,78.146,NMK,11.2189,78.1674,11.241,16.047,6.874,D0051_011,66.93,83.67
S0_base,51,T0051_012,RIGID_16T,16000,52.0,26.0,0.72,HSR,12.7409,77.8253,NLM,13.0996,77.3936,14.783,21.32,5.447,D0051_012,76.85,96.06
S0_base,51,T0051_013,RIGID_9T,9000,34.0,21.0,0.85,DGL,10.3624,77.9695,TRP,11.1085,77.3411,7.864,13.892,5.347,D0051_013,134.6,168.26
S0_base,51,T0051_014,ARTIC_25T,25000,78.0,31.0,0.62,CTR,13.2172,79.1003,ORG,12.81,79.95,13.644,19.281,6.237,D0051_014,128.24,160.29
S0_base,51,T0051_015,RIGID_16T,16000,52.0,26.0,0.72,VLR,12.9165,79.1325,SPB,12.9675,79.943,6.976,13.79,4.992,D0051_015,110.02,137.53
S0_base,51,T0051_016,RIGID_16T,16000,52.0,26.0,0.72,HSR,12.7409,77.8253,KGI,12.5186,78.2137,12.131,17.153,6.406,D0051_016,65.96,82.45
S0_base,51,T0051_017,RIGID_16T,16000,52.0,26.0,0.72,KPM,12.8342,79.7036,CHN,13.0827,80.2707,11.406,18.147,5.711,D0051_017,84.22,105.28
S0_base,51,T0051_018,RIGID_9T,9000,34.0,21.0,0.85,TPT,13.6288,79.4192,RNP,12.9249,79.3308,13.891,20.387,6.274,D0051_018,98.57,123.21
S0_base,51,T0051_019,RIGID_9T,9000,34.0,21.0,0.85,ORG,12.81,79.95,CHN,13.0827,80.2707,10.999,15.863,6.558,D0051_019,62.27,77.83
S0_base,51,T0051_020,RIGID_9T,9000,34.0,21.0,0.85,RNP,12.9249,79.3308,ORG,12.81,79.95,11.032,16.945,6.369,D0051_020,85.41,106.76
S0_base,51,T0051_021,ARTIC_25T,25000,78.0,31.0,0.62,BID,12.7942,77.3854,HSR,12.7409,77.8253,6.045,12.624,5.586,D0051_021,64.9,81.12
S0_base,51,T0051_022,RIGID_9T,9000,34.0,21.0,0.85,HSR,12.7409,77.8253,PDY,11.9416,79.8083,7.042,16.046,3.487,D0051_022,274.96,299.96
S0_base,51,T0051_023,LCV_3T,3000,14.0,14.0,1.1,BLR,12.9716,77.5946,RNP,12.9249,79.3308,7.872,16.269,3.663,D0051_023,235.27,256.66
S0_base,51,T0051_024,RIGID_9T,9000,34.0,21.0,0.85,TRP,11.1085,77.3411,ERD,11.341,77.7172,13.533,18.902,6.983,D0051_024,65.46,81.82
S0_base,51,T0051_025,RIGID_16T,16000,52.0,26.0,0.72,NLM,13.0996,77.3936,RNP,12.9249,79.3308,14.633,22.062,3.989,D0051_025,248.71,271.32
S0_base,51,T0051_026,LCV_3T,3000,14.0,14.0,1.1,ERD,11.341,77.7172,RNP,12.9249,79.3308,6.543,16.323,2.014,D0051_026,293.31,319.98
S0_base,51,T0051_027,RIGID_16T,16000,52.0,26.0,0.72,SLM,11.6643,78.146,NMK,11.2189,78.1674,8.787,13.613,6.95,D0051_027,66.93,83.67
S0_base,51,T0051_028,LCV_3T,3000,14.0,14.0,1.1,ERD,11.341,77.7172,NMK,11.2189,78.1674,10.086,15.321,5.972,D0051_028,63.67,79.59
S0_base,51,T0051_029,RIGID_9T,9000,34.0,21.0,0.85,TPT,13.6288,79.4192,ORG,12.81,79.95,6.559,12.67,5.695,D0051_029,134.58,168.22
S0_base,52,T0052_000,RIGID_9T,9000,34.0,21.0,0.85,DPI,12.1211,78.1583,BLR,12.9716,77.5946,12.42,19.266,5.239,D0052_000,140.8,176.0
S0_base,52,T0052_001,RIGID_9T,9000,34.0,21.0,0.85,VLR,12.9165,79.1325,ORG,12.81,79.95,5.22,11.946,4.929,D0052_001,111.76,139.7
S0_base,52,T0052_002,RIGID_9T,9000,34.0,21.0,0.85,TPT,13.6288,79.4192,SPB,12.9675,79.943,11.495,17.962,4.89,D0052_002,116.05,145.07
S0_base,52,T0052_003,RIGID_9T,9000,34.0,21.0,0.85,ORG,12.81,79.95,GMD,13.4084,80.1082,14.627,20.046,6.007,D0052_003,85.89,107.36
S0_base,52,T0052_004,RIGID_9T,9000,34.0,21.0,0.85,SPB,12.9675,79.943,GMD,13.4084,80.1082,11.494,16.023,7.186,D0052_004,65.23,81.54
S0_base,52,T0052_005,LCV_3T,3000,14.0,14.0,1.1,KGI,12.5186,78.2137,ORG,12.81,79.95,5.932,14.083,3.722,D0052_005,238.92,260.64
S0_base,52,T0052_006,RIGID_9T,9000,34.0,21.0,0.85,NLR,14.4426,79.9865,ONG,15.5057,80.0499,12.728,19.408,4.648,D0052_006,148.01,185.01
S0_base,52,T0052_007,RIGID_16T,16000,52.0,26.0,0.72,TPT,13.6288,79.4192,CHN,13.0827,80.2707,14.802,22.06,4.414,D0052_007,137.92,172.4
S0_base,52,T0052_008,LCV_3T,3000,14.0,14.0,1.1,VLR,12.9165,79.1325,ORG,12.81,79.95,8.329,14.923,5.457,D0052_008,111.76,139.7
S0_base,52,T0052_009,RIGID_16T,16000,52.0,26.0,0.72,CBE,11.0168,76.9558,NMK,11.2189,78.1674,7.576,15.441,3.45,D0052_009,167.61,209.52
S0_base,52,T0052_010,RIGID_9T,9000,34.0,21.0,0.85,ORG,12.81,79.95,CHN,13.0827,80.2707,5.065,10.475,7.385,D0052_010,62.27,77.83
S0_base,52,T0052_011,RIGID_9T,9000,34.0,21.0,0.85,MDU,9.9252,78.1198,KCH,9.9312,76.2673,11.954,19.582,4.377,D0052_011,239.43,261.19
S0_base,52,T0052_012,ARTIC_25T,25000,78.0,31.0,0.62,TRY,10.7905,78.7047,CBE,11.0168,76.9558,7.696,16.638,3.031,D0052_012,240.76,262.65
S0_base,52,T0052_013,RIGID_9T,9000,34.0,21.0,0.85,CDL,11.748,79.7714,VLR,12.9165,79.1325,8.342,16.066,3.974,D0052_013,184.13,230.16
S0_base,52,T0052_014,ARTIC_25T,25000,78.0,31.0,0.62,KGI,12.5186,78.2137,DPI,12.1211,78.1583,10.539,14.414,7.448,D0052_014,60.22,75.28
S0_base,52,T0052_015,RIGID_16T,16000,52.0,26.0,0.72,HSR,12.7409,77.8253,ERD,11.341,77.7172,8.84,16.631,3.705,D0052_015,195.13,243.91
S0_base,52,T0052_016,LCV_3T,3000,14.0,14.0,1.1,CHN,13.0827,80.2707,CDL,11.748,79.7714,6.378,14.432,3.174,D0052_016,197.51,246.88
S0_base,52,T0052_017,RIGID_16T,16000,52.0,26.0,0.72,DGL,10.3624,77.9695,NGC,8.1833,77.4119,12.872,21.52,3.123,D0052_017,294.9,321.7
S0_base,52,T0052_018,RIGID_9T,9000,34.0,21.0,0.85,TNJ,10.787,79.1378,ORG,12.81,79.95,12.36,23.027,1.88,D0052_018,285.2,311.13
S0_base,52,T0052_019,RIGID_16T,16000,52.0,26.0,0.72,NMK,11.2189,78.1674,ERD,11.341,77.7172,9.078,16.165,5.476,D0052_019,63.67,79.59
S0_base,52,T0052_020,LCV_3T,3000,14.0,14.0,1.1,SLM,11.6643,78.146,ERD,11.341,77.7172,9.976,15.487,6.852,D0052_020,73.69,92.11
S0_base,52,T0052_021,RIGID_9T,9000,34.0,21.0,0.85,TPT,13.6288,79.4192,BLR,12.9716,77.5946,8.713,16.672,3.299,D0052_021,248.43,271.01
S0_base,52,T0052_022,LCV_3T,3000,14.0,14.0,1.1,MYS,12.2958,76.6394,BID,12.7942,77.3854,9.205,14.894,6.058,D0052_022,122.65,153.31
S0_base,52,T0052_023,LCV_3T,3000,14.0,14.0,1.1,BLR,12.9716,77.5946,ORG,12.81,79.95,8.372,18.093,2.579,D0052_023,302.01,329.46
S0_base,52,T0052_024,RIGID_9T,9000,34.0,21.0,0.85,NLM,13.0996,77.3936,TRP,11.1085,77.3411,7.999,17.143,3.392,D0052_024,261.34,285.1
S0_base,52,T0052_025,RIGID_9T,9000,34.0,21.0,0.85,MDU,9.9252,78.1198,TTN,8.7642,78.1348,6.753,14.843,3.772,D0052_025,161.38,201.73
S0_base,52,T0052_026,RIGID_16T,16000,52.0,26.0,0.72,CTR,13.2172,79.1003,CDL,11.748,79.7714,5.586,13.735,3.748,D0052_026,223.6,243.92
S0_base,52,T0052_027,RIGID_9T,9000,34.0,21.0,0.85,ORG,12.81,79.95,CHN,13.0827,80.2707,6.466,11.366,7.152,D0052_027,62.27,77.83
S0_base,52,T0052_028,LCV_3T,3000,14.0,14.0,1.1,KRR,10.9601,78.0766,TTN,8.7642,78.1348,11.634,19.933,3.72,D0052_028,288.22,314.42
S0_base,52,T0052_029,RIGID_9T,9000,34.0,21.0,0.85,TPT,13.6288,79.4192,SPB,12.9675,79.943,10.853,18.565,4.952,D0052_029,116.05,145.07
S0_base,53,T0053_000,ARTIC_25T,25000,78.0,31.0,0.62,VLR,12.9165,79.1325,ORG,12.81,79.95,9.306,16.149,5.445,D0053_000,111.76,139.7
S0_base,53,T0053_001,RIGID_9T,9000,34.0,21.0,0.85,DPI,12.1211,78.1583,SLM,11.6643,78.146,10.261,16.82,6.209,D0053_001,63.51,79.39
S0_base,53,T0053_002,LCV_3T,3000,14.0,14.0,1.1,ORG,12.81,79.95,GMD,13.4084,80.1082,5.819,12.188,5.098,D0053_002,85.89,107.36
S0_base,53,T0053_003,ARTIC_25T,25000,78.0,31.0,0.62,MDU,9.9252,78.1198,TTN,8.7642,78.1348,12.996,20.382,4.367,D0053_003,161.38,201.73
S0_base,53,T0053_004,LCV_3T,3000,14.0,14.0,1.1,GMD,13.4084,80.1082,SPB,12.9675,79.943,11.122,16.457,6.142,D0053_004,65.23,81.54
S0_base,53,T0053_005,RIGID_9T,9000,34.0,21.0,0.85,NLR,14.4426,79.9865,GNT,16.3067,80.4365,9.514,17.119,3.725,D0053_005,251.13,273.96
S0_base,53,T0053_006,RIGID_9T,9000,34.0,21.0,0.85,VLR,12.9165,79.1325,KPM,12.8342,79.7036,6.735,12.901,6.387,D0053_006,78.22,97.78
S0_base,53,T0053_007,RIGID_9T,9000,34.0,21.0,0.85,SPB,12.9675,79.943,RNP,12.9249,79.3308,14.382,19.74,6.891,D0053_007,83.14,103.93
S0_base,53,T0053_008,RIGID_16T,16000,52.0,26.0,0.72,BID,12.7942,77.3854,HSR,12.7409,77.8253,8.008,12.439,7.361,D0053_008,64.9,81.12
S0_base,53,T0053_009,RIGID_9T,9000,34.0,21.0,0.85,SLM,11.6643,78.146,KRR,10.9601,78.0766,10.693,18.107,4.941,D0053_009,98.34,122.92
S0_base,53,T0053_010,RIGID_9T,9000,34.0,21.0,0.85,CTR,13.2172,79.1003,KGI,12.5186,78.2137,14.59,22.283,4.36,D0053_010,154.47,193.09
S0_base,53,T0053_011,LCV_3T,3000,14.0,14.0,1.1,TPT,13.6288,79.4192,SPB,12.9675,79.943,9.342,15.509,5.042,D0053_011,116.05,145.07
S0_base,53,T0053_012,ARTIC_25T,25000,78.0,31.0,0.62,BLR,12.9716,77.5946,ERD,11.341,77.7172,9.367,17.101,4.401,D0053_012,227.25,247.91
S0_base,53,T0053_013,ARTIC_25T,25000,78.0,31.0,0.62,MDU,9.9252,78.1198,KCH,9.9312,76.2673,9.306,17.841,3.535,D0053_013,239.43,261.19
S0_base,53,T0053_014,LCV_3T,3000,14.0,14.0,1.1,TRY,10.7905,78.7047,NMK,11.2189,78.1674,14.243,20.453,5.694,D0053_014,94.44,118.05
S0_base,53,T0053_015,RIGID_9T,9000,34.0,21.0,0.85,VLR,12.9165,79.1325,GMD,13.4084,80.1082,12.683,19.552,5.765,D0053_015,148.7,185.88
S0_base,53,T0053_016,LCV_3T,3000,14.0,14.0,1.1,KGI,12.5186,78.2137,CBE,11.0168,76.9558,13.507,22.768,2.781,D0053_016,254.82,277.99
S0_base,53,T0053_017,RIGID_16T,16000,52.0,26.0,0.72,HSR,12.7409,77.8253,KGI,12.5186,78.2137,5.988,11.627,6.764,D0053_017,65.96,82.45
S0_base,53,T0053_018,RIGID_16T,16000,52.0,26.0,0.72,GMD,13.4084,80.1082,SPB,12.9675,79.943,10.204,15.18,7.107,D0053_018,65.23,81.54
S0_base,53,T0053_019,LCV_3T,3000,14.0,14.0,1.1,NMK,11.2189,78.1674,SLM,11.6643,78.146,14.249,20.247,5.806,D0053_019,66.93,83.67
S0_base,53,T0053_020,RIGID_9T,9000,34.0,21.0,0.85,TRY,10.7905,78.7047,SLM,11.6643,78.146,7.376,13.947,5.055,D0053_020,143.36,179.2
S0_base,53,T0053_021,RIGID_16T,16000,52.0,26.0,0.72,BID,12.7942,77.3854,DPI,12.1211,78.1583,8.003,13.514,5.875,D0053_021,140.56,175.7
S0_base,53,T0053_022,LCV_3T,3000,14.0,14.0,1.1,BID,12.7942,77.3854,CTR,13.2172,79.1003,9.155,17.126,3.269,D0053_022,239.57,261.35
S0_base,53,T0053_023,RIGID_9T,9000,34.0,21.0,0.85,TNJ,10.787,79.1378,TTN,8.7642,78.1348,8.145,16.156,3.489,D0053_023,295.4,322.26
S0_base,53,T0053_024,RIGID_9T,9000,34.0,21.0,0.85,TPT,13.6288,79.4192,GMD,13.4084,80.1082,13.629,19.076,5.842,D0053_024,98.02,122.53
S0_base,53,T0053_025,RIGID_9T,9000,34.0,21.0,0.85,MDU,9.9252,78.1198,TRP,11.1085,77.3411,8.225,15.623,4.565,D0053_025,195.89,244.87
S0_base,53,T0053_026,ARTIC_25T,25000,78.0,31.0,0.62,CHN,13.0827,80.2707,KPM,12.8342,79.7036,9.464,15.221,6.301,D0053_026,84.22,105.28
S0_base,53,T0053_027,ARTIC_25T,25000,78.0,31.0,0.62,ERD,11.341,77.7172,KRR,10.9601,78.0766,14.239,19.82,6.068,D0053_027,72.15,90.18
S0_base,53,T0053_028,RIGID_9T,9000,34.0,21.0,0.85,DPI,12.1211,78.1583,CHN,13.0827,80.2707,13.556,24.249,1.763,D0053_028,298.47,325.6
S0_base,53,T0053_029,ARTIC_25T,25000,78.0,31.0,0.62,DGL,10.3624,77.9695,MDU,9.9252,78.1198,9.317,14.745,7.259,D0053_029,64.15,80.19
S0_base,54,T0054_000,LCV_3T,3000,14.0,14.0,1.1,ERD,11.341,77.7172,RNP,12.9249,79.3308,6.447,17.23,1.749,D0054_000,293.31,319.98
S0_base,54,T0054_001,LCV_3T,3000,14.0,14.0,1.1,GMD,13.4084,80.1082,SPB,12.9675,79.943,7.551,12.795,6.882,D0054_001,65.23,81.54
S0_base,54,T0054_002,RIGID_16T,16000,52.0,26.0,0.72,HSR,12.7409,77.8253,VLR,12.9165,79.1325,10.073,18.459,3.708,D0054_002,178.83,223.54
S0_base,54,T0054_003,LCV_3T,3000,14.0,14.0,1.1,MYS,12.2958,76.6394,BID,12.7942,77.3854,7.067,12.661,5.768,D0054_003,122.65,153.31
S0_base,54,T0054_004,RIGID_9T,9000,34.0,21.0,0.85,DGL,10.3624,77.9695,TRY,10.7905,78.7047,14.973,21.835,4.658,D0054_004,116.75,145.94
S0_base,54,T0054_005,RIGID_16T,16000,52.0,26.0,0.72,PDY,11.9416,79.8083,GMD,13.4084,80.1082,11.169,19.466,3.663,D0054_005,207.89,226.79
S0_base,54,T0054_006,RIGID_16T,16000,52.0,26.0,0.72,TRY,10.7905,78.7047,TTN,8.7642,78.1348,5.366,14.067,3.87,D0054_006,275.89,300.97
S0_base,54,T0054_007,RIGID_16T,16000,52.0,26.0,0.72,BLR,12.9716,77.5946,CBE,11.0168,76.9558,8.272,17.252,2.848,D0054_007,269.27,293.75
S0_base,54,T0054_008,RIGID_9T,9000,34.0,21.0,0.85,MYS,12.2958,76.6394,KGI,12.5186,78.2137,10.385,17.859,5.033,D0054_008,215.94,235.57
S0_base,54,T0054_009,RIGID_16T,16000,52.0,26.0,0.72,TRP,11.1085,77.3411,KGI,12.5186,78.2137,5.003,11.93,4.83,D0054_009,229.14,249.98
S0_base,54,T0054_010,RIGID_9T,9000,34.0,21.0,0.85,SLM,11.6643,78.146,PDY,11.9416,79.8083,9.062,17.352,3.989,D0054_010,229.42,250.28
S0_base,54,T0054_011,RIGID_9T,9000,34.0,21.0,0.85,ORG,12.81,79.95,RNP,12.9249,79.3308,5.393,11.268,5.425,D0054_011,85.41,106.76
S0_base,54,T0054_012,RIGID_9T,9000,34.0,21.0,0.85,VLR,12.9165,79.1325,ORG,12.81,79.95,13.139,19.988,5.78,D0054_012,111.76,139.7
S0_base,54,T0054_013,RIGID_16T,16000,52.0,26.0,0.72,PDY,11.9416,79.8083,KRR,10.9601,78.0766,9.457,19.812,2.211,D0054_013,257.25,280.63
S0_base,54,T0054_014,RIGID_9T,9000,34.0,21.0,0.85,NLR,14.4426,79.9865,GMD,13.4084,80.1082,11.964,17.469,5.886,D0054_014,144.68,180.85
S0_base,54,T0054_015,ARTIC_25T,25000,78.0,31.0,0.62,CTR,13.2172,79.1003,SPB,12.9675,79.943,9.38,15.213,5.957,D0054_015,119.25,149.06
S0_base,54,T0054_016,RIGID_9T,9000,34.0,21.0,0.85,BID,12.7942,77.3854,HSR,12.7409,77.8253,12.337,16.368,7.256,D0054_016,64.9,81.12
S0_base,54,T0054_017,RIGID_9T,9000,34.0,21.0,0.85,TNJ,10.787,79.1378,CDL,11.748,79.7714,11.273,19.176,3.968,D0054_017,159.06,198.83
S0_base,54,T0054_018,LCV_3T,3000,14.0,14.0,1.1,ERD,11.341,77.7172,MDU,9.9252,78.1198,10.641,18.621,4.189,D0054_018,204.33,222.9
S0_base,54,T0054_019,RIGID_9T,9000,34.0,21.0,0.85,TPT,13.6288,79.4192,GMD,13.4084,80.1082,5.315,12.265,5.56,D0054_019,98.02,122.53
S0_base,54,T0054_020,LCV_3T,3000,14.0,14.0,1.1,CTR,13.2172,79.1003,SPB,12.9675,79.943,13.639,19.436,5.704,D0054_020,119.25,149.06
S0_base,54,T0054_021,RIGID_16T,16000,52.0,26.0,0.72,HSR,12.7409,77.8253,TUM,13.3379,77.1173,10.501,17.8,4.516,D0054_021,126.79,158.49
S0_base,54,T0054_022,RIGID_9T,9000,34.0,21.0,0.85,TPT,13.6288,79.4192,CTR,13.2172,79.1003,14.926,21.881,5.422,D0054_022,71.64,89.55
S0_base,54,T0054_023,RIGID_16T,16000,52.0,26.0,0.72,MDU,9.9252,78.1198,TTN,8.7642,78.1348,13.337,19.299,5.292,D0054_023,161.38,201.73
S0_base,54,T0054_024,RIGID_9T,9000,34.0,21.0,0.85,VLR,12.9165,79.1325,ERD,11.341,77.7172,9.893,20.428,1.829,D0054_024,275.13,300.14
S0_base,54,T0054_025,RIGID_9T,9000,34.0,21.0,0.85,NLR,14.4426,79.9865,CTR,13.2172,79.1003,14.908,23.301,3.183,D0054_025,208.12,227.04
S0_base,54,T0054_026,RIGID_16T,16000,52.0,26.0,0.72,HSR,12.7409,77.8253,CDL,11.748,79.7714,13.194,22.754,2.942,D0054_026,281.5,307.09
S0_base,54,T0054_027,ARTIC_25T,25000,78.0,31.0,0.62,TNJ,10.787,79.1378,TRY,10.7905,78.7047,7.205,12.391,6.325,D0054_027,63.87,79.83
S0_base,54,T0054_028,RIGID_9T,9000,34.0,21.0,0.85,KGI,12.5186,78.2137,HSR,12.7409,77.8253,13.557,18.838,7.214,D0054_028,65.96,82.45
S0_base,54,T0054_029,RIGID_16T,16000,52.0,26.0,0.72,KGI,12.5186,78.2137,BID,12.7942,77.3854,13.882,20.358,6.216,D0054_029,118.68,148.35
S0_base,55,T0055_000,RIGID_9T,9000,34.0,21.0,0.85,CTR,13.2172,79.1003,TPT,13.6288,79.4192,5.395,12.01,5.481,D0055_000,71.64,89.55
S0_base,55,T0055_001,LCV_3T,3000,14.0,14.0,1.1,TPT,13.6288,79.4192,HSR,12.7409,77.8253,7.87,16.848,3.369,D0055_001,248.51,271.1
S0_base,55,T0055_002,RIGID_16T,16000,52.0,26.0,0.72,DPI,12.1211,78.1583,ERD,11.341,77.7172,9.953,16.324,5.251,D0055_002,123.94,154.92
S0_base,55,T0055_003,RIGID_9T,9000,34.0,21.0,0.85,KGI,12.5186,78.2137,NLM,13.0996,77.3936,7.077,13.543,5.432,D0055_003,137.39,171.74
S0_base,55,T0055_004,RIGID_9T,9000,34.0,21.0,0.85,VLR,12.9165,79.1325,ORG,12.81,79.95,6.527,13.232,4.529,D0055_004,111.76,139.7
S0_base,55,T0055_005,LCV_3T,3000,14.0,14.0,1.1,TRP,11.1085,77.3411,BLR,12.9716,77.5946,13.032,21.033,3.76,D0055_005,246.61,269.03
S0_base,55,T0055_006,RIGID_9T,9000,34.0,21.0,0.85,BLR,12.9716,77.5946,MYS,12.2958,76.6394,8.846,16.182,5.162,D0055_006,160.02,200.03
S0_base,55,T0055_007,LCV_3T,3000,14.0,14.0,1.1,KGI,12.5186,78.2137,BID,12.7942,77.3854,7.016,13.673,5.06,D0055_007,118.68,148.35
S0_base,55,T0055_008,RIGID_9T,9000,34.0,21.0,0.85,ERD,11.341,77.7172,VLR,12.9165,79.1325,5.728,15.154,2.747,D0055_008,275.13,300.14
S0_base,55,T0055_009,ARTIC_25T,25000,78.0,31.0,0.62,CBE,11.0168,76.9558,SLM,11.6643,78.146,10.579,18.083,3.956,D0055_009,185.5,231.87
S0_base,55,T0055_010,LCV_3T,3000,14.0,14.0,1.1,DPI,12.1211,78.1583,PDY,11.9416,79.8083,13.115,21.605,3.766,D0055_010,225.68,246.2
S0_base,55,T0055_011,RIGID_9T,9000,34.0,21.0,0.85,KGI,12.5186,78.2137,TUM,13.3379,77.1173,13.512,22.587,3.578,D0055_011,187.16,233.95
S0_base,55,T0055_012,ARTIC_25T,25000,78.0,31.0,0.62,KGI,12.5186,78.2137,SPB,12.9675,79.943,12.727,21.239,2.72,D0055_012,242.6,264.66
S0_base,55,T0055_013,RIGID_16T,16000,52.0,26.0,0.72,TPT,13.6288,79.4192,KPM,12.8342,79.7036,13.885,20.497,5.421,D0055_013,116.96,146.2
S0_base,55,T0055_014,RIGID_9T,9000,34.0,21.0,0.85,KGI,12.5186,78.2137,PDY,11.9416,79.8083,13.343,20.336,4.67,D0055_014,230.98,251.98
S0_base,55,T0055_015,RIGID_9T,9000,34.0,21.0,0.85,SLM,11.6643,78.146,DPI,12.1211,78.1583,10.621,15.582,7.299,D0055_015,63.51,79.39
S0_base,55,T0055_016,RIGID_9T,9000,34.0,21.0,0.85,CDL,11.748,79.7714,ORG,12.81,79.95,13.638,19.303,5.606,D0055_016,149.59,186.99
S0_base,55,T0055_017,LCV_3T,3000,14.0,14.0,1.1,TPT,13.6288,79.4192,CHN,13.0827,80.2707,14.111,20.917,5.046,D0055_017,137.92,172.4
S0_base,55,T0055_018,LCV_3T,3000,14.0,14.0,1.1,BLR,12.9716,77.5946,VLR,12.9165,79.1325,9.256,16.42,5.043,D0055_018,208.47,227.42
S0_base,55,T0055_019,LCV_3T,3000,14.0,14.0,1.1,BID,12.7942,77.3854,TUM,13.3379,77.1173,10.303,16.851,5.932,D0055_019,83.84,104.8
S0_base,55,T0055_020,RIGID_16T,16000,52.0,26.0,0.72,GMD,13.4084,80.1082,SPB,12.9675,79.943,7.196,13.403,6.219,D0055_020,65.23,81.54
S0_base,55,T0055_021,RIGID_9T,9000,34.0,21.0,0.85,TRY,10.7905,78.7047,DPI,12.1211,78.1583,7.325,15.181,3.439,D0055_021,199.36,249.2
S0_base,55,T0055_022,RIGID_9T,9000,34.0,21.0,0.85,TRP,11.1085,77.3411,MYS,12.2958,76.6394,11.808,20.931,3.489,D0055_022,190.67,238.34
S0_base,55,T0055_023,RIGID_16T,16000,52.0,26.0,0.72,TNJ,10.787,79.1378,TRY,10.7905,78.7047,8.286,13.698,6.05,D0055_023,63.87,79.83
S0_base,55,T0055_024,RIGID_9T,9000,34.0,21.0,0.85,NMK,11.2189,78.1674,MDU,9.9252,78.1198,12.754,20.805,4.722,D0055_024,179.93,224.92
S0_base,55,T0055_025,RIGID_16T,16000,52.0,26.0,0.72,DGL,10.3624,77.9695,TTN,8.7642,78.1348,5.667,14.313,3.883,D0055_025,223.29,243.59
S0_base,55,T0055_026,RIGID_16T,16000,52.0,26.0,0.72,BID,12.7942,77.3854,SLM,11.6643,78.146,9.099,17.257,3.839,D0055_026,187.99,234.98
S0_base,55,T0055_027,LCV_3T,3000,14.0,14.0,1.1,SLM,11.6643,78.146,DPI,12.1211,78.1583,14.251,20.135,6.506,D0055_027,63.51,79.39
S0_base,55,T0055_028,LCV_3T,3000,14.0,14.0,1.1,CBE,11.0168,76.9558,BLR,12.9716,77.5946,8.675,17.508,2.694,D0055_028,269.27,293.75
S0_base,55,T0055_029,ARTIC_25T,25000,78.0,31.0,0.62,BLR,12.9716,77.5946,RNP,12.9249,79.3308,14.601,22.489,3.332,D0055_029,235.27,256.66
S0_base,56,T0056_000,RIGID_9T,9000,34.0,21.0,0.85,NMK,11.2189,78.1674,SLM,11.6643,78.146,12.836,17.447,7.367,D0056_000,66.93,83.67
S0_base,56,T0056_001,RIGID_9T,9000,34.0,21.0,0.85,ONG,15.5057,80.0499,GMD,13.4084,80.1082,6.916,14.796,3.48,D0056_001,275.29,300.31
S0_base,56,T0056_002,RIGID_16T,16000,52.0,26.0,0.72,VLR,12.9165,79.1325,SPB,12.9675,79.943,10.721,17.679,4.805,D0056_002,110.02,137.53
S0_base,56,T0056_003,LCV_3T,3000,14.0,14.0,1.1,SLM,11.6643,78.146,BLR,12.9716,77.5946,7.79,14.37,4.846,D0056_003,196.53,245.66
S0_base,56,T0056_004,LCV_3T,3000,14.0,14.0,1.1,RNP,12.9249,79.3308,SPB,12.9675,79.943,11.011,18.01,5.137,D0056_004,83.14,103.93
S0_base,56,T0056_005,RIGID_9T,9000,34.0,21.0,0.85,KGI,12.5186,78.2137,BID,12.7942,77.3854,6.301,12.411,5.305,D0056_005,118.68,148.35
S0_base,56,T0056_006,RIGID_16T,16000,52.0,26.0,0.72,VLR,12.9165,79.1325,NLM,13.0996,77.3936,7.715,15.279,4.474,D0056_006,236.86,258.4
S0_base,56,T0056_007,RIGID_9T,9000,34.0,21.0,0.85,DPI,12.1211,78.1583,SLM,11.6643,78.146,6.611,11.608,6.519,D0056_007,63.51,79.39
S0_base,56,T0056_008,LCV_3T,3000,14.0,14.0,1.1,RNP,12.9249,79.3308,ORG,12.81,79.95,9.183,15.289,6.443,D0056_008,85.41,106.76
S0_base,56,T0056_009,RIGID_16T,16000,52.0,26.0,0.72,TUM,13.3379,77.1173,BLR,12.9716,77.5946,8.602,14.452,5.765,D0056_009,82.25,102.82
S0_base,56,T0056_010,LCV_3T,3000,14.0,14.0,1.1,TPT,13.6288,79.4192,RNP,12.9249,79.3308,13.101,18.118,6.944,D0056_010,98.57,123.21
S0_base,56,T0056_011,LCV_3T,3000,14.0,14.0,1.1,SLM,11.6643,78.146,ORG,12.81,79.95,14.965,24.661,2.097,D0056_011,275.88,300.96
S0_base,56,T0056_012,LCV_3T,3000,14.0,14.0,1.1,TNJ,10.787,79.1378,CDL,11.748,79.7714,8.427,17.421,3.762,D0056_012,159.06,198.83
S0_base,56,T0056_013,LCV_3T,3000,14.0,14.0,1.1,GMD,13.4084,80.1082,TPT,13.6288,79.4192,6.518,11.224,6.794,D0056_013,98.02,122.53
S0_base,56,T0056_014,RIGID_16T,16000,52.0,26.0,0.72,KCH,9.9312,76.2673,ERD,11.341,77.7172,10.518,18.918,3.073,D0056_014,263.01,286.92
S0_base,56,T0056_015,LCV_3T,3000,14.0,14.0,1.1,SLM,11.6643,78.146,TRP,11.1085,77.3411,5.456,12.582,4.687,D0056_015,134.15,167.69
S0_base,56,T0056_016,ARTIC_25T,25000,78.0,31.0,0.62,KGI,12.5186,78.2137,BID,12.7942,77.3854,9.67,16.509,5.13,D0056_016,118.68,148.35
S0_base,56,T0056_017,RIGID_16T,16000,52.0,26.0,0.72,SLM,11.6643,78.146,ORG,12.81,79.95,10.226,20.08,1.976,D0056_017,275.88,300.96
S0_base,56,T0056_018,LCV_3T,3000,14.0,14.0,1.1,NMK,11.2189,78.1674,TRY,10.7905,78.7047,10.567,16.603,6.53,D0056_018,94.44,118.05
S0_base,56,T0056_019,RIGID_9T,9000,34.0,21.0,0.85,ERD,11.341,77.7172,PDY,11.9416,79.8083,6.317,15.031,3.097,D0056_019,280.04,305.5
S0_base,56,T0056_020,LCV_3T,3000,14.0,14.0,1.1,CTR,13.2172,79.1003,KPM,12.8342,79.7036,11.633,17.399,6.825,D0056_020,97.51,121.89
S0_base,56,T0056_021,RIGID_16T,16000,52.0,26.0,0.72,ORG,12.81,79.95,VLR,12.9165,79.1325,6.808,13.994,5.123,D0056_021,111.76,139.7
S0_base,56,T0056_022,LCV_3T,3000,14.0,14.0,1.1,SLM,11.6643,78.146,DPI,12.1211,78.1583,13.797,17.988,7.596,D0056_022,63.51,79.39
S0_base,56,T0056_023,ARTIC_25T,25000,78.0,31.0,0.62,TNJ,10.787,79.1378,TRY,10.7905,78.7047,7.671,12.056,7.166,D0056_023,63.87,79.83
S0_base,56,T0056_024,RIGID_9T,9000,34.0,21.0,0.85,PDY,11.9416,79.8083,KPM,12.8342,79.7036,14.439,21.134,5.597,D0056_024,124.88,156.1
S0_base,56,T0056_025,RIGID_9T,9000,34.0,21.0,0.85,KGI,12.5186,78.2137,MYS,12.2958,76.6394,13.922,22.504,3.549,D0056_025,215.94,235.57
S0_base,56,T0056_026,RIGID_9T,9000,34.0,21.0,0.85,BID,12.7942,77.3854,HSR,12.7409,77.8253,14.842,19.601,7.16,D0056_026,64.9,81.12
S0_base,56,T0056_027,RIGID_9T,9000,34.0,21.0,0.85,BLR,12.9716,77.5946,KGI,12.5186,78.2137,9.483,14.92,6.09,D0056_027,104.92,131.15
S0_base,56,T0056_028,RIGID_16T,16000,52.0,26.0,0.72,SLM,11.6643,78.146,NMK,11.2189,78.1674,6.829,13.884,5.733,D0056_028,66.93,83.67
S0_base,56,T0056_029,LCV_3T,3000,14.0,14.0,1.1,ERD,11.341,77.7172,TNJ,10.787,79.1378,7.815,15.152,4.951,D0056_029,208.52,227.48
S0_base,57,T0057_000,RIGID_9T,9000,34.0,21.0,0.85,ERD,11.341,77.7172,KCH,9.9312,76.2673,14.887,22.861,3.643,D0057_000,263.01,286.92
S0_base,57,T0057_001,RIGID_16T,16000,52.0,26.0,0.72,TPT,13.6288,79.4192,CTR,13.2172,79.1003,8.655,14.107,6.07,D0057_001,71.64,89.55
S0_base,57,T0057_002,ARTIC_25T,25000,78.0,31.0,0.62,NLR,14.4426,79.9865,GMD,13.4084,80.1082,14.739,23.187,4.041,D0057_002,144.68,180.85
S0_base,57,T0057_003,RIGID_16T,16000,52.0,26.0,0.72,TPT,13.6288,79.4192,CHN,13.0827,80.2707,10.288,16.775,5.361,D0057_003,137.92,172.4
S0_base,57,T0057_004,RIGID_16T,16000,52.0,26.0,0.72,MDU,9.9252,78.1198,TRY,10.7905,78.7047,10.491,18.222,4.195,D0057_004,144.43,180.54
S0_base,57,T0057_005,RIGID_16T,16000,52.0,26.0,0.72,HSR,12.7409,77.8253,NLM,13.0996,77.3936,14.403,19.281,6.922,D0057_005,76.85,96.06
S0_base,57,T0057_006,LCV_3T,3000,14.0,14.0,1.1,NLM,13.0996,77.3936,KRR,10.9601,78.0766,8.325,18.807,2.145,D0057_006,294.09,320.82
S0_base,57,T0057_007,RIGID_9T,9000,34.0,21.0,0.85,TPT,13.6288,79.4192,ORG,12.81,79.95,12.662,20.731,4.018,D0057_007,134.58,168.22
S0_base,57,T0057_008,RIGID_9T,9000,34.0,21.0,0.85,CTR,13.2172,79.1003,ORG,12.81,79.95,7.553,14.551,5.024,D0057_008,128.24,160.29
S0_base,57,T0057_009,ARTIC_25T,25000,78.0,31.0,0.62,VLR,12.9165,79.1325,KPM,12.8342,79.7036,13.444,20.309,5.746,D0057_009,78.22,97.78
S0_base,57,T0057_010,ARTIC_25T,25000,78.0,31.0,0.62,CTR,13.2172,79.1003,SPB,12.9675,79.943,7.206,12.86,5.809,D0057_010,119.25,149.06
S0_base,57,T0057_011,RIGID_16T,16000,52.0,26.0,0.72,TUM,13.3379,77.1173,BLR,12.9716,77.5946,14.984,21.927,5.404,D0057_011,82.25,102.82
S0_base,57,T0057_012,LCV_3T,3000,14.0,14.0,1.1,DPI,12.1211,78.1583,ORG,12.81,79.95,14.2,22.42,3.143,D0057_012,246.7,269.13
S0_base,57,T0057_013,RIGID_16T,16000,52.0,26.0,0.72,BLR,12.9716,77.5946,ORG,12.81,79.95,7.009,16.155,3.462,D0057_013,302.01,329.46
S0_base,57,T0057_014,RIGID_9T,9000,34.0,21.0,0.85,SLM,11.6643,78.146,NMK,11.2189,78.1674,9.15,14.815,6.953,D0057_014,66.93,83.67
S0_base,57,T0057_015,RIGID_16T,16000,52.0,26.0,0.72,KPM,12.8342,79.7036,GMD,13.4084,80.1082,10.739,16.906,6.47,D0057_015,96.79,120.99
S0_base,57,T0057_016,RIGID_9T,9000,34.0,21.0,0.85,TNJ,10.787,79.1378,RNP,12.9249,79.3308,11.735,20.392,2.637,D0057_016,281.61,307.21
S0_base,57,T0057_017,RIGID_9T,9000,34.0,21.0,0.85,ERD,11.341,77.7172,BID,12.7942,77.3854,7.5,15.508,4.407,D0057_017,206.96,225.77
S0_base,57,T0057_018,RIGID_9T,9000,34.0,21.0,0.85,DGL,10.3624,77.9695,KCH,9.9312,76.2673,9.069,17.889,2.708,D0057_018,240.48,262.34
S0_base,57,T0057_019,RIGID_9T,9000,34.0,21.0,0.85,VLR,12.9165,79.1325,CHN,13.0827,80.2707,8.717,15.602,4.779,D0057_019,155.87,194.84
S0_base,57,T0057_020,ARTIC_25T,25000,78.0,31.0,0.62,KGI,12.5186,78.2137,RNP,12.9249,79.3308,9.177,15.992,4.497,D0057_020,161.64,202.05
S0_base,57,T0057_021,RIGID_9T,9000,34.0,21.0,0.85,DPI,12.1211,78.1583,SPB,12.9675,79.943,9.403,17.43,4.213,D0057_021,254.13,277.23
S0_base,57,T0057_022,RIGID_9T,9000,34.0,21.0,0.85,BID,12.7942,77.3854,SLM,11.6643,78.146,11.557,19.223,4.591,D0057_022,187.99,234.98
S0_base,57,T0057_023,LCV_3T,3000,14.0,14.0,1.1,SPB,12.9675,79.943,GMD,13.4084,80.1082,12.251,16.805,6.795,D0057_023,65.23,81.54
S0_base,57,T0057_024,RIGID_16T,16000,52.0,26.0,0.72,TPT,13.6288,79.4192,KPM,12.8342,79.7036,13.075,19.636,5.935,D0057_024,116.96,146.2
S0_base,57,T0057_025,ARTIC_25T,25000,78.0,31.0,0.62,VLR,12.9165,79.1325,HSR,12.7409,77.8253,8.309,15.766,4.821,D0057_025,178.83,223.54
S0_base,57,T0057_026,RIGID_16T,16000,52.0,26.0,0.72,VLR,12.9165,79.1325,CDL,11.748,79.7714,12.452,21.748,3.465,D0057_026,184.13,230.16
S0_base,57,T0057_027,ARTIC_25T,25000,78.0,31.0,0.62,NLR,14.4426,79.9865,ORG,12.81,79.95,6.564,15.034,4.077,D0057_027,226.97,247.61
S0_base,57,T0057_028,LCV_3T,3000,14.0,14.0,1.1,ERD,11.341,77.7172,NMK,11.2189,78.1674,11.251,17.419,5.766,D0057_028,63.67,79.59
S0_base,57,T0057_029,RIGID_16T,16000,52.0,26.0,0.72,KGI,12.5186,78.2137,SLM,11.6643,78.146,13.297,18.332,6.41,D0057_029,119.1,148.87
S0_base,58,T0058_000,RIGID_9T,9000,34.0,21.0,0.85,GMD,13.4084,80.1082,SPB,12.9675,79.943,10.852,16.267,6.739,D0058_000,65.23,81.54
S0_base,58,T0058_001,RIGID_16T,16000,52.0,26.0,0.72,MYS,12.2958,76.6394,BID,12.7942,77.3854,14.748,21.657,5.481,D0058_001,122.65,153.31
S0_base,58,T0058_002,RIGID_9T,9000,34.0,21.0,0.85,BID,12.7942,77.3854,KGI,12.5186,78.2137,13.083,18.607,6.272,D0058_002,118.68,148.35
S0_base,58,T0058_003,RIGID_9T,9000,34.0,21.0,0.85,MDU,9.9252,78.1198,KRR,10.9601,78.0766,9.741,16.248,5.896,D0058_003,143.97,179.96
S0_base,58,T0058_004,ARTIC_25T,25000,78.0,31.0,0.62,KGI,12.5186,78.2137,SPB,12.9675,79.943,9.661,18.373,3.525,D0058_004,242.6,264.66
S0_base,58,T0058_005,RIGID_16T,16000,52.0,26.0,0.72,TPT,13.6288,79.4192,GMD,13.4084,80.1082,13.801,19.369,5.736,D0058_005,98.02,122.53
S0_base,58,T0058_006,RIGID_9T,9000,34.0,21.0,0.85,CBE,11.0168,76.9558,MDU,9.9252,78.1198,14.368,22.501,3.799,D0058_006,219.84,239.83
S0_base,58,T0058_007,RIGID_16T,16000,52.0,26.0,0.72,CBE,11.0168,76.9558,KRR,10.9601,78.0766,10.434,17.651,4.196,D0058_007,153.13,191.41
S0_base,58,T0058_008,ARTIC_25T,25000,78.0,31.0,0.62,TPT,13.6288,79.4192,ORG,12.81,79.95,5.594,13.02,4.939,D0058_008,134.58,168.22
S0_base,58,T0058_009,RIGID_16T,16000,52.0,26.0,0.72,DPI,12.1211,78.1583,VLR,12.9165,79.1325,12.161,19.012,5.074,D0058_009,172.33,215.41
S0_base,58,T0058_010,RIGID_9T,9000,34.0,21.0,0.85,GMD,13.4084,80.1082,SPB,12.9675,79.943,6.206,11.27,6.701,D0058_010,65.23,81.54
S0_base,58,T0058_011,RIGID_16T,16000,52.0,26.0,0.72,NMK,11.2189,78.1674,VLR,12.9165,79.1325,6.551,16.184,2.858,D0058_011,254.85,278.02
S0_base,58,T0058_012,RIGID_9T,9000,34.0,21.0,0.85,TUM,13.3379,77.1173,BID,12.7942,77.3854,11.904,18.509,5.789,D0058_012,83.84,104.8
S0_base,58,T0058_013,RIGID_9T,9000,34.0,21.0,0.85,TRP,11.1085,77.3411,KRR,10.9601,78.0766,10.615,17.615,4.819,D0058_013,102.44,128.05
S0_base,58,T0058_014,LCV_3T,3000,14.0,14.0,1.1,BID,12.7942,77.3854,MYS,12.2958,76.6394,14.704,22.083,4.608,D0058_014,122.65,153.31
S0_base,58,T0058_015,RIGID_9T,9000,34.0,21.0,0.85,CTR,13.2172,79.1003,SPB,12.9675,79.943,7.303,14.421,5.23,D0058_015,119.25,149.06
S0_base,58,T0058_016,RIGID_9T,9000,34.0,21.0,0.85,RNP,12.9249,79.3308,SPB,12.9675,79.943,8.9,14.293,5.816,D0058_016,83.14,103.93
S0_base,58,T0058_017,RIGID_9T,9000,34.0,21.0,0.85,HSR,12.7409,77.8253,TUM,13.3379,77.1173,6.107,12.831,5.617,D0058_017,126.79,158.49
S0_base,58,T0058_018,RIGID_16T,16000,52.0,26.0,0.72,TUM,13.3379,77.1173,RNP,12.9249,79.3308,12.832,22.764,2.092,D0058_018,287.98,314.16
S0_base,58,T0058_019,ARTIC_25T,25000,78.0,31.0,0.62,KRR,10.9601,78.0766,ERD,11.341,77.7172,7.486,13.64,5.332,D0058_019,72.15,90.18
S0_base,58,T0058_020,LCV_3T,3000,14.0,14.0,1.1,NLR,14.4426,79.9865,CHN,13.0827,80.2707,7.277,15.099,4.022,D0058_020,192.87,241.09
S0_base,58,T0058_021,ARTIC_25T,25000,78.0,31.0,0.62,KGI,12.5186,78.2137,BLR,12.9716,77.5946,14.886,20.436,6.725,D0058_021,104.92,131.15
S0_base,58,T0058_022,RIGID_16T,16000,52.0,26.0,0.72,NLM,13.0996,77.3936,KPM,12.8342,79.7036,14.955,23.881,2.984,D0058_022,297.41,324.45
S0_base,58,T0058_023,LCV_3T,3000,14.0,14.0,1.1,MYS,12.2958,76.6394,MLR,12.9141,74.856,7.693,17.117,2.833,D0058_023,242.34,264.37
S0_base,58,T0058_024,RIGID_9T,9000,34.0,21.0,0.85,DPI,12.1211,78.1583,HSR,12.7409,77.8253,9.795,17.291,4.869,D0058_024,97.29,121.61
S0_base,58,T0058_025,ARTIC_25T,25000,78.0,31.0,0.62,CDL,11.748,79.7714,SPB,12.9675,79.943,10.988,18.766,4.276,D0058_025,171.1,213.87
S0_base,58,T0058_026,LCV_3T,3000,14.0,14.0,1.1,MYS,12.2958,76.6394,NLM,13.0996,77.3936,11.933,17.45,5.838,D0058_026,151.46,189.32
S0_base,58,T0058_027,RIGID_16T,16000,52.0,26.0,0.72,HSR,12.7409,77.8253,BID,12.7942,77.3854,5.973,10.344,7.16,D0058_027,64.9,81.12
S0_base,58,T0058_028,RIGID_16T,16000,52.0,26.0,0.72,NLR,14.4426,79.9865,ONG,15.5057,80.0499,11.295,17.653,5.904,D0058_028,148.01,185.01
S0_base,58,T0058_029,RIGID_16T,16000,52.0,26.0,0.72,DPI,12.1211,78.1583,TRP,11.1085,77.3411,11.371,19.798,3.773,D0058_029,179.41,224.26
S0_base,59,T0059_000,RIGID_9T,9000,34.0,21.0,0.85,TRY,10.7905,78.7047,DGL,10.3624,77.9695,11.482,18.481,5.773,D0059_000,116.75,145.94
S0_base,59,T0059_001,RIGID_9T,9000,34.0,21.0,0.85,NMK,11.2189,78.1674,KPM,12.8342,79.7036,6.214,14.953,3.186,D0059_001,289.45,315.76
S0_base,59,T0059_002,RIGID_16T,16000,52.0,26.0,0.72,KGI,12.5186,78.2137,NLM,13.0996,77.3936,14.05,19.626,5.861,D0059_002,137.39,171.74
S0_base,59,T0059_003,LCV_3T,3000,14.0,14.0,1.1,TPT,13.6288,79.4192,ORG,12.81,79.95,12.012,19.924,4.606,D0059_003,134.58,168.22
S0_base,59,T0059_004,RIGID_9T,9000,34.0,21.0,0.85,TRP,11.1085,77.3411,BLR,12.9716,77.5946,13.111,21.418,4.067,D0059_004,246.61,269.03
S0_base,59,T0059_005,LCV_3T,3000,14.0,14.0,1.1,PDY,11.9416,79.8083,ORG,12.81,79.95,9.588,16.83,4.888,D0059_005,122.23,152.78
S0_base,59,T0059_006,RIGID_9T,9000,34.0,21.0,0.85,GMD,13.4084,80.1082,SPB,12.9675,79.943,13.986,19.853,6.605,D0059_006,65.23,81.54
S0_base,59,T0059_007,RIGID_9T,9000,34.0,21.0,0.85,KGI,12.5186,78.2137,TPT,13.6288,79.4192,8.432,17.923,3.252,D0059_007,224.61,245.03
S0_base,59,T0059_008,ARTIC_25T,25000,78.0,31.0,0.62,KGI,12.5186,78.2137,TRY,10.7905,78.7047,10.808,19.442,3.71,D0059_008,249.32,271.99
S0_base,59,T0059_009,RIGID_9T,9000,34.0,21.0,0.85,ERD,11.341,77.7172,SLM,11.6643,78.146,10.609,16.673,6.451,D0059_009,73.69,92.11
S0_base,59,T0059_010,RIGID_16T,16000,52.0,26.0,0.72,CHN,13.0827,80.2707,RNP,12.9249,79.3308,11.627,18.577,5.302,D0059_010,129.17,161.46
S0_base,59,T0059_011,RIGID_9T,9000,34.0,21.0,0.85,BID,12.7942,77.3854,CBE,11.0168,76.9558,6.412,15.564,2.909,D0059_011,239.65,261.43
S0_base,59,T0059_012,RIGID_9T,9000,34.0,21.0,0.85,SLM,11.6643,78.146,CDL,11.748,79.7714,10.474,19.59,3.603,D0059_012,221.53,241.67
S0_base,59,T0059_013,RIGID_9T,9000,34.0,21.0,0.85,SLM,11.6643,78.146,KGI,12.5186,78.2137,13.967,19.586,6.084,D0059_013,119.1,148.87
S0_base,59,T0059_014,ARTIC_25T,25000,78.0,31.0,0.62,BLR,12.9716,77.5946,SLM,11.6643,78.146,6.573,14.363,4.307,D0059_014,196.53,245.66
S0_base,59,T0059_015,RIGID_16T,16000,52.0,26.0,0.72,TRY,10.7905,78.7047,TNJ,10.787,79.1378,6.467,11.566,7.568,D0059_015,63.87,79.83
S0_base,59,T0059_016,LCV_3T,3000,14.0,14.0,1.1,SLM,11.6643,78.146,DPI,12.1211,78.1583,11.928,17.176,7.063,D0059_016,63.51,79.39
S0_base,59,T0059_017,RIGID_16T,16000,52.0,26.0,0.72,TRP,11.1085,77.3411,ERD,11.341,77.7172,11.724,18.56,5.59,D0059_017,65.46,81.82
S0_base,59,T0059_018,RIGID_9T,9000,34.0,21.0,0.85,CHN,13.0827,80.2707,ORG,12.81,79.95,14.086,20.423,5.588,D0059_018,62.27,77.83
S0_base,59,T0059_019,RIGID_16T,16000,52.0,26.0,0.72,ERD,11.341,77.7172,NMK,11.2189,78.1674,8.822,13.818,7.609,D0059_019,63.67,79.59
S0_base,59,T0059_020,LCV_3T,3000,14.0,14.0,1.1,VLR,12.9165,79.1325,CHN,13.0827,80.2707,14.067,21.038,4.701,D0059_020,155.87,194.84
S0_base,59,T0059_021,RIGID_16T,16000,52.0,26.0,0.72,RNP,12.9249,79.3308,ORG,12.81,79.95,13.182,18.79,6.998,D0059_021,85.41,106.76
S0_base,59,T0059_022,LCV_3T,3000,14.0,14.0,1.1,VLR,12.9165,79.1325,CHN,13.0827,80.2707,5.724,13.987,4.245,D0059_022,155.87,194.84
S0_base,59,T0059_023,RIGID_16T,16000,52.0,26.0,0.72,MDU,9.9252,78.1198,NMK,11.2189,78.1674,6.021,13.699,4.581,D0059_023,179.93,224.92
S0_base,59,T0059_024,LCV_3T,3000,14.0,14.0,1.1,MDU,9.9252,78.1198,DGL,10.3624,77.9695,12.259,17.926,5.575,D0059_024,64.15,80.19
S0_base,59,T0059_025,RIGID_9T,9000,34.0,21.0,0.85,VLR,12.9165,79.1325,HSR,12.7409,77.8253,12.813,19.378,4.903,D0059_025,178.83,223.54
S0_base,59,T0059_026,RIGID_9T,9000,34.0,21.0,0.85,NLR,14.4426,79.9865,SPB,12.9675,79.943,13.312,22.018,4.062,D0059_026,205.11,223.76
S0_base,59,T0059_027,RIGID_9T,9000,34.0,21.0,0.85,SLM,11.6643,78.146,ERD,11.341,77.7172,7.24,12.39,6.99,D0059_027,73.69,92.11
S0_base,59,T0059_028,RIGID_9T,9000,34.0,21.0,0.85,KPM,12.8342,79.7036,VLR,12.9165,79.1325,9.467,15.214,6.983,D0059_028,78.22,97.78
S0_base,59,T0059_029,LCV_3T,3000,14.0,14.0,1.1,KGI,12.5186,78.2137,SPB,12.9675,79.943,6.654,14.765,4.317,D0059_029,242.6,264.66
S0_base,60,T0060_000,RIGID_9T,9000,34.0,21.0,0.85,DPI,12.1211,78.1583,CHN,13.0827,80.2707,7.619,15.765,3.102,D0060_000,298.47,325.6
S0_base,60,T0060_001,RIGID_16T,16000,52.0,26.0,0.72,DGL,10.3624,77.9695,TRP,11.1085,77.3411,5.416,11.804,5.321,D0060_001,134.6,168.26
S0_base,60,T0060_002,LCV_3T,3000,14.0,14.0,1.1,HSR,12.7409,77.8253,BID,12.7942,77.3854,11.527,15.925,7.403,D0060_002,64.9,81.12
S0_base,60,T0060_003,ARTIC_25T,25000,78.0,31.0,0.62,VLR,12.9165,79.1325,ORG,12.81,79.95,14.049,21.114,4.707,D0060_003,111.76,139.7
S0_base,60,T0060_004,LCV_3T,3000,14.0,14.0,1.1,VLR,12.9165,79.1325,CHN,13.0827,80.2707,11.878,19.321,3.759,D0060_004,155.87,194.84
S0_base,60,T0060_005,RIGID_9T,9000,34.0,21.0,0.85,NMK,11.2189,78.1674,SLM,11.6643,78.146,10.171,15.324,7.101,D0060_005,66.93,83.67
S0_base,60,T0060_006,RIGID_9T,9000,34.0,21.0,0.85,TPT,13.6288,79.4192,DPI,12.1211,78.1583,6.762,16.773,2.629,D0060_006,255.24,278.44
S0_base,60,T0060_007,LCV_3T,3000,14.0,14.0,1.1,HSR,12.7409,77.8253,SLM,11.6643,78.146,14.183,22.066,3.86,D0060_007,155.85,194.82
S0_base,60,T0060_008,RIGID_16T,16000,52.0,26.0,0.72,KGI,12.5186,78.2137,RNP,12.9249,79.3308,12.397,20.064,3.938,D0060_008,161.64,202.05
S0_base,60,T0060_009,RIGID_16T,16000,52.0,26.0,0.72,KPM,12.8342,79.7036,CHN,13.0827,80.2707,6.307,12.289,6.308,D0060_009,84.22,105.28
S0_base,60,T0060_010,RIGID_16T,16000,52.0,26.0,0.72,DGL,10.3624,77.9695,NMK,11.2189,78.1674,13.429,19.547,5.572,D0060_010,122.08,152.6
S0_base,60,T0060_011,LCV_3T,3000,14.0,14.0,1.1,HSR,12.7409,77.8253,CBE,11.0168,76.9558,8.601,17.39,3.063,D0060_011,252.27,275.2
S0_base,60,T0060_012,RIGID_16T,16000,52.0,26.0,0.72,KGI,12.5186,78.2137,DPI,12.1211,78.1583,7.535,11.711,7.164,D0060_012,60.22,75.28
S0_base,60,T0060_013,LCV_3T,3000,14.0,14.0,1.1,MDU,9.9252,78.1198,TRY,10.7905,78.7047,14.013,21.41,5.059,D0060_013,144.43,180.54
S0_base,60,T0060_014,RIGID_9T,9000,34.0,21.0,0.85,NMK,11.2189,78.1674,SLM,11.6643,78.146,12.534,18.009,6.023,D0060_014,66.93,83.67
S0_base,60,T0060_015,RIGID_16T,16000,52.0,26.0,0.72,HSR,12.7409,77.8253,TRP,11.1085,77.3411,14.627,22.328,4.088,D0060_015,236.25,257.73
S0_base,60,T0060_016,RIGID_9T,9000,34.0,21.0,0.85,SLM,11.6643,78.146,ORG,12.81,79.95,7.593,16.91,2.515,D0060_016,275.88,300.96
S0_base,60,T0060_017,ARTIC_25T,25000,78.0,31.0,0.62,TRP,11.1085,77.3411,DGL,10.3624,77.9695,8.933,15.89,4.395,D0060_017,134.6,168.26
S0_base,60,T0060_018,RIGID_16T,16000,52.0,26.0,0.72,KGI,12.5186,78.2137,SLM,11.6643,78.146,7.276,14.026,5.995,D0060_018,119.1,148.87
S0_base,60,T0060_019,ARTIC_25T,25000,78.0,31.0,0.62,SLM,11.6643,78.146,KRR,10.9601,78.0766,5.924,11.706,5.85,D0060_019,98.34,122.92
S0_base,60,T0060_020,RIGID_16T,16000,52.0,26.0,0.72,MDU,9.9252,78.1198,DGL,10.3624,77.9695,11.118,18.248,5.56,D0060_020,64.15,80.19
S0_base,60,T0060_021,LCV_3T,3000,14.0,14.0,1.1,DPI,12.1211,78.1583,HSR,12.7409,77.8253,13.737,20.082,5.564,D0060_021,97.29,121.61
S0_base,60,T0060_022,LCV_3T,3000,14.0,14.0,1.1,VLR,12.9165,79.1325,ORG,12.81,79.95,8.15,15.017,5.842,D0060_022,111.76,139.7
S0_base,60,T0060_023,LCV_3T,3000,14.0,14.0,1.1,ERD,11.341,77.7172,KRR,10.9601,78.0766,6.945,12.531,7.049,D0060_023,72.15,90.18
S0_base,60,T0060_024,RIGID_9T,9000,34.0,21.0,0.85,VLR,12.9165,79.1325,SPB,12.9675,79.943,11.956,18.102,5.717,D0060_024,110.02,137.53
S0_base,60,T0060_025,RIGID_9T,9000,34.0,21.0,0.85,CTR,13.2172,79.1003,KPM,12.8342,79.7036,10.899,18.689,4.797,D0060_025,97.51,121.89
S0_base,60,T0060_026,ARTIC_25T,25000,78.0,31.0,0.62,CTR,13.2172,79.1003,CHN,13.0827,80.2707,7.671,16.641,3.547,D0060_026,159.51,199.39
S0_base,60,T0060_027,RIGID_9T,9000,34.0,21.0,0.85,KGI,12.5186,78.2137,DPI,12.1211,78.1583,8.249,13.95,7.098,D0060_027,60.22,75.28
S0_base,60,T0060_028,RIGID_9T,9000,34.0,21.0,0.85,SPB,12.9675,79.943,GMD,13.4084,80.1082,6.974,12.975,5.461,D0060_028,65.23,81.54
S0_base,60,T0060_029,RIGID_9T,9000,34.0,21.0,0.85,TPT,13.6288,79.4192,CTR,13.2172,79.1003,10.74,15.722,6.783,D0060_029,71.64,89.55
S0_base,61,T0061_000,ARTIC_25T,25000,78.0,31.0,0.62,DPI,12.1211,78.1583,SLM,11.6643,78.146,6.783,12.91,6.569,D0061_000,63.51,79.39
S0_base,61,T0061_001,LCV_3T,3000,14.0,14.0,1.1,KPM,12.8342,79.7036,CHN,13.0827,80.2707,12.833,19.047,5.933,D0061_001,84.22,105.28
S0_base,61,T0061_002,RIGID_9T,9000,34.0,21.0,0.85,BLR,12.9716,77.5946,MYS,12.2958,76.6394,13.207,20.972,4.435,D0061_002,160.02,200.03
S0_base,61,T0061_003,LCV_3T,3000,14.0,14.0,1.1,GMD,13.4084,80.1082,ORG,12.81,79.95,8.262,13.517,5.99,D0061_003,85.89,107.36
S0_base,61,T0061_004,RIGID_9T,9000,34.0,21.0,0.85,VLR,12.9165,79.1325,GMD,13.4084,80.1082,13.754,21.874,4.168,D0061_004,148.7,185.88
S0_base,61,T0061_005,RIGID_16T,16000,52.0,26.0,0.72,TRY,10.7905,78.7047,KPM,12.8342,79.7036,14.848,25.529,1.9,D0061_005,297.26,324.28
S0_base,61,T0061_006,RIGID_9T,9000,34.0,21.0,0.85,HSR,12.7409,77.8253,KPM,12.8342,79.7036,5.835,13.47,3.842,D0061_006,240.65,262.53
S0_base,61,T0061_007,ARTIC_25T,25000,78.0,31.0,0.62,SPB,12.9675,79.943,RNP,12.9249,79.3308,10.715,16.084,5.832,D0061_007,83.14,103.93
S0_base,61,T0061_008,LCV_3T,3000,14.0,14.0,1.1,GMD,13.4084,80.1082,ORG,12.81,79.95,13.598,19.313,5.855,D0061_008,85.89,107.36
S0_base,61,T0061_009,ARTIC_25T,25000,78.0,31.0,0.62,KPM,12.8342,79.7036,SLM,11.6643,78.146,14.533,22.944,3.311,D0061_009,251.89,274.79
S0_base,61,T0061_010,LCV_3T,3000,14.0,14.0,1.1,CHN,13.0827,80.2707,ORG,12.81,79.95,13.936,18.139,7.506,D0061_010,62.27,77.83
S0_base,61,T0061_011,RIGID_9T,9000,34.0,21.0,0.85,KRR,10.9601,78.0766,TNJ,10.787,79.1378,11.568,18.135,5.818,D0061_011,146.84,183.55
S0_base,61,T0061_012,RIGID_9T,9000,34.0,21.0,0.85,TRY,10.7905,78.7047,NMK,11.2189,78.1674,8.665,14.772,5.688,D0061_012,94.44,118.05
S0_base,61,T0061_013,LCV_3T,3000,14.0,14.0,1.1,ONG,15.5057,80.0499,GMD,13.4084,80.1082,7.506,15.253,3.568,D0061_013,275.29,300.31
S0_base,61,T0061_014,LCV_3T,3000,14.0,14.0,1.1,CTR,13.2172,79.1003,BLR,12.9716,77.5946,12.747,19.997,4.837,D0061_014,206.68,225.47
S0_base,61,T0061_015,ARTIC_25T,25000,78.0,31.0,0.62,VLR,12.9165,79.1325,CHN,13.0827,80.2707,6.405,14.497,4.329,D0061_015,155.87,194.84
S0_base,61,T0061_016,LCV_3T,3000,14.0,14.0,1.1,CBE,11.0168,76.9558,KCH,9.9312,76.2673,5.269,14.861,3.126,D0061_016,177.83,222.29
S0_base,61,T0061_017,RIGID_9T,9000,34.0,21.0,0.85,HSR,12.7409,77.8253,KPM,12.8342,79.7036,13.129,21.846,3.146,D0061_017,240.65,262.53
S0_base,61,T0061_018,LCV_3T,3000,14.0,14.0,1.1,KGI,12.5186,78.2137,SPB,12.9675,79.943,6.234,14.505,4.292,D0061_018,242.6,264.66
S0_base,61,T0061_019,LCV_3T,3000,14.0,14.0,1.1,MDU,9.9252,78.1198,TTN,8.7642,78.1348,14.931,22.359,4.651,D0061_019,161.38,201.73
S0_base,61,T0061_020,RIGID_16T,16000,52.0,26.0,0.72,CHN,13.0827,80.2707,ORG,12.81,79.95,11.884,16.916,6.555,D0061_020,62.27,77.83
S0_base,61,T0061_021,RIGID_16T,16000,52.0,26.0,0.72,VLR,12.9165,79.1325,SPB,12.9675,79.943,13.612,20.912,4.626,D0061_021,110.02,137.53
S0_base,61,T0061_022,RIGID_9T,9000,34.0,21.0,0.85,DPI,12.1211,78.1583,KGI,12.5186,78.2137,5.375,12.084,5.874,D0061_022,60.22,75.28
S0_base,61,T0061_023,LCV_3T,3000,14.0,14.0,1.1,TPT,13.6288,79.4192,RNP,12.9249,79.3308,12.478,19.257,5.862,D0061_023,98.57,123.21
S0_base,61,T0061_024,RIGID_9T,9000,34.0,21.0,0.85,TRP,11.1085,77.3411,KRR,10.9601,78.0766,13.655,19.735,5.213,D0061_024,102.44,128.05
S0_base,61,T0061_025,LCV_3T,3000,14.0,14.0,1.1,VLR,12.9165,79.1325,GMD,13.4084,80.1082,13.997,21.294,4.57,D0061_025,148.7,185.88
S0_base,61,T0061_026,RIGID_9T,9000,34.0,21.0,0.85,HSR,12.7409,77.8253,BID,12.7942,77.3854,7.848,13.694,6.545,D0061_026,64.9,81.12
S0_base,61,T0061_027,RIGID_9T,9000,34.0,21.0,0.85,DPI,12.1211,78.1583,ORG,12.81,79.95,5.293,13.732,3.009,D0061_027,246.7,269.13
S0_base,61,T0061_028,RIGID_9T,9000,34.0,21.0,0.85,CHN,13.0827,80.2707,NLR,14.4426,79.9865,8.338,17.113,3.875,D0061_028,192.87,241.09
S0_base,61,T0061_029,ARTIC_25T,25000,78.0,31.0,0.62,CHN,13.0827,80.2707,PDY,11.9416,79.8083,14.931,21.907,4.665,D0061_029,170.57,213.21
S0_base,62,T0062_000,RIGID_9T,9000,34.0,21.0,0.85,NLR,14.4426,79.9865,RNP,12.9249,79.3308,9.233,16.176,4.644,D0062_000,228.78,249.58
S0_base,62,T0062_001,LCV_3T,3000,14.0,14.0,1.1,HSR,12.7409,77.8253,KGI,12.5186,78.2137,12.192,16.662,7.003,D0062_001,65.96,82.45
S0_base,62,T0062_002,LCV_3T,3000,14.0,14.0,1.1,ORG,12.81,79.95,CHN,13.0827,80.2707,10.277,14.852,7.557,D0062_002,62.27,77.83
S0_base,62,T0062_003,RIGID_9T,9000,34.0,21.0,0.85,ERD,11.341,77.7172,CBE,11.0168,76.9558,9.8,16.247,5.987,D0062_003,113.18,141.47
S0_base,62,T0062_004,RIGID_16T,16000,52.0,26.0,0.72,KPM,12.8342,79.7036,GMD,13.4084,80.1082,13.094,19.0,6.753,D0062_004,96.79,120.99
S0_base,62,T0062_005,RIGID_9T,9000,34.0,21.0,0.85,DPI,12.1211,78.1583,SLM,11.6643,78.146,14.932,20.237,7.458,D0062_005,63.51,79.39
S0_base,62,T0062_006,RIGID_16T,16000,52.0,26.0,0.72,CTR,13.2172,79.1003,SPB,12.9675,79.943,9.731,16.778,4.75,D0062_006,119.25,149.06
S0_base,62,T0062_007,RIGID_16T,16000,52.0,26.0,0.72,TPT,13.6288,79.4192,DPI,12.1211,78.1583,10.182,17.889,3.769,D0062_007,255.24,278.44
S0_base,62,T0062_008,RIGID_16T,16000,52.0,26.0,0.72,TPT,13.6288,79.4192,ORG,12.81,79.95,12.751,21.026,4.065,D0062_008,134.58,168.22
S0_base,62,T0062_009,ARTIC_25T,25000,78.0,31.0,0.62,SLM,11.6643,78.146,KPM,12.8342,79.7036,7.996,16.903,3.23,D0062_009,251.89,274.79
S0_base,62,T0062_010,RIGID_16T,16000,52.0,26.0,0.72,GMD,13.4084,80.1082,ORG,12.81,79.95,14.783,19.556,6.963,D0062_010,85.89,107.36
S0_base,62,T0062_011,RIGID_16T,16000,52.0,26.0,0.72,HSR,12.7409,77.8253,SPB,12.9675,79.943,11.938,20.662,3.39,D0062_011,272.53,297.3
S0_base,62,T0062_012,RIGID_16T,16000,52.0,26.0,0.72,TRP,11.1085,77.3411,KCH,9.9312,76.2673,10.189,17.95,3.686,D0062_012,219.8,239.78
S0_base,62,T0062_013,RIGID_9T,9000,34.0,21.0,0.85,VLR,12.9165,79.1325,CHN,13.0827,80.2707,10.738,17.393,4.988,D0062_013,155.87,194.84
S0_base,62,T0062_014,LCV_3T,3000,14.0,14.0,1.1,KGI,12.5186,78.2137,SLM,11.6643,78.146,9.493,16.811,5.21,D0062_014,119.1,148.87
S0_base,62,T0062_015,RIGID_9T,9000,34.0,21.0,0.85,BID,12.7942,77.3854,HSR,12.7409,77.8253,8.217,14.285,6.403,D0062_015,64.9,81.12
S0_base,62,T0062_016,LCV_3T,3000,14.0,14.0,1.1,PDY,11.9416,79.8083,SPB,12.9675,79.943,11.747,17.669,5.692,D0062_016,143.76,179.7
S0_base,62,T0062_017,ARTIC_25T,25000,78.0,31.0,0.62,KGI,12.5186,78.2137,VLR,12.9165,79.1325,6.287,13.462,4.787,D0062_017,136.3,170.37
S0_base,62,T0062_018,LCV_3T,3000,14.0,14.0,1.1,ORG,12.81,79.95,CHN,13.0827,80.2707,13.397,18.841,6.53,D0062_018,62.27,77.83
S0_base,62,T0062_019,ARTIC_25T,25000,78.0,31.0,0.62,TRP,11.1085,77.3411,ERD,11.341,77.7172,14.999,21.164,6.008,D0062_019,65.46,81.82
S0_base,62,T0062_020,LCV_3T,3000,14.0,14.0,1.1,CTR,13.2172,79.1003,GMD,13.4084,80.1082,11.941,20.521,4.12,D0062_020,138.89,173.62
S0_base,62,T0062_021,RIGID_16T,16000,52.0,26.0,0.72,GMD,13.4084,80.1082,NLR,14.4426,79.9865,8.958,16.407,3.847,D0062_021,144.68,180.85
S0_base,62,T0062_022,RIGID_16T,16000,52.0,26.0,0.72,DPI,12.1211,78.1583,SPB,12.9675,79.943,8.632,17.667,3.404,D0062_022,254.13,277.23
S0_base,62,T0062_023,RIGID_16T,16000,52.0,26.0,0.72,KGI,12.5186,78.2137,CHN,13.0827,80.2707,11.336,21.27,2.527,D0062_023,273.4,298.25
S0_base,62,T0062_024,RIGID_16T,16000,52.0,26.0,0.72,MYS,12.2958,76.6394,HSR,12.7409,77.8253,13.01,19.79,5.107,D0062_024,172.4,215.5
S0_base,62,T0062_025,RIGID_16T,16000,52.0,26.0,0.72,VLR,12.9165,79.1325,GMD,13.4084,80.1082,9.989,17.011,4.181,D0062_025,148.7,185.88
S0_base,62,T0062_026,LCV_3T,3000,14.0,14.0,1.1,MDU,9.9252,78.1198,TTN,8.7642,78.1348,6.025,13.506,5.17,D0062_026,161.38,201.73
S0_base,62,T0062_027,LCV_3T,3000,14.0,14.0,1.1,SLM,11.6643,78.146,SPB,12.9675,79.943,10.337,19.41,2.896,D0062_027,286.88,312.96
S0_base,62,T0062_028,RIGID_9T,9000,34.0,21.0,0.85,DPI,12.1211,78.1583,CHN,13.0827,80.2707,11.491,21.165,2.524,D0062_028,298.47,325.6
S0_base,62,T0062_029,ARTIC_25T,25000,78.0,31.0,0.62,VLR,12.9165,79.1325,SPB,12.9675,79.943,6.71,12.37,5.918,D0062_029,110.02,137.53
S0_base,63,T0063_000,ARTIC_25T,25000,78.0,31.0,0.62,CTR,13.2172,79.1003,PDY,11.9416,79.8083,12.792,21.082,3.836,D0063_000,201.64,219.97
S0_base,63,T0063_001,RIGID_16T,16000,52.0,26.0,0.72,VLR,12.9165,79.1325,DPI,12.1211,78.1583,10.933,18.108,4.878,D0063_001,172.33,215.41
S0_base,63,T0063_002,RIGID_16T,16000,52.0,26.0,0.72,TRY,10.7905,78.7047,TTN,8.7642,78.1348,13.175,21.223,3.744,D0063_002,275.89,300.97
S0_base,63,T0063_003,RIGID_9T,9000,34.0,21.0,0.85,SPB,12.9675,79.943,TPT,13.6288,79.4192,7.884,13.06,6.43,D0063_003,116.05,145.07
S0_base,63,T0063_004,RIGID_9T,9000,34.0,21.0,0.85,VLR,12.9165,79.1325,CHN,13.0827,80.2707,12.819,21.017,3.83,D0063_004,155.87,194.84
S0_base,63,T0063_005,LCV_3T,3000,14.0,14.0,1.1,CBE,11.0168,76.9558,KRR,10.9601,78.0766,6.513,13.322,5.561,D0063_005,153.13,191.41
S0_base,63,T0063_006,LCV_3T,3000,14.0,14.0,1.1,CTR,13.2172,79.1003,GMD,13.4084,80.1082,9.932,16.344,5.111,D0063_006,138.89,173.62
S0_base,63,T0063_007,RIGID_16T,16000,52.0,26.0,0.72,VLR,12.9165,79.1325,ORG,12.81,79.95,7.33,14.098,4.838,D0063_007,111.76,139.7
S0_base,63,T0063_008,RIGID_9T,9000,34.0,21.0,0.85,HSR,12.7409,77.8253,BID,12.7942,77.3854,11.622,15.338,7.533,D0063_008,64.9,81.12
S0_base,63,T0063_009,LCV_3T,3000,14.0,14.0,1.1,TPT,13.6288,79.4192,ORG,12.81,79.95,7.137,13.282,5.679,D0063_009,134.58,168.22
S0_base,63,T0063_010,RIGID_16T,16000,52.0,26.0,0.72,VLR,12.9165,79.1325,GMD,13.4084,80.1082,11.984,20.004,4.471,D0063_010,148.7,185.88
S0_base,63,T0063_011,LCV_3T,3000,14.0,14.0,1.1,KPM,12.8342,79.7036,CHN,13.0827,80.2707,9.845,16.213,5.467,D0063_011,84.22,105.28
S0_base,63,T0063_012,LCV_3T,3000,14.0,14.0,1.1,NMK,11.2189,78.1674,ERD,11.341,77.7172,10.642,16.395,6.353,D0063_012,63.67,79.59
S0_base,63,T0063_013,ARTIC_25T,25000,78.0,31.0,0.62,BID,12.7942,77.3854,HSR,12.7409,77.8253,13.588,19.311,6.292,D0063_013,64.9,81.12
S0_base,63,T0063_014,RIGID_16T,16000,52.0,26.0,0.72,CTR,13.2172,79.1003,CHN,13.0827,80.2707,10.637,17.223,4.697,D0063_014,159.51,199.39
S0_base,63,T0063_015,RIGID_9T,9000,34.0,21.0,0.85,HSR,12.7409,77.8253,TPT,13.6288,79.4192,9.778,17.74,3.931,D0063_015,248.51,271.1
S0_base,63,T0063_016,RIGID_9T,9000,34.0,21.0,0.85,CBE,11.0168,76.9558,HSR,12.7409,77.8253,8.905,17.157,3.089,D0063_016,252.27,275.2
S0_base,63,T0063_017,RIGID_16T,16000,52.0,26.0,0.72,BID,12.7942,77.3854,TRP,11.1085,77.3411,5.321,13.01,4.244,D0063_017,234.38,255.69
S0_base,63,T0063_018,ARTIC_25T,25000,78.0,31.0,0.62,VLR,12.9165,79.1325,KGI,12.5186,78.2137,6.322,12.362,6.147,D0063_018,136.3,170.37
S0_base,63,T0063_019,LCV_3T,3000,14.0,14.0,1.1,TPT,13.6288,79.4192,GMD,13.4084,80.1082,6.104,12.772,5.942,D0063_019,98.02,122.53
S0_base,63,T0063_020,RIGID_16T,16000,52.0,26.0,0.72,VLR,12.9165,79.1325,CHN,13.0827,80.2707,7.822,16.047,4.102,D0063_020,155.87,194.84
S0_base,63,T0063_021,RIGID_9T,9000,34.0,21.0,0.85,DPI,12.1211,78.1583,SLM,11.6643,78.146,8.598,14.276,6.034,D0063_021,63.51,79.39
S0_base,63,T0063_022,RIGID_9T,9000,34.0,21.0,0.85,TRY,10.7905,78.7047,TTN,8.7642,78.1348,12.02,21.322,2.264,D0063_022,275.89,300.97
S0_base,63,T0063_023,LCV_3T,3000,14.0,14.0,1.1,KGI,12.5186,78.2137,HSR,12.7409,77.8253,13.793,19.453,6.731,D0063_023,65.96,82.45
S0_base,63,T0063_024,RIGID_9T,9000,34.0,21.0,0.85,TNJ,10.787,79.1378,ORG,12.81,79.95,13.001,22.646,2.152,D0063_024,285.2,311.13
S0_base,63,T0063_025,ARTIC_25T,25000,78.0,31.0,0.62,HSR,12.7409,77.8253,SLM,11.6643,78.146,9.273,17.306,3.56,D0063_025,155.85,194.82
S0_base,63,T0063_026,RIGID_16T,16000,52.0,26.0,0.72,DPI,12.1211,78.1583,SLM,11.6643,78.146,7.693,13.984,5.981,D0063_026,63.51,79.39
S0_base,63,T0063_027,RIGID_9T,9000,34.0,21.0,0.85,VLR,12.9165,79.1325,ORG,12.81,79.95,5.471,11.217,6.262,D0063_027,111.76,139.7
S0_base,63,T0063_028,ARTIC_25T,25000,78.0,31.0,0.62,TPT,13.6288,79.4192,CHN,13.0827,80.2707,11.747,18.692,5.223,D0063_028,137.92,172.4
S0_base,63,T0063_029,LCV_3T,3000,14.0,14.0,1.1,HSR,12.7409,77.8253,MYS,12.2958,76.6394,7.194,15.535,3.835,D0063_029,172.4,215.5
S0_base,64,T0064_000,RIGID_9T,9000,34.0,21.0,0.85,KPM,12.8342,79.7036,CHN,13.0827,80.2707,6.423,12.382,6.264,D0064_000,84.22,105.28
S0_base,64,T0064_001,ARTIC_25T,25000,78.0,31.0,0.62,CTR,13.2172,79.1003,SPB,12.9675,79.943,5.517,12.182,5.13,D0064_001,119.25,149.06
S0_base,64,T0064_002,RIGID_16T,16000,52.0,26.0,0.72,SPB,12.9675,79.943,RNP,12.9249,79.3308,14.336,20.16,5.691,D0064_002,83.14,103.93
S0_base,64,T0064_003,RIGID_16T,16000,52.0,26.0,0.72,DGL,10.3624,77.9695,KCH,9.9312,76.2673,9.927,17.503,3.748,D0064_003,240.48,262.34
S0_base,64,T0064_004,LCV_3T,3000,14.0,14.0,1.1,VLR,12.9165,79.1325,KPM,12.8342,79.7036,13.542,19.227,6.621,D0064_004,78.22,97.78
S0_base,64,T0064_005,RIGID_9T,9000,34.0,21.0,0.85,KRR,10.9601,78.0766,BID,12.7942,77.3854,6.665,17.178,2.178,D0064_005,256.49,279.81
S0_base,64,T0064_006,RIGID_9T,9000,34.0,21.0,0.85,NLM,13.0996,77.3936,MYS,12.2958,76.6394,8.726,15.621,5.154,D0064_006,151.46,189.32
S0_base,64,T0064_007,RIGID_16T,16000,52.0,26.0,0.72,ERD,11.341,77.7172,NLM,13.0996,77.3936,6.522,14.315,4.206,D0064_007,248.36,270.93
S0_base,64,T0064_008,RIGID_16T,16000,52.0,26.0,0.72,SLM,11.6643,78.146,ERD,11.341,77.7172,13.839,19.179,6.294,D0064_008,73.69,92.11
S0_base,64,T0064_009,RIGID_16T,16000,52.0,26.0,0.72,NLR,14.4426,79.9865,ORG,12.81,79.95,7.883,17.441,2.765,D0064_009,226.97,247.61
S0_base,64,T0064_010,RIGID_16T,16000,52.0,26.0,0.72,DPI,12.1211,78.1583,SLM,11.6643,78.146,14.045,18.591,6.965,D0064_010,63.51,79.39
S0_base,64,T0064_011,ARTIC_25T,25000,78.0,31.0,0.62,KGI,12.5186,78.2137,SLM,11.6643,78.146,10.616,18.506,4.641,D0064_011,119.1,148.87
S0_base,64,T0064_012,ARTIC_25T,25000,78.0,31.0,0.62,CTR,13.2172,79.1003,SPB,12.9675,79.943,7.176,13.941,5.516,D0064_012,119.25,149.06
S0_base,64,T0064_013,RIGID_9T,9000,34.0,21.0,0.85,KGI,12.5186,78.2137,TUM,13.3379,77.1173,8.102,15.386,4.181,D0064_013,187.16,233.95
S0_base,64,T0064_014,LCV_3T,3000,14.0,14.0,1.1,NLM,13.0996,77.3936,HSR,12.7409,77.8253,5.344,9.524,7.209,D0064_014,76.85,96.06
S0_base,64,T0064_015,LCV_3T,3000,14.0,14.0,1.1,TTN,8.7642,78.1348,TRY,10.7905,78.7047,12.554,22.033,2.181,D0064_015,275.89,300.97
S0_base,64,T0064_016,RIGID_16T,16000,52.0,26.0,0.72,SLM,11.6643,78.146,MDU,9.9252,78.1198,6.322,15.64,2.604,D0064_016,241.75,263.73
S0_base,64,T0064_017,RIGID_9T,9000,34.0,21.0,0.85,TNJ,10.787,79.1378,SLM,11.6643,78.146,9.701,17.862,4.549,D0064_017,182.08,227.6
S0_base,64,T0064_018,RIGID_9T,9000,34.0,21.0,0.85,CHN,13.0827,80.2707,ORG,12.81,79.95,10.001,16.569,5.991,D0064_018,62.27,77.83
S0_base,64,T0064_019,RIGID_9T,9000,34.0,21.0,0.85,PDY,11.9416,79.8083,ORG,12.81,79.95,8.024,14.82,4.562,D0064_019,122.23,152.78
S0_base,64,T0064_020,LCV_3T,3000,14.0,14.0,1.1,NGC,8.1833,77.4119,TTN,8.7642,78.1348,11.399,19.19,4.829,D0064_020,128.05,160.06
S0_base,64,T0064_021,ARTIC_25T,25000,78.0,31.0,0.62,PDY,11.9416,79.8083,GMD,13.4084,80.1082,8.564,15.783,5.115,D0064_021,207.89,226.79
S0_base,64,T0064_022,RIGID_16T,16000,52.0,26.0,0.72,HSR,12.7409,77.8253,KGI,12.5186,78.2137,14.664,19.167,7.262,D0064_022,65.96,82.45
S0_base,64,T0064_023,LCV_3T,3000,14.0,14.0,1.1,KGI,12.5186,78.2137,ORG,12.81,79.95,14.079,22.039,4.307,D0064_023,238.92,260.64
S0_base,64,T0064_024,ARTIC_25T,25000,78.0,31.0,0.62,BLR,12.9716,77.5946,RNP,12.9249,79.3308,9.109,17.263,3.799,D0064_024,235.27,256.66
S0_base,64,T0064_025,ARTIC_25T,25000,78.0,31.0,0.62,GMD,13.4084,80.1082,KPM,12.8342,79.7036,5.838,11.632,6.76,D0064_025,96.79,120.99
S0_base,64,T0064_026,RIGID_9T,9000,34.0,21.0,0.85,NMK,11.2189,78.1674,TRY,10.7905,78.7047,8.146,14.216,5.541,D0064_026,94.44,118.05
S0_base,64,T0064_027,LCV_3T,3000,14.0,14.0,1.1,TRP,11.1085,77.3411,MDU,9.9252,78.1198,6.908,15.48,2.747,D0064_027,195.89,244.87
S0_base,64,T0064_028,ARTIC_25T,25000,78.0,31.0,0.62,KGI,12.5186,78.2137,PDY,11.9416,79.8083,8.571,16.93,3.792,D0064_028,230.98,251.98
S0_base,64,T0064_029,RIGID_9T,9000,34.0,21.0,0.85,TPT,13.6288,79.4192,GMD,13.4084,80.1082,10.962,18.592,4.886,D0064_029,98.02,122.53
S0_base,65,T0065_000,RIGID_16T,16000,52.0,26.0,0.72,TRP,11.1085,77.3411,BID,12.7942,77.3854,10.363,18.966,3.246,D0065_000,234.38,255.69
S0_base,65,T0065_001,ARTIC_25T,25000,78.0,31.0,0.62,HSR,12.7409,77.8253,BID,12.7942,77.3854,13.682,20.097,5.883,D0065_001,64.9,81.12
S0_base,65,T0065_002,RIGID_16T,16000,52.0,26.0,0.72,TNJ,10.787,79.1378,SLM,11.6643,78.146,5.258,12.854,3.743,D0065_002,182.08,227.6
S0_base,65,T0065_003,LCV_3T,3000,14.0,14.0,1.1,CDL,11.748,79.7714,CHN,13.0827,80.2707,13.768,23.374,2.886,D0065_003,197.51,246.88
S0_base,65,T0065_004,RIGID_16T,16000,52.0,26.0,0.72,ERD,11.341,77.7172,BID,12.7942,77.3854,10.162,18.137,4.623,D0065_004,206.96,225.77
S0_base,65,T0065_005,RIGID_9T,9000,34.0,21.0,0.85,NLR,14.4426,79.9865,TPT,13.6288,79.4192,8.226,15.803,4.465,D0065_005,136.55,170.69
S0_base,65,T0065_006,RIGID_16T,16000,52.0,26.0,0.72,KGI,12.5186,78.2137,NLM,13.0996,77.3936,13.31,20.053,5.745,D0065_006,137.39,171.74
S0_base,65,T0065_007,RIGID_9T,9000,34.0,21.0,0.85,BLR,12.9716,77.5946,RNP,12.9249,79.3308,8.827,17.05,3.873,D0065_007,235.27,256.66
S0_base,65,T0065_008,RIGID_9T,9000,34.0,21.0,0.85,RNP,12.9249,79.3308,ORG,12.81,79.95,11.652,17.432,6.672,D0065_008,85.41,106.76
S0_base,65,T0065_009,RIGID_16T,16000,52.0,26.0,0.72,CTR,13.2172,79.1003,CHN,13.0827,80.2707,9.8,16.365,5.518,D0065_009,159.51,199.39
S0_base,65,T0065_010,RIGID_9T,9000,34.0,21.0,0.85,KRR,10.9601,78.0766,ERD,11.341,77.7172,7.373,14.318,5.43,D0065_010,72.15,90.18
S0_base,65,T0065_011,RIGID_9T,9000,34.0,21.0,0.85,TPT,13.6288,79.4192,NLR,14.4426,79.9865,6.79,13.444,4.614,D0065_011,136.55,170.69
S0_base,65,T0065_012,LCV_3T,3000,14.0,14.0,1.1,KGI,12.5186,78.2137,GMD,13.4084,80.1082,7.176,14.653,3.961,D0065_012,268.91,293.35
S0_base,65,T0065_013,LCV_3T,3000,14.0,14.0,1.1,CTR,13.2172,79.1003,KPM,12.8342,79.7036,13.843,20.602,4.867,D0065_013,97.51,121.89
S0_base,65,T0065_014,RIGID_9T,9000,34.0,21.0,0.85,KGI,12.5186,78.2137,SLM,11.6643,78.146,12.668,20.39,4.738,D0065_014,119.1,148.87
S0_base,65,T0065_015,RIGID_9T,9000,34.0,21.0,0.85,CHN,13.0827,80.2707,KPM,12.8342,79.7036,14.029,20.841,5.734,D0065_015,84.22,105.28
S0_base,65,T0065_016,RIGID_16T,16000,52.0,26.0,0.72,BLR,12.9716,77.5946,TRP,11.1085,77.3411,9.914,18.434,3.746,D0065_016,246.61,269.03
S0_base,65,T0065_017,RIGID_9T,9000,34.0,21.0,0.85,ERD,11.341,77.7172,TUM,13.3379,77.1173,14.284,23.43,2.377,D0065_017,273.06,297.89
S0_base,65,T0065_018,ARTIC_25T,25000,78.0,31.0,0.62,CBE,11.0168,76.9558,DPI,12.1211,78.1583,6.877,16.207,2.809,D0065_018,224.43,244.84
S0_base,65,T0065_019,RIGID_9T,9000,34.0,21.0,0.85,TPT,13.6288,79.4192,KPM,12.8342,79.7036,13.974,21.131,5.048,D0065_019,116.96,146.2
S0_base,65,T0065_020,LCV_3T,3000,14.0,14.0,1.1,KGI,12.5186,78.2137,RNP,12.9249,79.3308,10.45,18.755,4.326,D0065_020,161.64,202.05
S0_base,65,T0065_021,RIGID_16T,16000,52.0,26.0,0.72,BLR,12.9716,77.5946,SLM,11.6643,78.146,8.767,16.991,3.84,D0065_021,196.53,245.66
S0_base,65,T0065_022,LCV_3T,3000,14.0,14.0,1.1,KGI,12.5186,78.2137,CHN,13.0827,80.2707,8.085,17.213,2.732,D0065_022,273.4,298.25
S0_base,65,T0065_023,RIGID_16T,16000,52.0,26.0,0.72,NLM,13.0996,77.3936,KGI,12.5186,78.2137,5.174,12.63,4.581,D0065_023,137.39,171.74
S0_base,65,T0065_024,LCV_3T,3000,14.0,14.0,1.1,TPT,13.6288,79.4192,ORG,12.81,79.95,12.821,19.456,5.682,D0065_024,134.58,168.22
S0_base,65,T0065_025,LCV_3T,3000,14.0,14.0,1.1,NLR,14.4426,79.9865,ORG,12.81,79.95,9.776,17.908,4.557,D0065_025,226.97,247.61
S0_base,65,T0065_026,RIGID_9T,9000,34.0,21.0,0.85,DGL,10.3624,77.9695,TTN,8.7642,78.1348,10.68,18.703,3.833,D0065_026,223.29,243.59
S0_base,65,T0065_027,RIGID_16T,16000,52.0,26.0,0.72,TPT,13.6288,79.4192,GMD,13.4084,80.1082,9.558,15.36,5.551,D0065_027,98.02,122.53
S0_base,65,T0065_028,RIGID_9T,9000,34.0,21.0,0.85,SLM,11.6643,78.146,MDU,9.9252,78.1198,14.31,22.213,3.369,D0065_028,241.75,263.73
S0_base,65,T0065_029,LCV_3T,3000,14.0,14.0,1.1,TPT,13.6288,79.4192,ORG,12.81,79.95,8.022,15.311,5.462,D0065_029,134.58,168.22
S0_base,66,T0066_000,LCV_3T,3000,14.0,14.0,1.1,HSR,12.7409,77.8253,DPI,12.1211,78.1583,13.902,20.675,4.955,D0066_000,97.29,121.61
S0_base,66,T0066_001,RIGID_16T,16000,52.0,26.0,0.72,BLR,12.9716,77.5946,TUM,13.3379,77.1173,13.697,19.084,6.547,D0066_001,82.25,102.82
S0_base,66,T0066_002,RIGID_9T,9000,34.0,21.0,0.85,TRY,10.7905,78.7047,TTN,8.7642,78.1348,8.831,18.647,2.966,D0066_002,275.89,300.97
S0_base,66,T0066_003,RIGID_9T,9000,34.0,21.0,0.85,BID,12.7942,77.3854,RNP,12.9249,79.3308,10.025,19.8,2.528,D0066_003,249.44,272.12
S0_base,66,T0066_004,RIGID_9T,9000,34.0,21.0,0.85,ERD,11.341,77.7172,HSR,12.7409,77.8253,6.536,14.582,3.698,D0066_004,195.13,243.91
S0_base,66,T0066_005,RIGID_9T,9000,34.0,21.0,0.85,BID,12.7942,77.3854,RNP,12.9249,79.3308,5.465,14.219,2.833,D0066_005,249.44,272.12
S0_base,66,T0066_006,RIGID_9T,9000,34.0,21.0,0.85,KGI,12.5186,78.2137,DPI,12.1211,78.1583,6.458,13.246,5.576,D0066_006,60.22,75.28
S0_base,66,T0066_007,ARTIC_25T,25000,78.0,31.0,0.62,GMD,13.4084,80.1082,ORG,12.81,79.95,6.798,12.108,6.106,D0066_007,85.89,107.36
S0_base,66,T0066_008,ARTIC_25T,25000,78.0,31.0,0.62,KGI,12.5186,78.2137,RNP,12.9249,79.3308,6.953,13.515,5.482,D0066_008,161.64,202.05
S0_base,66,T0066_009,LCV_3T,3000,14.0,14.0,1.1,DPI,12.1211,78.1583,ORG,12.81,79.95,10.224,17.833,4.329,D0066_009,246.7,269.13
S0_base,66,T0066_010,RIGID_16T,16000,52.0,26.0,0.72,CHN,13.0827,80.2707,KPM,12.8342,79.7036,10.426,15.681,6.198,D0066_010,84.22,105.28
S0_base,66,T0066_011,RIGID_16T,16000,52.0,26.0,0.72,TPT,13.6288,79.4192,ORG,12.81,79.95,12.58,19.022,5.065,D0066_011,134.58,168.22
S0_base,66,T0066_012,LCV_3T,3000,14.0,14.0,1.1,RNP,12.9249,79.3308,BLR,12.9716,77.5946,10.624,19.586,3.177,D0066_012,235.27,256.66
S0_base,66,T0066_013,RIGID_9T,9000,34.0,21.0,0.85,ONG,15.5057,80.0499,GNT,16.3067,80.4365,10.674,18.428,4.374,D0066_013,122.74,153.43
S0_base,66,T0066_014,LCV_3T,3000,14.0,14.0,1.1,RNP,12.9249,79.3308,ORG,12.81,79.95,6.016,11.189,6.145,D0066_014,85.41,106.76
S0_base,66,T0066_015,LCV_3T,3000,14.0,14.0,1.1,TNJ,10.787,79.1378,PDY,11.9416,79.8083,7.107,15.168,3.485,D0066_015,184.67,230.84
S0_base,66,T0066_016,RIGID_16T,16000,52.0,26.0,0.72,KRR,10.9601,78.0766,TRP,11.1085,77.3411,7.241,13.718,5.21,D0066_016,102.44,128.05
S0_base,66,T0066_017,RIGID_9T,9000,34.0,21.0,0.85,RNP,12.9249,79.3308,SPB,12.9675,79.943,7.807,13.091,6.244,D0066_017,83.14,103.93
S0_base,66,T0066_018,LCV_3T,3000,14.0,14.0,1.1,TPT,13.6288,79.4192,RNP,12.9249,79.3308,11.465,17.486,5.188,D0066_018,98.57,123.21
S0_base,66,T0066_019,LCV_3T,3000,14.0,14.0,1.1,TRP,11.1085,77.3411,MYS,12.2958,76.6394,5.288,13.809,4.039,D0066_019,190.67,238.34
S0_base,66,T0066_020,ARTIC_25T,25000,78.0,31.0,0.62,TRY,10.7905,78.7047,PDY,11.9416,79.8083,5.705,12.94,4.762,D0066_020,219.58,239.54
S0_base,66,T0066_021,RIGID_16T,16000,52.0,26.0,0.72,TUM,13.3379,77.1173,HSR,12.7409,77.8253,13.67,19.767,5.535,D0066_021,126.79,158.49
S0_base,66,T0066_022,LCV_3T,3000,14.0,14.0,1.1,CBE,11.0168,76.9558,DPI,12.1211,78.1583,8.187,17.673,2.804,D0066_022,224.43,244.84
S0_base,66,T0066_023,RIGID_16T,16000,52.0,26.0,0.72,DPI,12.1211,78.1583,CHN,13.0827,80.2707,12.345,21.369,3.286,D0066_023,298.47,325.6
S0_base,66,T0066_024,RIGID_16T,16000,52.0,26.0,0.72,TRY,10.7905,78.7047,NMK,11.2189,78.1674,14.734,19.625,6.792,D0066_024,94.44,118.05
S0_base,66,T0066_025,ARTIC_25T,25000,78.0,31.0,0.62,VLR,12.9165,79.1325,ORG,12.81,79.95,8.132,14.42,5.692,D0066_025,111.76,139.7
S0_base,66,T0066_026,RIGID_9T,9000,34.0,21.0,0.85,TPT,13.6288,79.4192,KGI,12.5186,78.2137,10.328,17.432,4.175,D0066_026,224.61,245.03
S0_base,66,T0066_027,RIGID_9T,9000,34.0,21.0,0.85,VLR,12.9165,79.1325,SPB,12.9675,79.943,11.931,18.461,6.186,D0066_027,110.02,137.53
S0_base,66,T0066_028,RIGID_9T,9000,34.0,21.0,0.85,KGI,12.5186,78.2137,SPB,12.9675,79.943,14.328,22.432,3.758,D0066_028,242.6,264.66
S0_base,66,T0066_029,RIGID_9T,9000,34.0,21.0,0.85,KRR,10.9601,78.0766,TTN,8.7642,78.1348,9.184,18.857,1.877,D0066_029,288.22,314.42
S0_base,67,T0067_000,RIGID_16T,16000,52.0,26.0,0.72,RNP,12.9249,79.3308,CHN,13.0827,80.2707,7.689,14.777,5.662,D0067_000,129.17,161.46
S0_base,67,T0067_001,RIGID_9T,9000,34.0,21.0,0.85,DPI,12.1211,78.1583,SLM,11.6643,78.146,7.749,12.449,6.65,D0067_001,63.51,79.39
S0_base,67,T0067_002,ARTIC_25T,25000,78.0,31.0,0.62,HSR,12.7409,77.8253,VLR,12.9165,79.1325,11.968,20.416,3.09,D0067_002,178.83,223.54
S0_base,67,T0067_003,LCV_3T,3000,14.0,14.0,1.1,SPB,12.9675,79.943,GMD,13.4084,80.1082,12.598,18.663,5.974,D0067_003,65.23,81.54
S0_base,67,T0067_004,RIGID_9T,9000,34.0,21.0,0.85,CTR,13.2172,79.1003,SPB,12.9675,79.943,7.72,13.516,5.745,D0067_004,119.25,149.06
S0_base,67,T0067_005,RIGID_9T,9000,34.0,21.0,0.85,MDU,9.9252,78.1198,TTN,8.7642,78.1348,10.667,18.671,3.828,D0067_005,161.38,201.73
S0_base,67,T0067_006,ARTIC_25T,25000,78.0,31.0,0.62,ORG,12.81,79.95,CHN,13.0827,80.2707,11.499,16.352,6.479,D0067_006,62.27,77.83
S0_base,67,T0067_007,ARTIC_25T,25000,78.0,31.0,0.62,KRR,10.9601,78.0766,TTN,8.7642,78.1348,13.474,22.291,2.473,D0067_007,288.22,314.42
S0_base,67,T0067_008,RIGID_9T,9000,34.0,21.0,0.85,ORG,12.81,79.95,CHN,13.0827,80.2707,9.587,15.312,6.295,D0067_008,62.27,77.83
S0_base,67,T0067_009,ARTIC_25T,25000,78.0,31.0,0.62,HSR,12.7409,77.8253,CBE,11.0168,76.9558,14.745,22.148,4.158,D0067_009,252.27,275.2
S0_base,67,T0067_010,RIGID_9T,9000,34.0,21.0,0.85,SLM,11.6643,78.146,TRY,10.7905,78.7047,10.232,18.096,4.728,D0067_010,143.36,179.2
S0_base,67,T0067_011,RIGID_16T,16000,52.0,26.0,0.72,DPI,12.1211,78.1583,TRP,11.1085,77.3411,5.889,14.282,4.15,D0067_011,179.41,224.26
S0_base,67,T0067_012,LCV_3T,3000,14.0,14.0,1.1,CBE,11.0168,76.9558,SLM,11.6643,78.146,7.092,16.301,3.156,D0067_012,185.5,231.87
S0_base,67,T0067_013,LCV_3T,3000,14.0,14.0,1.1,CHN,13.0827,80.2707,ORG,12.81,79.95,6.281,13.119,5.615,D0067_013,62.27,77.83
S0_base,67,T0067_014,LCV_3T,3000,14.0,14.0,1.1,CBE,11.0168,76.9558,KCH,9.9312,76.2673,9.523,16.278,5.002,D0067_014,177.83,222.29
S0_base,67,T0067_015,ARTIC_25T,25000,78.0,31.0,0.62,TRY,10.7905,78.7047,TNJ,10.787,79.1378,8.096,13.391,6.85,D0067_015,63.87,79.83
S0_base,67,T0067_016,RIGID_9T,9000,34.0,21.0,0.85,TPT,13.6288,79.4192,RNP,12.9249,79.3308,14.017,19.5,6.529,D0067_016,98.57,123.21
S0_base,67,T0067_017,RIGID_9T,9000,34.0,21.0,0.85,NGC,8.1833,77.4119,MDU,9.9252,78.1198,7.121,17.053,2.452,D0067_017,246.27,268.66
S0_base,67,T0067_018,RIGID_16T,16000,52.0,26.0,0.72,TPT,13.6288,79.4192,GMD,13.4084,80.1082,13.728,20.508,5.12,D0067_018,98.02,122.53
S0_base,67,T0067_019,RIGID_16T,16000,52.0,26.0,0.72,CTR,13.2172,79.1003,TPT,13.6288,79.4192,10.783,16.275,6.869,D0067_019,71.64,89.55
S0_base,67,T0067_020,RIGID_9T,9000,34.0,21.0,0.85,ORG,12.81,79.95,CTR,13.2172,79.1003,13.904,21.176,5.162,D0067_020,128.24,160.29
S0_base,67,T0067_021,RIGID_16T,16000,52.0,26.0,0.72,ERD,11.341,77.7172,BID,12.7942,77.3854,12.693,21.473,3.224,D0067_021,206.96,225.77
S0_base,67,T0067_022,RIGID_16T,16000,52.0,26.0,0.72,VLR,12.9165,79.1325,BLR,12.9716,77.5946,11.268,19.704,3.871,D0067_022,208.47,227.42
S0_base,67,T0067_023,LCV_3T,3000,14.0,14.0,1.1,VLR,12.9165,79.1325,CHN,13.0827,80.2707,9.119,16.738,3.792,D0067_023,155.87,194.84
S0_base,67,T0067_024,RIGID_16T,16000,52.0,26.0,0.72,BLR,12.9716,77.5946,TUM,13.3379,77.1173,9.423,14.862,5.878,D0067_024,82.25,102.82
S0_base,67,T0067_025,LCV_3T,3000,14.0,14.0,1.1,ORG,12.81,79.95,CHN,13.0827,80.2707,6.963,10.788,7.538,D0067_025,62.27,77.83
S0_base,67,T0067_026,RIGID_9T,9000,34.0,21.0,0.85,HSR,12.7409,77.8253,BID,12.7942,77.3854,14.74,20.302,6.543,D0067_026,64.9,81.12
S0_base,67,T0067_027,RIGID_16T,16000,52.0,26.0,0.72,MYS,12.2958,76.6394,CBE,11.0168,76.9558,9.715,18.117,3.251,D0067_027,182.92,228.65
S0_base,67,T0067_028,ARTIC_25T,25000,78.0,31.0,0.62,TPT,13.6288,79.4192,ORG,12.81,79.95,11.585,18.08,5.526,D0067_028,134.58,168.22
S0_base,67,T0067_029,ARTIC_25T,25000,78.0,31.0,0.62,TPT,13.6288,79.4192,RNP,12.9249,79.3308,6.775,12.048,6.391,D0067_029,98.57,123.21
S0_base,68,T0068_000,LCV_3T,3000,14.0,14.0,1.1,RNP,12.9249,79.3308,SPB,12.9675,79.943,9.679,14.19,6.808,D0068_000,83.14,103.93
S0_base,68,T0068_001,RIGID_9T,9000,34.0,21.0,0.85,SPB,12.9675,79.943,GMD,13.4084,80.1082,13.866,19.22,7.002,D0068_001,65.23,81.54
S0_base,68,T0068_002,RIGID_9T,9000,34.0,21.0,0.85,KGI,12.5186,78.2137,CHN,13.0827,80.2707,5.753,15.063,2.266,D0068_002,273.4,298.25
S0_base,68,T0068_003,ARTIC_25T,25000,78.0,31.0,0.62,VLR,12.9165,79.1325,KPM,12.8342,79.7036,5.572,11.766,6.544,D0068_003,78.22,97.78
S0_base,68,T0068_004,RIGID_9T,9000,34.0,21.0,0.85,DPI,12.1211,78.1583,TRP,11.1085,77.3411,6.674,15.987,3.411,D0068_004,179.41,224.26
S0_base,68,T0068_005,ARTIC_25T,25000,78.0,31.0,0.62,VLR,12.9165,79.1325,KPM,12.8342,79.7036,9.918,15.076,6.281,D0068_005,78.22,97.78
S0_base,68,T0068_006,RIGID_9T,9000,34.0,21.0,0.85,TPT,13.6288,79.4192,SPB,12.9675,79.943,6.898,14.159,4.393,D0068_006,116.05,145.07
S0_base,68,T0068_007,LCV_3T,3000,14.0,14.0,1.1,TUM,13.3379,77.1173,BID,12.7942,77.3854,7.99,14.729,5.863,D0068_007,83.84,104.8
S0_base,68,T0068_008,RIGID_9T,9000,34.0,21.0,0.85,KPM,12.8342,79.7036,CHN,13.0827,80.2707,7.578,12.618,7.034,D0068_008,84.22,105.28
S0_base,68,T0068_009,RIGID_16T,16000,52.0,26.0,0.72,BID,12.7942,77.3854,KRR,10.9601,78.0766,6.32,15.901,2.788,D0068_009,256.49,279.81
S0_base,68,T0068_010,ARTIC_25T,25000,78.0,31.0,0.62,GMD,13.4084,80.1082,RNP,12.9249,79.3308,8.823,14.886,6.04,D0068_010,124.84,156.06
S0_base,68,T0068_011,RIGID_16T,16000,52.0,26.0,0.72,BID,12.7942,77.3854,KGI,12.5186,78.2137,13.262,19.022,6.147,D0068_011,118.68,148.35
S0_base,68,T0068_012,RIGID_16T,16000,52.0,26.0,0.72,TRP,11.1085,77.3411,TNJ,10.787,79.1378,13.299,22.26,3.751,D0068_012,249.22,271.88
S0_base,68,T0068_013,ARTIC_25T,25000,78.0,31.0,0.62,TRY,10.7905,78.7047,KGI,12.5186,78.2137,7.704,15.533,4.39,D0068_013,249.32,271.99
S0_base,68,T0068_014,RIGID_9T,9000,34.0,21.0,0.85,TUM,13.3379,77.1173,BLR,12.9716,77.5946,11.936,17.626,6.948,D0068_014,82.25,102.82
S0_base,68,T0068_015,LCV_3T,3000,14.0,14.0,1.1,NMK,11.2189,78.1674,CDL,11.748,79.7714,13.751,23.505,2.611,D0068_015,230.53,251.48
S0_base,68,T0068_016,ARTIC_25T,25000,78.0,31.0,0.62,CHN,13.0827,80.2707,RNP,12.9249,79.3308,12.638,18.528,5.672,D0068_016,129.17,161.46
S0_base,68,T0068_017,RIGID_16T,16000,52.0,26.0,0.72,ERD,11.341,77.7172,DGL,10.3624,77.9695,6.023,13.247,5.011,D0068_017,140.31,175.39
S0_base,68,T0068_018,RIGID_16T,16000,52.0,26.0,0.72,MYS,12.2958,76.6394,BID,12.7942,77.3854,13.236,20.04,4.433,D0068_018,122.65,153.31
S0_base,68,T0068_019,LCV_3T,3000,14.0,14.0,1.1,VLR,12.9165,79.1325,CHN,13.0827,80.2707,13.152,21.425,3.961,D0068_019,155.87,194.84
S0_base,68,T0068_020,ARTIC_25T,25000,78.0,31.0,0.62,TPT,13.6288,79.4192,RNP,12.9249,79.3308,7.12,13.754,4.812,D0068_020,98.57,123.21
S0_base,68,T0068_021,RIGID_9T,9000,34.0,21.0,0.85,BID,12.7942,77.3854,MYS,12.2958,76.6394,7.219,14.244,4.996,D0068_021,122.65,153.31
S0_base,68,T0068_022,ARTIC_25T,25000,78.0,31.0,0.62,DGL,10.3624,77.9695,KGI,12.5186,78.2137,13.76,22.479,3.793,D0068_022,284.65,310.53
S0_base,68,T0068_023,RIGID_16T,16000,52.0,26.0,0.72,VLR,12.9165,79.1325,CHN,13.0827,80.2707,7.106,15.23,4.555,D0068_023,155.87,194.84
S0_base,68,T0068_024,RIGID_16T,16000,52.0,26.0,0.72,KGI,12.5186,78.2137,SPB,12.9675,79.943,6.55,15.33,2.573,D0068_024,242.6,264.66
S0_base,68,T0068_025,RIGID_16T,16000,52.0,26.0,0.72,NLM,13.0996,77.3936,HSR,12.7409,77.8253,10.613,15.346,7.041,D0068_025,76.85,96.06
S0_base,68,T0068_026,RIGID_16T,16000,52.0,26.0,0.72,VLR,12.9165,79.1325,SPB,12.9675,79.943,9.202,14.501,6.159,D0068_026,110.02,137.53
S0_base,68,T0068_027,RIGID_9T,9000,34.0,21.0,0.85,BLR,12.9716,77.5946,RNP,12.9249,79.3308,14.762,22.621,4.587,D0068_027,235.27,256.66
S0_base,68,T0068_028,RIGID_9T,9000,34.0,21.0,0.85,CHN,13.0827,80.2707,ORG,12.81,79.95,14.26,20.28,5.679,D0068_028,62.27,77.83
S0_base,68,T0068_029,LCV_3T,3000,14.0,14.0,1.1,SLM,11.6643,78.146,CBE,11.0168,76.9558,8.531,16.483,4.2,D0068_029,185.5,231.87
S0_base,69,T0069_000,RIGID_16T,16000,52.0,26.0,0.72,VLR,12.9165,79.1325,KGI,12.5186,78.2137,10.56,18.356,4.493,D0069_000,136.3,170.37
S0_base,69,T0069_001,ARTIC_25T,25000,78.0,31.0,0.62,NMK,11.2189,78.1674,TRP,11.1085,77.3411,13.905,20.356,5.348,D0069_001,113.72,142.15
S0_base,69,T0069_002,RIGID_16T,16000,52.0,26.0,0.72,DGL,10.3624,77.9695,CBE,11.0168,76.9558,7.294,14.586,4.519,D0069_002,165.66,207.07
S0_base,69,T0069_003,RIGID_16T,16000,52.0,26.0,0.72,VLR,12.9165,79.1325,TPT,13.6288,79.4192,10.802,15.715,6.606,D0069_003,106.33,132.91
S0_base,69,T0069_004,RIGID_16T,16000,52.0,26.0,0.72,KGI,12.5186,78.2137,RNP,12.9249,79.3308,13.341,19.921,5.135,D0069_004,161.64,202.05
S0_base,69,T0069_005,RIGID_9T,9000,34.0,21.0,0.85,TPT,13.6288,79.4192,GMD,13.4084,80.1082,13.157,18.661,6.212,D0069_005,98.02,122.53
S0_base,69,T0069_006,RIGID_16T,16000,52.0,26.0,0.72,KGI,12.5186,78.2137,NMK,11.2189,78.1674,6.53,14.293,3.536,D0069_006,180.76,225.95
S0_base,69,T0069_007,ARTIC_25T,25000,78.0,31.0,0.62,GMD,13.4084,80.1082,SPB,12.9675,79.943,6.306,10.983,7.204,D0069_007,65.23,81.54
S0_base,69,T0069_008,RIGID_16T,16000,52.0,26.0,0.72,ERD,11.341,77.7172,KCH,9.9312,76.2673,14.537,23.79,2.274,D0069_008,263.01,286.92
S0_base,69,T0069_009,RIGID_9T,9000,34.0,21.0,0.85,CTR,13.2172,79.1003,ORG,12.81,79.95,13.939,20.691,5.245,D0069_009,128.24,160.29
S0_base,69,T0069_010,RIGID_9T,9000,34.0,21.0,0.85,SPB,12.9675,79.943,BLR,12.9716,77.5946,8.47,18.943,1.606,D0069_010,300.27,327.57
S0_base,69,T0069_011,RIGID_9T,9000,34.0,21.0,0.85,KGI,12.5186,78.2137,PDY,11.9416,79.8083,11.38,19.648,3.018,D0069_011,230.98,251.98
S0_base,69,T0069_012,RIGID_16T,16000,52.0,26.0,0.72,MDU,9.9252,78.1198,TTN,8.7642,78.1348,13.313,21.016,3.654,D0069_012,161.38,201.73
S0_base,69,T0069_013,LCV_3T,3000,14.0,14.0,1.1,KGI,12.5186,78.2137,PDY,11.9416,79.8083,14.736,22.326,4.217,D0069_013,230.98,251.98
S0_base,69,T0069_014,RIGID_9T,9000,34.0,21.0,0.85,BLR,12.9716,77.5946,SPB,12.9675,79.943,8.344,17.645,1.933,D0069_014,300.27,327.57
S0_base,69,T0069_015,ARTIC_25T,25000,78.0,31.0,0.62,BID,12.7942,77.3854,HSR,12.7409,77.8253,11.968,16.53,6.691,D0069_015,64.9,81.12
S0_base,69,T0069_016,RIGID_9T,9000,34.0,21.0,0.85,BLR,12.9716,77.5946,MYS,12.2958,76.6394,5.797,12.885,5.221,D0069_016,160.02,200.03
S0_base,69,T0069_017,RIGID_16T,16000,52.0,26.0,0.72,DGL,10.3624,77.9695,ERD,11.341,77.7172,7.801,14.2,5.792,D0069_017,140.31,175.39
S0_base,69,T0069_018,LCV_3T,3000,14.0,14.0,1.1,KGI,12.5186,78.2137,HSR,12.7409,77.8253,11.011,16.739,5.994,D0069_018,65.96,82.45
S0_base,69,T0069_019,RIGID_9T,9000,34.0,21.0,0.85,SLM,11.6643,78.146,KRR,10.9601,78.0766,10.311,16.5,6.536,D0069_019,98.34,122.92
S0_base,69,T0069_020,RIGID_16T,16000,52.0,26.0,0.72,TPT,13.6288,79.4192,ORG,12.81,79.95,6.581,14.065,4.209,D0069_020,134.58,168.22
S0_base,69,T0069_021,RIGID_9T,9000,34.0,21.0,0.85,TUM,13.3379,77.1173,MLR,12.9141,74.856,6.263,16.794,1.915,D0069_021,294.25,321.0
S0_base,69,T0069_022,ARTIC_25T,25000,78.0,31.0,0.62,ERD,11.341,77.7172,SLM,11.6643,78.146,13.096,18.47,7.111,D0069_022,73.69,92.11
S0_base,69,T0069_023,RIGID_9T,9000,34.0,21.0,0.85,KGI,12.5186,78.2137,MYS,12.2958,76.6394,7.199,15.247,3.451,D0069_023,215.94,235.57
S0_base,69,T0069_024,RIGID_9T,9000,34.0,21.0,0.85,CBE,11.0168,76.9558,KCH,9.9312,76.2673,8.867,18.322,3.299,D0069_024,177.83,222.29
S0_base,69,T0069_025,RIGID_16T,16000,52.0,26.0,0.72,ONG,15.5057,80.0499,VJA,16.5062,80.648,13.552,21.532,4.602,D0069_025,160.39,200.48
S0_base,69,T0069_026,RIGID_16T,16000,52.0,26.0,0.72,BLR,12.9716,77.5946,KGI,12.5186,78.2137,13.38,19.013,5.597,D0069_026,104.92,131.15
S0_base,69,T0069_027,ARTIC_25T,25000,78.0,31.0,0.62,ERD,11.341,77.7172,VLR,12.9165,79.1325,12.784,23.292,2.133,D0069_027,275.13,300.14
S0_base,69,T0069_028,LCV_3T,3000,14.0,14.0,1.1,VLR,12.9165,79.1325,ORG,12.81,79.95,13.167,20.01,5.07,D0069_028,111.76,139.7
S0_base,69,T0069_029,RIGID_9T,9000,34.0,21.0,0.85,HSR,12.7409,77.8253,VLR,12.9165,79.1325,13.359,21.224,4.734,D0069_029,178.83,223.54
S0_base,70,T0070_000,LCV_3T,3000,14.0,14.0,1.1,HSR,12.7409,77.8253,DPI,12.1211,78.1583,13.247,20.184,5.75,D0070_000,97.29,121.61
S0_base,70,T0070_001,RIGID_9T,9000,34.0,21.0,0.85,CHN,13.0827,80.2707,KPM,12.8342,79.7036,5.537,10.081,6.894,D0070_001,84.22,105.28
S0_base,70,T0070_002,RIGID_16T,16000,52.0,26.0,0.72,TRP,11.1085,77.3411,BID,12.7942,77.3854,13.005,22.333,3.237,D0070_002,234.38,255.69
S0_base,70,T0070_003,LCV_3T,3000,14.0,14.0,1.1,KRR,10.9601,78.0766,CDL,11.748,79.7714,14.105,23.448,3.424,D0070_003,241.29,263.22
S0_base,70,T0070_004,RIGID_16T,16000,52.0,26.0,0.72,KGI,12.5186,78.2137,SLM,11.6643,78.146,9.344,14.927,6.392,D0070_004,119.1,148.87
S0_base,70,T0070_005,RIGID_16T,16000,52.0,26.0,0.72,MDU,9.9252,78.1198,TTN,8.7642,78.1348,14.384,21.151,5.335,D0070_005,161.38,201.73
S0_base,70,T0070_006,RIGID_9T,9000,34.0,21.0,0.85,HSR,12.7409,77.8253,VLR,12.9165,79.1325,14.461,22.369,3.623,D0070_006,178.83,223.54
S0_base,70,T0070_007,RIGID_9T,9000,34.0,21.0,0.85,CTR,13.2172,79.1003,KPM,12.8342,79.7036,9.678,16.426,5.374,D0070_007,97.51,121.89
S0_base,70,T0070_008,RIGID_16T,16000,52.0,26.0,0.72,KRR,10.9601,78.0766,TTN,8.7642,78.1348,13.441,23.603,2.439,D0070_008,288.22,314.42
S0_base,70,T0070_009,RIGID_16T,16000,52.0,26.0,0.72,KRR,10.9601,78.0766,KCH,9.9312,76.2673,6.621,16.289,2.579,D0070_009,269.68,294.2
S0_base,70,T0070_010,RIGID_16T,16000,52.0,26.0,0.72,NLR,14.4426,79.9865,CHN,13.0827,80.2707,8.443,16.437,3.485,D0070_010,192.87,241.09
S0_base,70,T0070_011,LCV_3T,3000,14.0,14.0,1.1,TPT,13.6288,79.4192,RNP,12.9249,79.3308,13.19,19.201,5.288,D0070_011,98.57,123.21
S0_base,70,T0070_012,RIGID_9T,9000,34.0,21.0,0.85,CHN,13.0827,80.2707,ORG,12.81,79.95,13.411,19.581,6.354,D0070_012,62.27,77.83
S0_base,70,T0070_013,RIGID_9T,9000,34.0,21.0,0.85,RNP,12.9249,79.3308,ERD,11.341,77.7172,13.12,23.236,2.305,D0070_013,293.31,319.98
S0_base,70,T0070_014,RIGID_9T,9000,34.0,21.0,0.85,TPT,13.6288,79.4192,SPB,12.9675,79.943,12.083,18.989,5.316,D0070_014,116.05,145.07
S0_base,70,T0070_015,RIGID_9T,9000,34.0,21.0,0.85,BLR,12.9716,77.5946,SPB,12.9675,79.943,5.478,16.228,1.654,D0070_015,300.27,327.57
S0_base,70,T0070_016,RIGID_16T,16000,52.0,26.0,0.72,HSR,12.7409,77.8253,ATP,14.6819,77.6006,10.449,19.296,2.804,D0070_016,256.28,279.58
S0_base,70,T0070_017,RIGID_9T,9000,34.0,21.0,0.85,ORG,12.81,79.95,CHN,13.0827,80.2707,5.056,11.027,5.631,D0070_017,62.27,77.83
S0_base,70,T0070_018,RIGID_16T,16000,52.0,26.0,0.72,TRY,10.7905,78.7047,KRR,10.9601,78.0766,8.868,14.561,6.543,D0070_018,88.92,111.14
S0_base,70,T0070_019,RIGID_16T,16000,52.0,26.0,0.72,ERD,11.341,77.7172,DGL,10.3624,77.9695,10.039,18.52,3.906,D0070_019,140.31,175.39
S0_base,70,T0070_020,RIGID_16T,16000,52.0,26.0,0.72,VLR,12.9165,79.1325,NLM,13.0996,77.3936,8.295,15.799,4.348,D0070_020,236.86,258.4
S0_base,70,T0070_021,RIGID_16T,16000,52.0,26.0,0.72,CHN,13.0827,80.2707,RNP,12.9249,79.3308,7.413,13.885,5.521,D0070_021,129.17,161.46
S0_base,70,T0070_022,LCV_3T,3000,14.0,14.0,1.1,ORG,12.81,79.95,CHN,13.0827,80.2707,10.825,16.108,6.138,D0070_022,62.27,77.83
S0_base,70,T0070_023,LCV_3T,3000,14.0,14.0,1.1,HSR,12.7409,77.8253,TRP,11.1085,77.3411,14.346,21.679,4.226,D0070_023,236.25,257.73
S0_base,70,T0070_024,RIGID_9T,9000,34.0,21.0,0.85,BLR,12.9716,77.5946,SPB,12.9675,79.943,10.644,19.328,3.142,D0070_024,300.27,327.57
S0_base,70,T0070_025,RIGID_16T,16000,52.0,26.0,0.72,ORG,12.81,79.95,RNP,12.9249,79.3308,5.116,11.2,6.366,D0070_025,85.41,106.76
S0_base,70,T0070_026,ARTIC_25T,25000,78.0,31.0,0.62,TPT,13.6288,79.4192,SPB,12.9675,79.943,8.185,15.612,5.362,D0070_026,116.05,145.07
S0_base,70,T0070_027,RIGID_9T,9000,34.0,21.0,0.85,KGI,12.5186,78.2137,TRP,11.1085,77.3411,6.211,15.18,3.548,D0070_027,229.14,249.98
S0_base,70,T0070_028,RIGID_16T,16000,52.0,26.0,0.72,TPT,13.6288,79.4192,GMD,13.4084,80.1082,5.704,10.312,6.68,D0070_028,98.02,122.53
S0_base,70,T0070_029,RIGID_9T,9000,34.0,21.0,0.85,KGI,12.5186,78.2137,KPM,12.8342,79.7036,7.774,15.167,4.411,D0070_029,206.75,225.54
S0_base,71,T0071_000,RIGID_16T,16000,52.0,26.0,0.72,HSR,12.7409,77.8253,BID,12.7942,77.3854,10.977,17.185,5.54,D0071_000,64.9,81.12
S0_base,71,T0071_001,RIGID_16T,16000,52.0,26.0,0.72,DPI,12.1211,78.1583,ERD,11.341,77.7172,9.656,15.336,5.581,D0071_001,123.94,154.92
S0_base,71,T0071_002,RIGID_16T,16000,52.0,26.0,0.72,DPI,12.1211,78.1583,RNP,12.9249,79.3308,9.437,17.429,3.625,D0071_002,194.4,243.0
S0_base,71,T0071_003,ARTIC_25T,25000,78.0,31.0,0.62,TRP,11.1085,77.3411,KCH,9.9312,76.2673,13.122,21.176,4.725,D0071_003,219.8,239.78
S0_base,71,T0071_004,RIGID_16T,16000,52.0,26.0,0.72,VLR,12.9165,79.1325,KPM,12.8342,79.7036,13.273,19.703,5.82,D0071_004,78.22,97.78
S0_base,71,T0071_005,ARTIC_25T,25000,78.0,31.0,0.62,VLR,12.9165,79.1325,TPT,13.6288,79.4192,12.325,19.392,4.651,D0071_005,106.33,132.91
S0_base,71,T0071_006,LCV_3T,3000,14.0,14.0,1.1,CTR,13.2172,79.1003,ORG,12.81,79.95,14.381,20.677,6.327,D0071_006,128.24,160.29
S0_base,71,T0071_007,RIGID_9T,9000,34.0,21.0,0.85,BLR,12.9716,77.5946,KPM,12.8342,79.7036,14.575,24.816,2.401,D0071_007,270.34,294.91
S0_base,71,T0071_008,RIGID_9T,9000,34.0,21.0,0.85,GMD,13.4084,80.1082,ORG,12.81,79.95,10.759,16.353,5.951,D0071_008,85.89,107.36
S0_base,71,T0071_009,RIGID_16T,16000,52.0,26.0,0.72,CTR,13.2172,79.1003,GMD,13.4084,80.1082,13.88,21.69,4.866,D0071_009,138.89,173.62
S0_base,71,T0071_010,RIGID_9T,9000,34.0,21.0,0.85,BLR,12.9716,77.5946,KPM,12.8342,79.7036,8.552,18.028,3.275,D0071_010,270.34,294.91
S0_base,71,T0071_011,ARTIC_25T,25000,78.0,31.0,0.62,CTR,13.2172,79.1003,BLR,12.9716,77.5946,10.743,18.88,4.255,D0071_011,206.68,225.47
S0_base,71,T0071_012,RIGID_16T,16000,52.0,26.0,0.72,CTR,13.2172,79.1003,HSR,12.7409,77.8253,10.154,19.806,3.041,D0071_012,184.94,231.18
S0_base,71,T0071_013,RIGID_16T,16000,52.0,26.0,0.72,MYS,12.2958,76.6394,TRP,11.1085,77.3411,6.319,14.321,3.376,D0071_013,190.67,238.34
S0_base,71,T0071_014,RIGID_16T,16000,52.0,26.0,0.72,NMK,11.2189,78.1674,SLM,11.6643,78.146,12.614,17.28,6.765,D0071_014,66.93,83.67
S0_base,71,T0071_015,LCV_3T,3000,14.0,14.0,1.1,KGI,12.5186,78.2137,RNP,12.9249,79.3308,7.813,15.804,4.259,D0071_015,161.64,202.05
S0_base,71,T0071_016,ARTIC_25T,25000,78.0,31.0,0.62,TRP,11.1085,77.3411,ERD,11.341,77.7172,6.515,11.356,6.916,D0071_016,65.46,81.82
S0_base,71,T0071_017,LCV_3T,3000,14.0,14.0,1.1,TPT,13.6288,79.4192,CHN,13.0827,80.2707,5.879,13.93,4.606,D0071_017,137.92,172.4
S0_base,71,T0071_018,RIGID_16T,16000,52.0,26.0,0.72,ONG,15.5057,80.0499,GNT,16.3067,80.4365,10.431,16.987,5.838,D0071_018,122.74,153.43
S0_base,71,T0071_019,LCV_3T,3000,14.0,14.0,1.1,ORG,12.81,79.95,CHN,13.0827,80.2707,12.695,19.524,5.704,D0071_019,62.27,77.83
S0_base,71,T0071_020,LCV_3T,3000,14.0,14.0,1.1,HSR,12.7409,77.8253,BID,12.7942,77.3854,13.372,17.389,7.618,D0071_020,64.9,81.12
S0_base,71,T0071_021,LCV_3T,3000,14.0,14.0,1.1,HSR,12.7409,77.8253,BID,12.7942,77.3854,14.38,21.628,5.541,D0071_021,64.9,81.12
S0_base,71,T0071_022,ARTIC_25T,25000,78.0,31.0,0.62,TRY,10.7905,78.7047,CDL,11.748,79.7714,8.705,16.446,4.521,D0071_022,197.12,246.39
S0_base,71,T0071_023,ARTIC_25T,25000,78.0,31.0,0.62,HSR,12.7409,77.8253,PDY,11.9416,79.8083,9.395,17.518,3.719,D0071_023,274.96,299.96
S0_base,71,T0071_024,RIGID_9T,9000,34.0,21.0,0.85,TPT,13.6288,79.4192,CHN,13.0827,80.2707,8.386,15.535,5.083,D0071_024,137.92,172.4
S0_base,71,T0071_025,ARTIC_25T,25000,78.0,31.0,0.62,TRP,11.1085,77.3411,HSR,12.7409,77.8253,14.94,22.516,4.215,D0071_025,236.25,257.73
S0_base,71,T0071_026,LCV_3T,3000,14.0,14.0,1.1,BID,12.7942,77.3854,TUM,13.3379,77.1173,11.317,17.955,5.26,D0071_026,83.84,104.8
S0_base,71,T0071_027,RIGID_16T,16000,52.0,26.0,0.72,HSR,12.7409,77.8253,BID,12.7942,77.3854,13.291,18.075,7.119,D0071_027,64.9,81.12
S0_base,71,T0071_028,LCV_3T,3000,14.0,14.0,1.1,KPM,12.8342,79.7036,TPT,13.6288,79.4192,6.982,13.271,6.293,D0071_028,116.96,146.2
S0_base,71,T0071_029,RIGID_16T,16000,52.0,26.0,0.72,VLR,12.9165,79.1325,KPM,12.8342,79.7036,5.148,11.208,6.542,D0071_029,78.22,97.78
S0_base,72,T0072_000,RIGID_9T,9000,34.0,21.0,0.85,HSR,12.7409,77.8253,SLM,11.6643,78.146,8.442,14.602,5.686,D0072_000,155.85,194.82
S0_base,72,T0072_001,RIGID_16T,16000,52.0,26.0,0.72,NLR,14.4426,79.9865,ORG,12.81,79.95,9.363,17.873,4.22,D0072_001,226.97,247.61
S0_base,72,T0072_002,RIGID_16T,16000,52.0,26.0,0.72,CHN,13.0827,80.2707,KPM,12.8342,79.7036,12.487,17.598,6.535,D0072_002,84.22,105.28
S0_base,72,T0072_003,LCV_3T,3000,14.0,14.0,1.1,HSR,12.7409,77.8253,ORG,12.81,79.95,11.804,20.039,3.089,D0072_003,272.03,296.76
S0_base,72,T0072_004,RIGID_9T,9000,34.0,21.0,0.85,TNJ,10.787,79.1378,TRP,11.1085,77.3411,11.049,19.209,3.674,D0072_004,249.22,271.88
S0_base,72,T0072_005,RIGID_9T,9000,34.0,21.0,0.85,KPM,12.8342,79.7036,CHN,13.0827,80.2707,7.738,13.665,5.893,D0072_005,84.22,105.28
S0_base,72,T0072_006,RIGID_16T,16000,52.0,26.0,0.72,TRY,10.7905,78.7047,MDU,9.9252,78.1198,7.492,13.806,5.265,D0072_006,144.43,180.54
S0_base,72,T0072_007,RIGID_16T,16000,52.0,26.0,0.72,SPB,12.9675,79.943,RNP,12.9249,79.3308,10.418,15.962,6.27,D0072_007,83.14,103.93
S0_base,72,T0072_008,ARTIC_25T,25000,78.0,31.0,0.62,NLM,13.0996,77.3936,RNP,12.9249,79.3308,12.396,21.217,3.564,D0072_008,248.71,271.32
S0_base,72,T0072_009,LCV_3T,3000,14.0,14.0,1.1,SLM,11.6643,78.146,KRR,10.9601,78.0766,13.459,19.417,6.2,D0072_009,98.34,122.92
S0_base,72,T0072_010,RIGID_16T,16000,52.0,26.0,0.72,TRY,10.7905,78.7047,RNP,12.9249,79.3308,13.162,22.348,2.581,D0072_010,291.37,317.85
S0_base,72,T0072_011,ARTIC_25T,25000,78.0,31.0,0.62,NLR,14.4426,79.9865,RNP,12.9249,79.3308,11.859,18.88,4.496,D0072_011,228.78,249.58
S0_base,72,T0072_012,RIGID_9T,9000,34.0,21.0,0.85,BLR,12.9716,77.5946,SPB,12.9675,79.943,8.994,19.657,1.403,D0072_012,300.27,327.57
S0_base,72,T0072_013,LCV_3T,3000,14.0,14.0,1.1,MDU,9.9252,78.1198,DGL,10.3624,77.9695,14.872,20.647,6.327,D0072_013,64.15,80.19
S0_base,72,T0072_014,ARTIC_25T,25000,78.0,31.0,0.62,VLR,12.9165,79.1325,CDL,11.748,79.7714,13.127,20.594,4.03,D0072_014,184.13,230.16
S0_base,72,T0072_015,LCV_3T,3000,14.0,14.0,1.1,NMK,11.2189,78.1674,SLM,11.6643,78.146,10.442,16.068,5.688,D0072_015,66.93,83.67
S0_base,72,T0072_016,RIGID_16T,16000,52.0,26.0,0.72,BLR,12.9716,77.5946,ORG,12.81,79.95,13.382,21.721,2.956,D0072_016,302.01,329.46
S0_base,72,T0072_017,LCV_3T,3000,14.0,14.0,1.1,MDU,9.9252,78.1198,TTN,8.7642,78.1348,11.967,18.166,5.121,D0072_017,161.38,201.73
S0_base,72,T0072_018,LCV_3T,3000,14.0,14.0,1.1,BLR,12.9716,77.5946,SLM,11.6643,78.146,10.351,18.14,3.784,D0072_018,196.53,245.66
S0_base,72,T0072_019,ARTIC_25T,25000,78.0,31.0,0.62,BLR,12.9716,77.5946,ORG,12.81,79.95,14.854,25.358,2.023,D0072_019,302.01,329.46
S0_base,72,T0072_020,RIGID_16T,16000,52.0,26.0,0.72,SPB,12.9675,79.943,CDL,11.748,79.7714,13.031,21.79,3.546,D0072_020,171.1,213.87
S0_base,72,T0072_021,RIGID_9T,9000,34.0,21.0,0.85,VLR,12.9165,79.1325,SPB,12.9675,79.943,14.939,21.951,4.717,D0072_021,110.02,137.53
S0_base,72,T0072_022,RIGID_9T,9000,34.0,21.0,0.85,KGI,12.5186,78.2137,TRP,11.1085,77.3411,9.07,18.844,3.005,D0072_022,229.14,249.98
S0_base,72,T0072_023,RIGID_9T,9000,34.0,21.0,0.85,TRY,10.7905,78.7047,KRR,10.9601,78.0766,10.133,15.909,6.517,D0072_023,88.92,111.14
S0_base,72,T0072_024,RIGID_16T,16000,52.0,26.0,0.72,VLR,12.9165,79.1325,SPB,12.9675,79.943,10.193,15.339,6.358,D0072_024,110.02,137.53
S0_base,72,T0072_025,RIGID_16T,16000,52.0,26.0,0.72,HSR,12.7409,77.8253,CTR,13.2172,79.1003,5.927,14.701,3.19,D0072_025,184.94,231.18
S0_base,72,T0072_026,ARTIC_25T,25000,78.0,31.0,0.62,TPT,13.6288,79.4192,GMD,13.4084,80.1082,6.971,12.927,6.484,D0072_026,98.02,122.53
S0_base,72,T0072_027,RIGID_16T,16000,52.0,26.0,0.72,CTR,13.2172,79.1003,ORG,12.81,79.95,6.368,14.111,4.864,D0072_027,128.24,160.29
S0_base,72,T0072_028,RIGID_9T,9000,34.0,21.0,0.85,CHN,13.0827,80.2707,ORG,12.81,79.95,9.793,14.705,7.191,D0072_028,62.27,77.83
S0_base,72,T0072_029,RIGID_9T,9000,34.0,21.0,0.85,HSR,12.7409,77.8253,CDL,11.748,79.7714,13.803,22.057,3.021,D0072_029,281.5,307.09
S0_base,73,T0073_000,RIGID_9T,9000,34.0,21.0,0.85,TPT,13.6288,79.4192,ORG,12.81,79.95,11.263,17.763,4.892,D0073_000,134.58,168.22
S0_base,73,T0073_001,LCV_3T,3000,14.0,14.0,1.1,GMD,13.4084,80.1082,RNP,12.9249,79.3308,14.282,21.323,4.816,D0073_001,124.84,156.06
S0_base,73,T0073_002,LCV_3T,3000,14.0,14.0,1.1,KGI,12.5186,78.2137,SLM,11.6643,78.146,7.087,13.285,6.125,D0073_002,119.1,148.87
S0_base,73,T0073_003,RIGID_9T,9000,34.0,21.0,0.85,DPI,12.1211,78.1583,SLM,11.6643,78.146,7.603,14.072,5.939,D0073_003,63.51,79.39
S0_base,73,T0073_004,RIGID_9T,9000,34.0,21.0,0.85,MDU,9.9252,78.1198,KCH,9.9312,76.2673,5.305,12.406,4.554,D0073_004,239.43,261.19
S0_base,73,T0073_005,ARTIC_25T,25000,78.0,31.0,0.62,ERD,11.341,77.7172,CBE,11.0168,76.9558,7.16,14.837,5.07,D0073_005,113.18,141.47
S0_base,73,T0073_006,LCV_3T,3000,14.0,14.0,1.1,TPT,13.6288,79.4192,ORG,12.81,79.95,14.523,20.798,4.944,D0073_006,134.58,168.22
S0_base,73,T0073_007,RIGID_16T,16000,52.0,26.0,0.72,NMK,11.2189,78.1674,ERD,11.341,77.7172,5.455,11.477,5.66,D0073_007,63.67,79.59
S0_base,73,T0073_008,RIGID_9T,9000,34.0,21.0,0.85,CBE,11.0168,76.9558,DPI,12.1211,78.1583,9.692,17.01,4.254,D0073_008,224.43,244.84
S0_base,73,T0073_009,RIGID_9T,9000,34.0,21.0,0.85,DPI,12.1211,78.1583,RNP,12.9249,79.3308,12.371,20.474,3.278,D0073_009,194.4,243.0
S0_base,73,T0073_010,RIGID_9T,9000,34.0,21.0,0.85,DPI,12.1211,78.1583,ORG,12.81,79.95,9.939,17.925,3.668,D0073_010,246.7,269.13
S0_base,73,T0073_011,RIGID_16T,16000,52.0,26.0,0.72,CHN,13.0827,80.2707,RNP,12.9249,79.3308,8.022,14.471,6.083,D0073_011,129.17,161.46
S0_base,73,T0073_012,LCV_3T,3000,14.0,14.0,1.1,HSR,12.7409,77.8253,KGI,12.5186,78.2137,7.157,12.729,5.875,D0073_012,65.96,82.45
S0_base,73,T0073_013,RIGID_16T,16000,52.0,26.0,0.72,CTR,13.2172,79.1003,CHN,13.0827,80.2707,6.843,14.434,4.998,D0073_013,159.51,199.39
S0_base,73,T0073_014,LCV_3T,3000,14.0,14.0,1.1,NLR,14.4426,79.9865,SPB,12.9675,79.943,12.399,20.074,4.454,D0073_014,205.11,223.76
S0_base,73,T0073_015,LCV_3T,3000,14.0,14.0,1.1,CHN,13.0827,80.2707,RNP,12.9249,79.3308,12.425,20.485,4.57,D0073_015,129.17,161.46
S0_base,73,T0073_016,RIGID_16T,16000,52.0,26.0,0.72,ONG,15.5057,80.0499,GNT,16.3067,80.4365,8.616,15.993,4.259,D0073_016,122.74,153.43
S0_base,73,T0073_017,LCV_3T,3000,14.0,14.0,1.1,CBE,11.0168,76.9558,NLM,13.0996,77.3936,6.027,15.004,3.42,D0073_017,279.0,304.36
S0_base,73,T0073_018,RIGID_16T,16000,52.0,26.0,0.72,MDU,9.9252,78.1198,TTN,8.7642,78.1348,11.202,18.829,4.174,D0073_018,161.38,201.73
S0_base,73,T0073_019,LCV_3T,3000,14.0,14.0,1.1,MDU,9.9252,78.1198,TTN,8.7642,78.1348,13.15,20.407,5.155,D0073_019,161.38,201.73
S0_base,73,T0073_020,ARTIC_25T,25000,78.0,31.0,0.62,VLR,12.9165,79.1325,ORG,12.81,79.95,13.773,21.98,4.548,D0073_020,111.76,139.7
S0_base,73,T0073_021,ARTIC_25T,25000,78.0,31.0,0.62,CHN,13.0827,80.2707,ORG,12.81,79.95,14.159,19.735,6.356,D0073_021,62.27,77.83
S0_base,73,T0073_022,ARTIC_25T,25000,78.0,31.0,0.62,MYS,12.2958,76.6394,BID,12.7942,77.3854,6.851,13.398,5.904,D0073_022,122.65,153.31
S0_base,73,T0073_023,LCV_3T,3000,14.0,14.0,1.1,BID,12.7942,77.3854,TRP,11.1085,77.3411,9.415,16.976,4.469,D0073_023,234.38,255.69
S0_base,73,T0073_024,LCV_3T,3000,14.0,14.0,1.1,DPI,12.1211,78.1583,VLR,12.9165,79.1325,6.973,14.645,4.025,D0073_024,172.33,215.41
S0_base,73,T0073_025,LCV_3T,3000,14.0,14.0,1.1,KGI,12.5186,78.2137,BID,12.7942,77.3854,8.256,14.913,5.325,D0073_025,118.68,148.35
S0_base,73,T0073_026,RIGID_16T,16000,52.0,26.0,0.72,KGI,12.5186,78.2137,BID,12.7942,77.3854,8.899,15.469,5.822,D0073_026,118.68,148.35
S0_base,73,T0073_027,RIGID_16T,16000,52.0,26.0,0.72,DPI,12.1211,78.1583,CDL,11.748,79.7714,8.169,15.595,4.677,D0073_027,225.41,245.9
S0_base,73,T0073_028,RIGID_9T,9000,34.0,21.0,0.85,ORG,12.81,79.95,RNP,12.9249,79.3308,13.991,19.452,5.926,D0073_028,85.41,106.76
S0_base,73,T0073_029,RIGID_9T,9000,34.0,21.0,0.85,KGI,12.5186,78.2137,CTR,13.2172,79.1003,10.023,17.814,4.872,D0073_029,154.47,193.09
S0_base,74,T0074_000,RIGID_9T,9000,34.0,21.0,0.85,TPT,13.6288,79.4192,GMD,13.4084,80.1082,10.147,16.579,5.695,D0074_000,98.02,122.53
S0_base,74,T0074_001,LCV_3T,3000,14.0,14.0,1.1,SPB,12.9675,79.943,GMD,13.4084,80.1082,10.579,15.347,6.989,D0074_001,65.23,81.54
S0_base,74,T0074_002,ARTIC_25T,25000,78.0,31.0,0.62,SLM,11.6643,78.146,KPM,12.8342,79.7036,6.754,15.539,3.03,D0074_002,251.89,274.79
S0_base,74,T0074_003,LCV_3T,3000,14.0,14.0,1.1,NLR,14.4426,79.9865,CHN,13.0827,80.2707,14.698,21.645,4.889,D0074_003,192.87,241.09
S0_base,74,T0074_004,RIGID_9T,9000,34.0,21.0,0.85,NMK,11.2189,78.1674,ERD,11.341,77.7172,9.993,14.301,7.398,D0074_004,63.67,79.59
S0_base,74,T0074_005,RIGID_9T,9000,34.0,21.0,0.85,CBE,11.0168,76.9558,KCH,9.9312,76.2673,7.341,14.532,4.996,D0074_005,177.83,222.29
S0_base,74,T0074_006,RIGID_9T,9000,34.0,21.0,0.85,SLM,11.6643,78.146,SPB,12.9675,79.943,12.173,21.092,2.669,D0074_006,286.88,312.96
S0_base,74,T0074_007,ARTIC_25T,25000,78.0,31.0,0.62,SLM,11.6643,78.146,ERD,11.341,77.7172,6.026,11.307,7.138,D0074_007,73.69,92.11
S0_base,74,T0074_008,RIGID_9T,9000,34.0,21.0,0.85,VLR,12.9165,79.1325,GMD,13.4084,80.1082,11.061,17.33,5.058,D0074_008,148.7,185.88
S0_base,74,T0074_009,RIGID_9T,9000,34.0,21.0,0.85,TPT,13.6288,79.4192,CHN,13.0827,80.2707,5.737,11.921,5.956,D0074_009,137.92,172.4
S0_base,74,T0074_010,RIGID_16T,16000,52.0,26.0,0.72,GMD,13.4084,80.1082,ORG,12.81,79.95,13.002,18.2,6.401,D0074_010,85.89,107.36
S0_base,74,T0074_011,LCV_3T,3000,14.0,14.0,1.1,TPT,13.6288,79.4192,SPB,12.9675,79.943,9.813,16.871,4.456,D0074_011,116.05,145.07
S0_base,74,T0074_012,RIGID_16T,16000,52.0,26.0,0.72,CBE,11.0168,76.9558,TNJ,10.787,79.1378,5.023,15.484,1.867,D0074_012,282.75,308.45
S0_base,74,T0074_013,RIGID_9T,9000,34.0,21.0,0.85,NGC,8.1833,77.4119,TTN,8.7642,78.1348,7.187,13.918,4.804,D0074_013,128.05,160.06
S0_base,74,T0074_014,RIGID_16T,16000,52.0,26.0,0.72,RNP,12.9249,79.3308,CHN,13.0827,80.2707,8.909,16.711,4.807,D0074_014,129.17,161.46
S0_base,74,T0074_015,RIGID_9T,9000,34.0,21.0,0.85,CBE,11.0168,76.9558,NMK,11.2189,78.1674,12.098,19.326,4.091,D0074_015,167.61,209.52
S0_base,74,T0074_016,RIGID_9T,9000,34.0,21.0,0.85,ORG,12.81,79.95,CHN,13.0827,80.2707,13.764,18.416,6.578,D0074_016,62.27,77.83
S0_base,74,T0074_017,RIGID_9T,9000,34.0,21.0,0.85,NMK,11.2189,78.1674,SLM,11.6643,78.146,13.508,19.182,6.29,D0074_017,66.93,83.67
S0_base,74,T0074_018,RIGID_16T,16000,52.0,26.0,0.72,SLM,11.6643,78.146,TUM,13.3379,77.1173,14.218,23.65,2.158,D0074_018,256.1,279.38
S0_base,74,T0074_019,LCV_3T,3000,14.0,14.0,1.1,KGI,12.5186,78.2137,HSR,12.7409,77.8253,11.843,16.214,7.167,D0074_019,65.96,82.45
S0_base,74,T0074_020,LCV_3T,3000,14.0,14.0,1.1,MYS,12.2958,76.6394,DPI,12.1211,78.1583,14.461,21.632,4.413,D0074_020,207.77,226.65
S0_base,74,T0074_021,RIGID_9T,9000,34.0,21.0,0.85,TUM,13.3379,77.1173,BLR,12.9716,77.5946,10.971,15.553,7.199,D0074_021,82.25,102.82
S0_base,74,T0074_022,LCV_3T,3000,14.0,14.0,1.1,MDU,9.9252,78.1198,TTN,8.7642,78.1348,13.752,19.58,5.394,D0074_022,161.38,201.73
S0_base,74,T0074_023,RIGID_9T,9000,34.0,21.0,0.85,TNJ,10.787,79.1378,NMK,11.2189,78.1674,9.829,17.137,5.026,D0074_023,145.37,181.72
S0_base,74,T0074_024,RIGID_16T,16000,52.0,26.0,0.72,VLR,12.9165,79.1325,CHN,13.0827,80.2707,14.097,21.539,4.643,D0074_024,155.87,194.84
S0_base,74,T0074_025,RIGID_9T,9000,34.0,21.0,0.85,KRR,10.9601,78.0766,CDL,11.748,79.7714,13.717,21.703,3.935,D0074_025,241.29,263.22
S0_base,74,T0074_026,RIGID_9T,9000,34.0,21.0,0.85,KRR,10.9601,78.0766,DGL,10.3624,77.9695,9.161,15.355,5.13,D0074_026,84.35,105.44
S0_base,74,T0074_027,RIGID_16T,16000,52.0,26.0,0.72,KRR,10.9601,78.0766,SLM,11.6643,78.146,6.399,11.501,6.175,D0074_027,98.34,122.92
S0_base,74,T0074_028,RIGID_16T,16000,52.0,26.0,0.72,TPT,13.6288,79.4192,SPB,12.9675,79.943,10.309,16.364,5.422,D0074_028,116.05,145.07
S0_base,74,T0074_029,LCV_3T,3000,14.0,14.0,1.1,RNP,12.9249,79.3308,SPB,12.9675,79.943,9.638,15.031,6.161,D0074_029,83.14,103.93
S0_base,75,T0075_000,RIGID_9T,9000,34.0,21.0,0.85,SPB,12.9675,79.943,DPI,12.1211,78.1583,9.646,18.303,2.72,D0075_000,254.13,277.23
S0_base,75,T0075_001,RIGID_16T,16000,52.0,26.0,0.72,VLR,12.9165,79.1325,CDL,11.748,79.7714,14.601,22.82,3.037,D0075_001,184.13,230.16
S0_base,75,T0075_002,LCV_3T,3000,14.0,14.0,1.1,NLM,13.0996,77.3936,KPM,12.8342,79.7036,13.072,22.762,3.109,D0075_002,297.41,324.45
S0_base,75,T0075_003,RIGID_9T,9000,34.0,21.0,0.85,KPM,12.8342,79.7036,CHN,13.0827,80.2707,6.705,12.509,6.89,D0075_003,84.22,105.28
S0_base,75,T0075_004,RIGID_9T,9000,34.0,21.0,0.85,CHN,13.0827,80.2707,ORG,12.81,79.95,14.641,19.527,7.674,D0075_004,62.27,77.83
S0_base,75,T0075_005,LCV_3T,3000,14.0,14.0,1.1,TPT,13.6288,79.4192,SPB,12.9675,79.943,14.394,20.171,6.144,D0075_005,116.05,145.07
S0_base,75,T0075_006,RIGID_9T,9000,34.0,21.0,0.85,VLR,12.9165,79.1325,KPM,12.8342,79.7036,8.468,14.168,6.263,D0075_006,78.22,97.78
S0_base,75,T0075_007,RIGID_9T,9000,34.0,21.0,0.85,DPI,12.1211,78.1583,RNP,12.9249,79.3308,12.492,20.306,4.189,D0075_007,194.4,243.0
S0_base,75,T0075_008,RIGID_9T,9000,34.0,21.0,0.85,ORG,12.81,79.95,RNP,12.9249,79.3308,9.2,14.546,6.857,D0075_008,85.41,106.76
S0_base,75,T0075_009,RIGID_16T,16000,52.0,26.0,0.72,BLR,12.9716,77.5946,RNP,12.9249,79.3308,10.196,17.69,4.684,D0075_009,235.27,256.66
S0_base,75,T0075_010,LCV_3T,3000,14.0,14.0,1.1,VLR,12.9165,79.1325,BID,12.7942,77.3854,10.141,19.831,2.536,D0075_010,237.36,258.94
S0_base,75,T0075_011,LCV_3T,3000,14.0,14.0,1.1,BLR,12.9716,77.5946,SPB,12.9675,79.943,6.012,15.955,1.466,D0075_011,300.27,327.57
S0_base,75,T0075_012,ARTIC_25T,25000,78.0,31.0,0.62,KRR,10.9601,78.0766,TTN,8.7642,78.1348,14.791,24.212,2.978,D0075_012,288.22,314.42
S0_base,75,T0075_013,RIGID_16T,16000,52.0,26.0,0.72,TRY,10.7905,78.7047,PDY,11.9416,79.8083,14.754,24.329,3.002,D0075_013,219.58,239.54
S0_base,75,T0075_014,LCV_3T,3000,14.0,14.0,1.1,VLR,12.9165,79.1325,SPB,12.9675,79.943,5.603,12.038,6.094,D0075_014,110.02,137.53
S0_base,75,T0075_015,LCV_3T,3000,14.0,14.0,1.1,NLM,13.0996,77.3936,HSR,12.7409,77.8253,9.446,14.359,7.36,D0075_015,76.85,96.06
S0_base,75,T0075_016,ARTIC_25T,25000,78.0,31.0,0.62,SPB,12.9675,79.943,GMD,13.4084,80.1082,12.483,17.93,6.425,D0075_016,65.23,81.54
S0_base,75,T0075_017,ARTIC_25T,25000,78.0,31.0,0.62,DPI,12.1211,78.1583,SLM,11.6643,78.146,13.537,19.396,6.516,D0075_017,63.51,79.39
S0_base,75,T0075_018,ARTIC_25T,25000,78.0,31.0,0.62,CTR,13.2172,79.1003,SPB,12.9675,79.943,14.741,21.256,5.784,D0075_018,119.25,149.06
S0_base,75,T0075_019,RIGID_9T,9000,34.0,21.0,0.85,ERD,11.341,77.7172,CBE,11.0168,76.9558,9.95,15.672,5.954,D0075_019,113.18,141.47
S0_base,75,T0075_020,RIGID_9T,9000,34.0,21.0,0.85,TRY,10.7905,78.7047,KRR,10.9601,78.0766,7.847,14.417,4.95,D0075_020,88.92,111.14
S0_base,75,T0075_021,LCV_3T,3000,14.0,14.0,1.1,VLR,12.9165,79.1325,CHN,13.0827,80.2707,13.686,22.407,4.028,D0075_021,155.87,194.84
S0_base,75,T0075_022,RIGID_16T,16000,52.0,26.0,0.72,KGI,12.5186,78.2137,KPM,12.8342,79.7036,13.683,22.105,3.807,D0075_022,206.75,225.54
S0_base,75,T0075_023,RIGID_16T,16000,52.0,26.0,0.72,TNJ,10.787,79.1378,PDY,11.9416,79.8083,14.11,23.355,2.956,D0075_023,184.67,230.84
S0_base,75,T0075_024,RIGID_9T,9000,34.0,21.0,0.85,DPI,12.1211,78.1583,KPM,12.8342,79.7036,13.156,21.313,4.53,D0075_024,231.96,253.04
S0_base,75,T0075_025,LCV_3T,3000,14.0,14.0,1.1,VLR,12.9165,79.1325,SPB,12.9675,79.943,11.755,17.2,6.002,D0075_025,110.02,137.53
S0_base,75,T0075_026,RIGID_16T,16000,52.0,26.0,0.72,NLM,13.0996,77.3936,KGI,12.5186,78.2137,11.259,17.671,5.934,D0075_026,137.39,171.74
S0_base,75,T0075_027,RIGID_9T,9000,34.0,21.0,0.85,DGL,10.3624,77.9695,TRY,10.7905,78.7047,9.13,17.357,4.432,D0075_027,116.75,145.94
S0_base,75,T0075_028,RIGID_16T,16000,52.0,26.0,0.72,VLR,12.9165,79.1325,BLR,12.9716,77.5946,13.252,21.867,3.479,D0075_028,208.47,227.42
S0_base,75,T0075_029,LCV_3T,3000,14.0,14.0,1.1,BLR,12.9716,77.5946,TRP,11.1085,77.3411,9.764,17.607,3.967,D0075_029,246.61,269.03
S0_base,76,T0076_000,RIGID_9T,9000,34.0,21.0,0.85,MDU,9.9252,78.1198,TTN,8.7642,78.1348,5.196,13.03,4.317,D0076_000,161.38,201.73
S0_base,76,T0076_001,RIGID_16T,16000,52.0,26.0,0.72,GMD,13.4084,80.1082,SPB,12.9675,79.943,7.148,13.475,6.404,D0076_001,65.23,81.54
S0_base,76,T0076_002,ARTIC_25T,25000,78.0,31.0,0.62,NGC,8.1833,77.4119,DGL,10.3624,77.9695,9.094,19.325,2.364,D0076_002,294.9,321.7
S0_base,76,T0076_003,RIGID_9T,9000,34.0,21.0,0.85,CDL,11.748,79.7714,HSR,12.7409,77.8253,7.725,17.62,1.85,D0076_003,281.5,307.09
S0_base,76,T0076_004,RIGID_16T,16000,52.0,26.0,0.72,TPT,13.6288,79.4192,ORG,12.81,79.95,12.656,18.813,5.148,D0076_004,134.58,168.22
S0_base,76,T0076_005,RIGID_9T,9000,34.0,21.0,0.85,CTR,13.2172,79.1003,BLR,12.9716,77.5946,10.341,18.452,4.446,D0076_005,206.68,225.47
S0_base,76,T0076_006,RIGID_16T,16000,52.0,26.0,0.72,VLR,12.9165,79.1325,SPB,12.9675,79.943,13.239,18.891,6.449,D0076_006,110.02,137.53
S0_base,76,T0076_007,RIGID_9T,9000,34.0,21.0,0.85,CHN,13.0827,80.2707,KPM,12.8342,79.7036,5.688,11.606,6.628,D0076_007,84.22,105.28
S0_base,76,T0076_008,RIGID_16T,16000,52.0,26.0,0.72,TRP,11.1085,77.3411,KCH,9.9312,76.2673,10.667,18.304,3.606,D0076_008,219.8,239.78
S0_base,76,T0076_009,RIGID_9T,9000,34.0,21.0,0.85,BID,12.7942,77.3854,RNP,12.9249,79.3308,11.383,20.3,3.087,D0076_009,249.44,272.12
S0_base,76,T0076_010,RIGID_16T,16000,52.0,26.0,0.72,VLR,12.9165,79.1325,CHN,13.0827,80.2707,13.432,20.816,4.836,D0076_010,155.87,194.84
S0_base,76,T0076_011,RIGID_16T,16000,52.0,26.0,0.72,VLR,12.9165,79.1325,SPB,12.9675,79.943,7.2,13.96,4.656,D0076_011,110.02,137.53
S0_base,76,T0076_012,RIGID_9T,9000,34.0,21.0,0.85,KPM,12.8342,79.7036,CTR,13.2172,79.1003,5.403,12.342,5.44,D0076_012,97.51,121.89
S0_base,76,T0076_013,ARTIC_25T,25000,78.0,31.0,0.62,BLR,12.9716,77.5946,ORG,12.81,79.95,5.3,13.211,3.364,D0076_013,302.01,329.46
S0_base,76,T0076_014,ARTIC_25T,25000,78.0,31.0,0.62,VLR,12.9165,79.1325,KPM,12.8342,79.7036,6.615,10.732,7.35,D0076_014,78.22,97.78
S0_base,76,T0076_015,RIGID_9T,9000,34.0,21.0,0.85,KPM,12.8342,79.7036,NLR,14.4426,79.9865,10.982,18.466,4.762,D0076_015,226.8,247.42
S0_base,76,T0076_016,RIGID_9T,9000,34.0,21.0,0.85,ERD,11.341,77.7172,SLM,11.6643,78.146,13.927,18.238,7.384,D0076_016,73.69,92.11
S0_base,76,T0076_017,LCV_3T,3000,14.0,14.0,1.1,TRY,10.7905,78.7047,SLM,11.6643,78.146,9.692,17.234,4.03,D0076_017,143.36,179.2
S0_base,76,T0076_018,RIGID_16T,16000,52.0,26.0,0.72,DPI,12.1211,78.1583,KPM,12.8342,79.7036,10.276,19.768,2.981,D0076_018,231.96,253.04
S0_base,76,T0076_019,ARTIC_25T,25000,78.0,31.0,0.62,HSR,12.7409,77.8253,NLM,13.0996,77.3936,9.108,13.55,7.091,D0076_019,76.85,96.06
S0_base,76,T0076_020,RIGID_16T,16000,52.0,26.0,0.72,KGI,12.5186,78.2137,RNP,12.9249,79.3308,8.713,16.342,4.537,D0076_020,161.64,202.05
S0_base,76,T0076_021,RIGID_9T,9000,34.0,21.0,0.85,BLR,12.9716,77.5946,KPM,12.8342,79.7036,12.515,21.566,3.405,D0076_021,270.34,294.91
S0_base,76,T0076_022,RIGID_16T,16000,52.0,26.0,0.72,NLR,14.4426,79.9865,GMD,13.4084,80.1082,10.743,16.972,5.766,D0076_022,144.68,180.85
S0_base,76,T0076_023,LCV_3T,3000,14.0,14.0,1.1,ORG,12.81,79.95,CHN,13.0827,80.2707,9.516,14.536,7.191,D0076_023,62.27,77.83
S0_base,76,T0076_024,RIGID_9T,9000,34.0,21.0,0.85,SLM,11.6643,78.146,HSR,12.7409,77.8253,14.897,22.168,4.602,D0076_024,155.85,194.82
S0_base,76,T0076_025,LCV_3T,3000,14.0,14.0,1.1,VLR,12.9165,79.1325,CDL,11.748,79.7714,9.615,16.314,4.878,D0076_025,184.13,230.16
S0_base,76,T0076_026,LCV_3T,3000,14.0,14.0,1.1,ERD,11.341,77.7172,SLM,11.6643,78.146,8.677,14.405,6.982,D0076_026,73.69,92.11
S0_base,76,T0076_027,LCV_3T,3000,14.0,14.0,1.1,NLM,13.0996,77.3936,TRP,11.1085,77.3411,5.75,13.851,3.339,D0076_027,261.34,285.1
S0_base,76,T0076_028,RIGID_16T,16000,52.0,26.0,0.72,ONG,15.5057,80.0499,GMD,13.4084,80.1082,5.256,15.099,2.247,D0076_028,275.29,300.31
S0_base,76,T0076_029,RIGID_16T,16000,52.0,26.0,0.72,NMK,11.2189,78.1674,SLM,11.6643,78.146,8.677,14.951,6.219,D0076_029,66.93,83.67
S0_base,77,T0077_000,ARTIC_25T,25000,78.0,31.0,0.62,SLM,11.6643,78.146,DPI,12.1211,78.1583,9.993,15.62,6.053,D0077_000,63.51,79.39
S0_base,77,T0077_001,RIGID_16T,16000,52.0,26.0,0.72,KRR,10.9601,78.0766,ERD,11.341,77.7172,7.386,12.335,7.295,D0077_001,72.15,90.18
S0_base,77,T0077_002,RIGID_9T,9000,34.0,21.0,0.85,CTR,13.2172,79.1003,TPT,13.6288,79.4192,6.567,12.375,5.565,D0077_002,71.64,89.55
S0_base,77,T0077_003,ARTIC_25T,25000,78.0,31.0,0.62,NGC,8.1833,77.4119,TTN,8.7642,78.1348,11.999,18.671,5.204,D0077_003,128.05,160.06
S0_base,77,T0077_004,RIGID_16T,16000,52.0,26.0,0.72,DGL,10.3624,77.9695,ERD,11.341,77.7172,12.476,21.106,3.955,D0077_004,140.31,175.39
S0_base,77,T0077_005,RIGID_9T,9000,34.0,21.0,0.85,MDU,9.9252,78.1198,CBE,11.0168,76.9558,13.098,21.587,3.147,D0077_005,219.84,239.83
S0_base,77,T0077_006,LCV_3T,3000,14.0,14.0,1.1,SLM,11.6643,78.146,CDL,11.748,79.7714,7.342,15.556,3.769,D0077_006,221.53,241.67
S0_base,77,T0077_007,RIGID_16T,16000,52.0,26.0,0.72,TRY,10.7905,78.7047,CDL,11.748,79.7714,9.317,18.362,3.234,D0077_007,197.12,246.39
S0_base,77,T0077_008,LCV_3T,3000,14.0,14.0,1.1,KGI,12.5186,78.2137,SLM,11.6643,78.146,13.399,18.967,6.449,D0077_008,119.1,148.87
S0_base,77,T0077_009,RIGID_16T,16000,52.0,26.0,0.72,HSR,12.7409,77.8253,NLM,13.0996,77.3936,8.028,14.701,5.512,D0077_009,76.85,96.06
S0_base,77,T0077_010,RIGID_16T,16000,52.0,26.0,0.72,TPT,13.6288,79.4192,GMD,13.4084,80.1082,14.694,20.914,5.16,D0077_010,98.02,122.53
S0_base,77,T0077_011,RIGID_9T,9000,34.0,21.0,0.85,CTR,13.2172,79.1003,KPM,12.8342,79.7036,5.833,12.223,5.957,D0077_011,97.51,121.89
S0_base,77,T0077_012,ARTIC_25T,25000,78.0,31.0,0.62,HSR,12.7409,77.8253,KGI,12.5186,78.2137,10.013,16.794,5.895,D0077_012,65.96,82.45
S0_base,77,T0077_013,ARTIC_25T,25000,78.0,31.0,0.62,KRR,10.9601,78.0766,SLM,11.6643,78.146,5.365,10.118,6.797,D0077_013,98.34,122.92
S0_base,77,T0077_014,RIGID_16T,16000,52.0,26.0,0.72,HSR,12.7409,77.8253,CBE,11.0168,76.9558,10.134,20.307,2.357,D0077_014,252.27,275.2
S0_base,77,T0077_015,ARTIC_25T,25000,78.0,31.0,0.62,TRP,11.1085,77.3411,KRR,10.9601,78.0766,13.174,20.625,5.231,D0077_015,102.44,128.05
S0_base,77,T0077_016,ARTIC_25T,25000,78.0,31.0,0.62,CHN,13.0827,80.2707,ORG,12.81,79.95,9.943,15.93,6.79,D0077_016,62.27,77.83
S0_base,77,T0077_017,RIGID_9T,9000,34.0,21.0,0.85,HSR,12.7409,77.8253,BID,12.7942,77.3854,13.421,18.637,6.2,D0077_017,64.9,81.12
S0_base,77,T0077_018,LCV_3T,3000,14.0,14.0,1.1,NMK,11.2189,78.1674,KPM,12.8342,79.7036,14.914,23.903,3.12,D0077_018,289.45,315.76
S0_base,77,T0077_019,LCV_3T,3000,14.0,14.0,1.1,BID,12.7942,77.3854,HSR,12.7409,77.8253,7.447,12.214,7.105,D0077_019,64.9,81.12
S0_base,77,T0077_020,RIGID_9T,9000,34.0,21.0,0.85,CDL,11.748,79.7714,GMD,13.4084,80.1082,12.602,20.501,3.666,D0077_020,235.26,256.65
S0_base,77,T0077_021,ARTIC_25T,25000,78.0,31.0,0.62,VLR,12.9165,79.1325,SPB,12.9675,79.943,6.178,12.928,4.999,D0077_021,110.02,137.53
S0_base,77,T0077_022,LCV_3T,3000,14.0,14.0,1.1,KRR,10.9601,78.0766,TRY,10.7905,78.7047,10.704,17.272,5.901,D0077_022,88.92,111.14
S0_base,77,T0077_023,LCV_3T,3000,14.0,14.0,1.1,NMK,11.2189,78.1674,TRY,10.7905,78.7047,7.185,13.69,5.148,D0077_023,94.44,118.05
S0_base,77,T0077_024,RIGID_16T,16000,52.0,26.0,0.72,DPI,12.1211,78.1583,KPM,12.8342,79.7036,5.385,14.749,2.957,D0077_024,231.96,253.04
S0_base,77,T0077_025,ARTIC_25T,25000,78.0,31.0,0.62,TPT,13.6288,79.4192,SPB,12.9675,79.943,7.745,14.275,5.526,D0077_025,116.05,145.07
S0_base,77,T0077_026,RIGID_9T,9000,34.0,21.0,0.85,TPT,13.6288,79.4192,CHN,13.0827,80.2707,5.91,13.702,4.617,D0077_026,137.92,172.4
S0_base,77,T0077_027,ARTIC_25T,25000,78.0,31.0,0.62,TRY,10.7905,78.7047,PDY,11.9416,79.8083,14.629,24.008,3.316,D0077_027,219.58,239.54
S0_base,77,T0077_028,ARTIC_25T,25000,78.0,31.0,0.62,SLM,11.6643,78.146,DGL,10.3624,77.9695,9.015,17.478,3.678,D0077_028,182.55,228.19
S0_base,77,T0077_029,LCV_3T,3000,14.0,14.0,1.1,MDU,9.9252,78.1198,TRP,11.1085,77.3411,5.021,12.828,3.802,D0077_029,195.89,244.87
S0_base,78,T0078_000,RIGID_9T,9000,34.0,21.0,0.85,TRY,10.7905,78.7047,PDY,11.9416,79.8083,10.073,18.512,3.971,D0078_000,219.58,239.54
S0_base,78,T0078_001,LCV_3T,3000,14.0,14.0,1.1,TRY,10.7905,78.7047,KPM,12.8342,79.7036,8.711,17.354,2.678,D0078_001,297.26,324.28
S0_base,78,T0078_002,LCV_3T,3000,14.0,14.0,1.1,RNP,12.9249,79.3308,ORG,12.81,79.95,14.443,21.308,5.477,D0078_002,85.41,106.76
S0_base,78,T0078_003,RIGID_9T,9000,34.0,21.0,0.85,HSR,12.7409,77.8253,ORG,12.81,79.95,6.573,15.323,2.932,D0078_003,272.03,296.76
S0_base,78,T0078_004,RIGID_9T,9000,34.0,21.0,0.85,TPT,13.6288,79.4192,ORG,12.81,79.95,9.572,18.089,4.127,D0078_004,134.58,168.22
S0_base,78,T0078_005,RIGID_9T,9000,34.0,21.0,0.85,TRP,11.1085,77.3411,TRY,10.7905,78.7047,5.545,14.647,3.023,D0078_005,191.26,239.07
S0_base,78,T0078_006,RIGID_16T,16000,52.0,26.0,0.72,CBE,11.0168,76.9558,KCH,9.9312,76.2673,5.725,15.253,3.245,D0078_006,177.83,222.29
S0_base,78,T0078_007,RIGID_9T,9000,34.0,21.0,0.85,CHN,13.0827,80.2707,ORG,12.81,79.95,7.079,12.397,6.1,D0078_007,62.27,77.83
S0_base,78,T0078_008,RIGID_16T,16000,52.0,26.0,0.72,ATP,14.6819,77.6006,HSR,12.7409,77.8253,14.199,24.18,2.212,D0078_008,256.28,279.58
S0_base,78,T0078_009,LCV_3T,3000,14.0,14.0,1.1,ERD,11.341,77.7172,TRP,11.1085,77.3411,7.732,12.731,7.308,D0078_009,65.46,81.82
S0_base,78,T0078_010,RIGID_9T,9000,34.0,21.0,0.85,VLR,12.9165,79.1325,TPT,13.6288,79.4192,8.169,15.014,4.612,D0078_010,106.33,132.91
S0_base,78,T0078_011,ARTIC_25T,25000,78.0,31.0,0.62,TTN,8.7642,78.1348,KRR,10.9601,78.0766,6.174,15.226,2.63,D0078_011,288.22,314.42
S0_base,78,T0078_012,RIGID_16T,16000,52.0,26.0,0.72,HSR,12.7409,77.8253,TRP,11.1085,77.3411,11.188,18.172,4.587,D0078_012,236.25,257.73
S0_base,78,T0078_013,LCV_3T,3000,14.0,14.0,1.1,TRY,10.7905,78.7047,MDU,9.9252,78.1198,11.392,19.19,3.939,D0078_013,144.43,180.54
S0_base,78,T0078_014,LCV_3T,3000,14.0,14.0,1.1,CHN,13.0827,80.2707,ORG,12.81,79.95,7.987,14.218,6.352,D0078_014,62.27,77.83
S0_base,78,T0078_015,RIGID_9T,9000,34.0,21.0,0.85,HSR,12.7409,77.8253,KGI,12.5186,78.2137,9.94,16.137,6.267,D0078_015,65.96,82.45
S0_base,78,T0078_016,ARTIC_25T,25000,78.0,31.0,0.62,KPM,12.8342,79.7036,CHN,13.0827,80.2707,12.638,18.792,6.568,D0078_016,84.22,105.28
S0_base,78,T0078_017,RIGID_16T,16000,52.0,26.0,0.72,TPT,13.6288,79.4192,CHN,13.0827,80.2707,5.225,10.561,5.957,D0078_017,137.92,172.4
S0_base,78,T0078_018,LCV_3T,3000,14.0,14.0,1.1,SLM,11.6643,78.146,ERD,11.341,77.7172,10.371,15.688,6.731,D0078_018,73.69,92.11
S0_base,78,T0078_019,RIGID_16T,16000,52.0,26.0,0.72,TRP,11.1085,77.3411,ERD,11.341,77.7172,10.67,15.429,7.544,D0078_019,65.46,81.82
S0_base,78,T0078_020,LCV_3T,3000,14.0,14.0,1.1,CTR,13.2172,79.1003,ORG,12.81,79.95,12.612,21.202,4.182,D0078_020,128.24,160.29
S0_base,78,T0078_021,LCV_3T,3000,14.0,14.0,1.1,ERD,11.341,77.7172,DPI,12.1211,78.1583,14.645,21.994,4.912,D0078_021,123.94,154.92
S0_base,78,T0078_022,RIGID_16T,16000,52.0,26.0,0.72,PDY,11.9416,79.8083,CHN,13.0827,80.2707,10.71,18.727,3.995,D0078_022,170.57,213.21
S0_base,78,T0078_023,ARTIC_25T,25000,78.0,31.0,0.62,SLM,11.6643,78.146,ERD,11.341,77.7172,13.395,17.613,7.314,D0078_023,73.69,92.11
S0_base,78,T0078_024,RIGID_16T,16000,52.0,26.0,0.72,CDL,11.748,79.7714,KPM,12.8342,79.7036,8.455,15.325,5.443,D0078_024,151.26,189.07
S0_base,78,T0078_025,RIGID_16T,16000,52.0,26.0,0.72,MDU,9.9252,78.1198,ERD,11.341,77.7172,10.897,18.848,3.706,D0078_025,204.33,222.9
S0_base,78,T0078_026,RIGID_9T,9000,34.0,21.0,0.85,MYS,12.2958,76.6394,TUM,13.3379,77.1173,14.024,22.029,3.555,D0078_026,158.67,198.33
S0_base,78,T0078_027,ARTIC_25T,25000,78.0,31.0,0.62,GMD,13.4084,80.1082,RNP,12.9249,79.3308,14.911,22.212,4.583,D0078_027,124.84,156.06
S0_base,78,T0078_028,ARTIC_25T,25000,78.0,31.0,0.62,DPI,12.1211,78.1583,SPB,12.9675,79.943,10.83,19.227,3.769,D0078_028,254.13,277.23
S0_base,78,T0078_029,RIGID_9T,9000,34.0,21.0,0.85,CHN,13.0827,80.2707,ORG,12.81,79.95,12.723,18.476,5.793,D0078_029,62.27,77.83
S0_base,79,T0079_000,RIGID_16T,16000,52.0,26.0,0.72,VLR,12.9165,79.1325,CHN,13.0827,80.2707,13.452,20.753,4.236,D0079_000,155.87,194.84
S0_base,79,T0079_001,LCV_3T,3000,14.0,14.0,1.1,TPT,13.6288,79.4192,CHN,13.0827,80.2707,11.161,18.63,3.928,D0079_001,137.92,172.4
S0_base,79,T0079_002,LCV_3T,3000,14.0,14.0,1.1,TPT,13.6288,79.4192,RNP,12.9249,79.3308,9.749,16.217,5.032,D0079_002,98.57,123.21
S0_base,79,T0079_003,RIGID_9T,9000,34.0,21.0,0.85,HSR,12.7409,77.8253,NLM,13.0996,77.3936,6.216,12.771,5.64,D0079_003,76.85,96.06
S0_base,79,T0079_004,RIGID_9T,9000,34.0,21.0,0.85,DPI,12.1211,78.1583,ERD,11.341,77.7172,10.937,16.595,5.824,D0079_004,123.94,154.92
S0_base,79,T0079_005,ARTIC_25T,25000,78.0,31.0,0.62,CHN,13.0827,80.2707,PDY,11.9416,79.8083,12.403,21.024,3.775,D0079_005,170.57,213.21
S0_base,79,T0079_006,ARTIC_25T,25000,78.0,31.0,0.62,ERD,11.341,77.7172,KRR,10.9601,78.0766,14.562,21.658,5.537,D0079_006,72.15,90.18
S0_base,79,T0079_007,RIGID_16T,16000,52.0,26.0,0.72,NGC,8.1833,77.4119,TTN,8.7642,78.1348,5.086,11.065,5.746,D0079_007,128.05,160.06
S0_base,79,T0079_008,ARTIC_25T,25000,78.0,31.0,0.62,TRY,10.7905,78.7047,TNJ,10.787,79.1378,11.306,16.228,6.696,D0079_008,63.87,79.83
S0_base,79,T0079_009,RIGID_9T,9000,34.0,21.0,0.85,KGI,12.5186,78.2137,SPB,12.9675,79.943,7.095,15.791,4.103,D0079_009,242.6,264.66
S0_base,79,T0079_010,RIGID_16T,16000,52.0,26.0,0.72,TRY,10.7905,78.7047,CDL,11.748,79.7714,9.631,18.061,4.226,D0079_010,197.12,246.39
S0_base,79,T0079_011,ARTIC_25T,25000,78.0,31.0,0.62,TRP,11.1085,77.3411,KCH,9.9312,76.2673,5.427,14.421,2.839,D0079_011,219.8,239.78
S0_base,79,T0079_012,RIGID_9T,9000,34.0,21.0,0.85,CTR,13.2172,79.1003,SPB,12.9675,79.943,8.395,15.392,5.556,D0079_012,119.25,149.06
S0_base,79,T0079_013,LCV_3T,3000,14.0,14.0,1.1,RNP,12.9249,79.3308,CHN,13.0827,80.2707,10.139,18.358,4.529,D0079_013,129.17,161.46
S0_base,79,T0079_014,RIGID_9T,9000,34.0,21.0,0.85,NLR,14.4426,79.9865,ONG,15.5057,80.0499,14.038,20.945,4.36,D0079_014,148.01,185.01
S0_base,79,T0079_015,RIGID_9T,9000,34.0,21.0,0.85,TPT,13.6288,79.4192,RNP,12.9249,79.3308,14.362,19.865,5.818,D0079_015,98.57,123.21
S0_base,79,T0079_016,RIGID_9T,9000,34.0,21.0,0.85,BID,12.7942,77.3854,SLM,11.6643,78.146,7.667,15.313,4.717,D0079_016,187.99,234.98
S0_base,79,T0079_017,LCV_3T,3000,14.0,14.0,1.1,CHN,13.0827,80.2707,ORG,12.81,79.95,10.031,15.229,7.045,D0079_017,62.27,77.83
S0_base,79,T0079_018,RIGID_9T,9000,34.0,21.0,0.85,CBE,11.0168,76.9558,SLM,11.6643,78.146,6.808,15.059,4.148,D0079_018,185.5,231.87
S0_base,79,T0079_019,RIGID_16T,16000,52.0,26.0,0.72,BLR,12.9716,77.5946,SLM,11.6643,78.146,8.569,16.487,4.579,D0079_019,196.53,245.66
S0_base,79,T0079_020,RIGID_16T,16000,52.0,26.0,0.72,SLM,11.6643,78.146,CDL,11.748,79.7714,12.891,21.462,3.181,D0079_020,221.53,241.67
S0_base,79,T0079_021,LCV_3T,3000,14.0,14.0,1.1,ORG,12.81,79.95,CHN,13.0827,80.2707,9.375,14.913,6.379,D0079_021,62.27,77.83
S0_base,79,T0079_022,RIGID_16T,16000,52.0,26.0,0.72,MDU,9.9252,78.1198,KRR,10.9601,78.0766,11.376,16.951,5.737,D0079_022,143.97,179.96
S0_base,79,T0079_023,LCV_3T,3000,14.0,14.0,1.1,BLR,12.9716,77.5946,SPB,12.9675,79.943,8.348,17.366,2.453,D0079_023,300.27,327.57
S0_base,79,T0079_024,LCV_3T,3000,14.0,14.0,1.1,VLR,12.9165,79.1325,ORG,12.81,79.95,6.978,14.404,4.661,D0079_024,111.76,139.7
S0_base,79,T0079_025,RIGID_16T,16000,52.0,26.0,0.72,CBE,11.0168,76.9558,BID,12.7942,77.3854,8.156,15.988,3.795,D0079_025,239.65,261.43
S0_base,79,T0079_026,RIGID_16T,16000,52.0,26.0,0.72,TRY,10.7905,78.7047,TNJ,10.787,79.1378,13.7,18.178,7.419,D0079_026,63.87,79.83
S0_base,79,T0079_027,LCV_3T,3000,14.0,14.0,1.1,MYS,12.2958,76.6394,CBE,11.0168,76.9558,13.811,21.084,4.75,D0079_027,182.92,228.65
S0_base,79,T0079_028,RIGID_9T,9000,34.0,21.0,0.85,VLR,12.9165,79.1325,TPT,13.6288,79.4192,6.66,12.062,6.153,D0079_028,106.33,132.91
S0_base,79,T0079_029,LCV_3T,3000,14.0,14.0,1.1,NMK,11.2189,78.1674,SLM,11.6643,78.146,13.953,19.305,7.149,D0079_029,66.93,83.67
S0_base,80,T0080_000,ARTIC_25T,25000,78.0,31.0,0.62,VLR,12.9165,79.1325,CHN,13.0827,80.2707,8.57,16.767,3.9,D0080_000,155.87,194.84
S0_base,80,T0080_001,RIGID_16T,16000,52.0,26.0,0.72,CTR,13.2172,79.1003,ORG,12.81,79.95,12.559,17.834,5.981,D0080_001,128.24,160.29
S0_base,80,T0080_002,LCV_3T,3000,14.0,14.0,1.1,CTR,13.2172,79.1003,CHN,13.0827,80.2707,6.481,13.473,4.319,D0080_002,159.51,199.39
S0_base,80,T0080_003,RIGID_16T,16000,52.0,26.0,0.72,DGL,10.3624,77.9695,MDU,9.9252,78.1198,11.635,17.775,6.643,D0080_003,64.15,80.19
S0_base,80,T0080_004,RIGID_9T,9000,34.0,21.0,0.85,BLR,12.9716,77.5946,SPB,12.9675,79.943,14.968,24.877,2.108,D0080_004,300.27,327.57
S0_base,80,T0080_005,RIGID_16T,16000,52.0,26.0,0.72,NMK,11.2189,78.1674,TRY,10.7905,78.7047,13.924,19.918,6.646,D0080_005,94.44,118.05
S0_base,80,T0080_006,RIGID_9T,9000,34.0,21.0,0.85,GMD,13.4084,80.1082,ORG,12.81,79.95,14.222,20.48,5.866,D0080_006,85.89,107.36
S0_base,80,T0080_007,RIGID_16T,16000,52.0,26.0,0.72,VLR,12.9165,79.1325,CHN,13.0827,80.2707,14.485,21.655,5.513,D0080_007,155.87,194.84
S0_base,80,T0080_008,RIGID_9T,9000,34.0,21.0,0.85,TRY,10.7905,78.7047,KRR,10.9601,78.0766,5.68,11.728,6.29,D0080_008,88.92,111.14
S0_base,80,T0080_009,ARTIC_25T,25000,78.0,31.0,0.62,SLM,11.6643,78.146,NMK,11.2189,78.1674,5.007,9.631,6.959,D0080_009,66.93,83.67
S0_base,80,T0080_010,LCV_3T,3000,14.0,14.0,1.1,GMD,13.4084,80.1082,SPB,12.9675,79.943,10.367,17.059,5.965,D0080_010,65.23,81.54
S0_base,80,T0080_011,RIGID_16T,16000,52.0,26.0,0.72,TPT,13.6288,79.4192,SPB,12.9675,79.943,12.465,18.046,6.109,D0080_011,116.05,145.07
S0_base,80,T0080_012,ARTIC_25T,25000,78.0,31.0,0.62,ERD,11.341,77.7172,TRP,11.1085,77.3411,13.71,18.308,7.294,D0080_012,65.46,81.82
S0_base,80,T0080_013,RIGID_16T,16000,52.0,26.0,0.72,TUM,13.3379,77.1173,DPI,12.1211,78.1583,10.074,18.4,4.256,D0080_013,220.28,240.3
S0_base,80,T0080_014,RIGID_9T,9000,34.0,21.0,0.85,NMK,11.2189,78.1674,TRY,10.7905,78.7047,11.752,17.738,5.577,D0080_014,94.44,118.05
S0_base,80,T0080_015,ARTIC_25T,25000,78.0,31.0,0.62,SPB,12.9675,79.943,RNP,12.9249,79.3308,6.348,13.758,5.338,D0080_015,83.14,103.93
S0_base,80,T0080_016,RIGID_9T,9000,34.0,21.0,0.85,DPI,12.1211,78.1583,TRP,11.1085,77.3411,14.274,22.283,4.576,D0080_016,179.41,224.26
S0_base,80,T0080_017,LCV_3T,3000,14.0,14.0,1.1,DGL,10.3624,77.9695,MDU,9.9252,78.1198,12.194,18.25,6.068,D0080_017,64.15,80.19
S0_base,80,T0080_018,LCV_3T,3000,14.0,14.0,1.1,TUM,13.3379,77.1173,BLR,12.9716,77.5946,8.461,13.611,6.866,D0080_018,82.25,102.82
S0_base,80,T0080_019,RIGID_9T,9000,34.0,21.0,0.85,VLR,12.9165,79.1325,ORG,12.81,79.95,9.668,15.595,5.314,D0080_019,111.76,139.7
S0_base,80,T0080_020,RIGID_16T,16000,52.0,26.0,0.72,HSR,12.7409,77.8253,TUM,13.3379,77.1173,6.839,11.968,6.28,D0080_020,126.79,158.49
S0_base,80,T0080_021,RIGID_9T,9000,34.0,21.0,0.85,TPT,13.6288,79.4192,CHN,13.0827,80.2707,9.378,15.741,5.994,D0080_021,137.92,172.4
S0_base,80,T0080_022,RIGID_16T,16000,52.0,26.0,0.72,MDU,9.9252,78.1198,TTN,8.7642,78.1348,6.528,14.073,4.695,D0080_022,161.38,201.73
S0_base,80,T0080_023,LCV_3T,3000,14.0,14.0,1.1,TRP,11.1085,77.3411,ERD,11.341,77.7172,5.114,11.196,6.303,D0080_023,65.46,81.82
S0_base,80,T0080_024,RIGID_9T,9000,34.0,21.0,0.85,ONG,15.5057,80.0499,VJA,16.5062,80.648,8.748,17.103,3.952,D0080_024,160.39,200.48
S0_base,80,T0080_025,RIGID_9T,9000,34.0,21.0,0.85,KGI,12.5186,78.2137,NLM,13.0996,77.3936,5.344,13.184,4.663,D0080_025,137.39,171.74
S0_base,80,T0080_026,RIGID_9T,9000,34.0,21.0,0.85,CHN,13.0827,80.2707,TPT,13.6288,79.4192,10.527,17.761,4.526,D0080_026,137.92,172.4
S0_base,80,T0080_027,RIGID_16T,16000,52.0,26.0,0.72,KGI,12.5186,78.2137,RNP,12.9249,79.3308,14.404,21.931,3.716,D0080_027,161.64,202.05
S0_base,80,T0080_028,RIGID_16T,16000,52.0,26.0,0.72,TPT,13.6288,79.4192,ORG,12.81,79.95,11.279,18.702,4.644,D0080_028,134.58,168.22
S0_base,80,T0080_029,LCV_3T,3000,14.0,14.0,1.1,ERD,11.341,77.7172,RNP,12.9249,79.3308,9.115,18.832,1.726,D0080_029,293.31,319.98
S0_base,81,T0081_000,ARTIC_25T,25000,78.0,31.0,0.62,KGI,12.5186,78.2137,HSR,12.7409,77.8253,7.497,12.384,7.023,D0081_000,65.96,82.45
S0_base,81,T0081_001,RIGID_9T,9000,34.0,21.0,0.85,ORG,12.81,79.95,RNP,12.9249,79.3308,7.458,13.902,5.093,D0081_001,85.41,106.76
S0_base,81,T0081_002,LCV_3T,3000,14.0,14.0,1.1,BLR,12.9716,77.5946,TUM,13.3379,77.1173,12.002,17.456,6.941,D0081_002,82.25,102.82
S0_base,81,T0081_003,LCV_3T,3000,14.0,14.0,1.1,GMD,13.4084,80.1082,SPB,12.9675,79.943,12.426,16.562,7.417,D0081_003,65.23,81.54
S0_base,81,T0081_004,RIGID_9T,9000,34.0,21.0,0.85,MDU,9.9252,78.1198,TRP,11.1085,77.3411,5.486,13.594,3.386,D0081_004,195.89,244.87
S0_base,81,T0081_005,LCV_3T,3000,14.0,14.0,1.1,NMK,11.2189,78.1674,SLM,11.6643,78.146,12.602,18.538,5.878,D0081_005,66.93,83.67
S0_base,81,T0081_006,RIGID_9T,9000,34.0,21.0,0.85,VLR,12.9165,79.1325,SPB,12.9675,79.943,9.635,16.677,4.818,D0081_006,110.02,137.53
S0_base,81,T0081_007,RIGID_16T,16000,52.0,26.0,0.72,BID,12.7942,77.3854,DPI,12.1211,78.1583,8.589,16.626,4.443,D0081_007,140.56,175.7
S0_base,81,T0081_008,LCV_3T,3000,14.0,14.0,1.1,CHN,13.0827,80.2707,ORG,12.81,79.95,5.771,10.198,7.44,D0081_008,62.27,77.83
S0_base,81,T0081_009,LCV_3T,3000,14.0,14.0,1.1,DPI,12.1211,78.1583,SLM,11.6643,78.146,11.854,16.638,6.592,D0081_009,63.51,79.39
S0_base,81,T0081_010,RIGID_16T,16000,52.0,26.0,0.72,VLR,12.9165,79.1325,CHN,13.0827,80.2707,14.766,20.463,5.74,D0081_010,155.87,194.84
S0_base,81,T0081_011,RIGID_9T,9000,34.0,21.0,0.85,RNP,12.9249,79.3308,CHN,13.0827,80.2707,11.426,18.34,4.84,D0081_011,129.17,161.46
S0_base,81,T0081_012,RIGID_16T,16000,52.0,26.0,0.72,TRP,11.1085,77.3411,HSR,12.7409,77.8253,8.998,18.658,2.633,D0081_012,236.25,257.73
S0_base,81,T0081_013,ARTIC_25T,25000,78.0,31.0,0.62,NLR,14.4426,79.9865,CHN,13.0827,80.2707,13.606,21.021,4.566,D0081_013,192.87,241.09
S0_base,81,T0081_014,LCV_3T,3000,14.0,14.0,1.1,BLR,12.9716,77.5946,ORG,12.81,79.95,6.76,16.824,1.389,D0081_014,302.01,329.46
S0_base,81,T0081_015,RIGID_9T,9000,34.0,21.0,0.85,VLR,12.9165,79.1325,SPB,12.9675,79.943,12.703,20.257,4.8,D0081_015,110.02,137.53
S0_base,81,T0081_016,RIGID_9T,9000,34.0,21.0,0.85,TPT,13.6288,79.4192,SPB,12.9675,79.943,12.272,18.944,4.677,D0081_016,116.05,145.07
S0_base,81,T0081_017,RIGID_16T,16000,52.0,26.0,0.72,SLM,11.6643,78.146,BID,12.7942,77.3854,14.399,22.722,4.156,D0081_017,187.99,234.98
S0_base,81,T0081_018,LCV_3T,3000,14.0,14.0,1.1,TRY,10.7905,78.7047,CBE,11.0168,76.9558,13.719,22.663,2.954,D0081_018,240.76,262.65
S0_base,81,T0081_019,LCV_3T,3000,14.0,14.0,1.1,MYS,12.2958,76.6394,MLR,12.9141,74.856,13.042,20.593,3.905,D0081_019,242.34,264.37
S0_base,81,T0081_020,RIGID_16T,16000,52.0,26.0,0.72,BLR,12.9716,77.5946,TRP,11.1085,77.3411,12.219,21.09,3.828,D0081_020,246.61,269.03
S0_base,81,T0081_021,RIGID_9T,9000,34.0,21.0,0.85,CHN,13.0827,80.2707,ORG,12.81,79.95,7.722,12.73,6.767,D0081_021,62.27,77.83
S0_base,81,T0081_022,RIGID_16T,16000,52.0,26.0,0.72,VLR,12.9165,79.1325,ORG,12.81,79.95,12.63,17.694,6.566,D0081_022,111.76,139.7
S0_base,81,T0081_023,RIGID_9T,9000,34.0,21.0,0.85,TUM,13.3379,77.1173,BLR,12.9716,77.5946,5.791,10.656,6.516,D0081_023,82.25,102.82
S0_base,81,T0081_024,RIGID_16T,16000,52.0,26.0,0.72,SPB,12.9675,79.943,GMD,13.4084,80.1082,11.798,17.699,6.447,D0081_024,65.23,81.54
S0_base,81,T0081_025,RIGID_9T,9000,34.0,21.0,0.85,TNJ,10.787,79.1378,TRY,10.7905,78.7047,9.45,15.223,6.834,D0081_025,63.87,79.83
S0_base,81,T0081_026,RIGID_16T,16000,52.0,26.0,0.72,VLR,12.9165,79.1325,CHN,13.0827,80.2707,11.126,18.92,4.692,D0081_026,155.87,194.84
S0_base,81,T0081_027,ARTIC_25T,25000,78.0,31.0,0.62,CHN,13.0827,80.2707,ORG,12.81,79.95,5.364,9.836,6.965,D0081_027,62.27,77.83
S0_base,81,T0081_028,LCV_3T,3000,14.0,14.0,1.1,NLM,13.0996,77.3936,CTR,13.2172,79.1003,14.473,22.811,3.611,D0081_028,231.57,252.62
S0_base,81,T0081_029,LCV_3T,3000,14.0,14.0,1.1,BLR,12.9716,77.5946,KGI,12.5186,78.2137,7.743,14.238,5.81,D0081_029,104.92,131.15
S0_base,82,T0082_000,LCV_3T,3000,14.0,14.0,1.1,VLR,12.9165,79.1325,SPB,12.9675,79.943,14.501,19.707,6.551,D0082_000,110.02,137.53
S0_base,82,T0082_001,LCV_3T,3000,14.0,14.0,1.1,TPT,13.6288,79.4192,CHN,13.0827,80.2707,14.11,20.438,6.119,D0082_001,137.92,172.4
S0_base,82,T0082_002,RIGID_16T,16000,52.0,26.0,0.72,CHN,13.0827,80.2707,ORG,12.81,79.95,11.706,17.757,6.309,D0082_002,62.27,77.83
S0_base,82,T0082_003,ARTIC_25T,25000,78.0,31.0,0.62,TPT,13.6288,79.4192,CHN,13.0827,80.2707,13.596,21.951,3.946,D0082_003,137.92,172.4
S0_base,82,T0082_004,RIGID_9T,9000,34.0,21.0,0.85,KRR,10.9601,78.0766,TRP,11.1085,77.3411,10.543,18.332,4.999,D0082_004,102.44,128.05
S0_base,82,T0082_005,LCV_3T,3000,14.0,14.0,1.1,KPM,12.8342,79.7036,GMD,13.4084,80.1082,13.801,20.37,5.957,D0082_005,96.79,120.99
S0_base,82,T0082_006,RIGID_9T,9000,34.0,21.0,0.85,ERD,11.341,77.7172,DPI,12.1211,78.1583,6.643,13.025,4.966,D0082_006,123.94,154.92
S0_base,82,T0082_007,LCV_3T,3000,14.0,14.0,1.1,NLM,13.0996,77.3936,RNP,12.9249,79.3308,9.531,18.114,2.741,D0082_007,248.71,271.32
S0_base,82,T0082_008,RIGID_9T,9000,34.0,21.0,0.85,TPT,13.6288,79.4192,CHN,13.0827,80.2707,5.192,12.006,4.766,D0082_008,137.92,172.4
S0_base,82,T0082_009,RIGID_9T,9000,34.0,21.0,0.85,CHN,13.0827,80.2707,ORG,12.81,79.95,13.587,18.318,6.984,D0082_009,62.27,77.83
S0_base,82,T0082_010,ARTIC_25T,25000,78.0,31.0,0.62,TPT,13.6288,79.4192,CHN,13.0827,80.2707,12.023,19.125,4.69,D0082_010,137.92,172.4
S0_base,82,T0082_011,ARTIC_25T,25000,78.0,31.0,0.62,SLM,11.6643,78.146,PDY,11.9416,79.8083,9.452,18.096,4.119,D0082_011,229.42,250.28
S0_base,82,T0082_012,LCV_3T,3000,14.0,14.0,1.1,SLM,11.6643,78.146,BLR,12.9716,77.5946,7.439,14.379,4.329,D0082_012,196.53,245.66
S0_base,82,T0082_013,ARTIC_25T,25000,78.0,31.0,0.62,MYS,12.2958,76.6394,HSR,12.7409,77.8253,8.463,16.425,4.285,D0082_013,172.4,215.5
S0_base,82,T0082_014,RIGID_16T,16000,52.0,26.0,0.72,VLR,12.9165,79.1325,ORG,12.81,79.95,9.722,16.061,6.087,D0082_014,111.76,139.7
S0_base,82,T0082_015,RIGID_9T,9000,34.0,21.0,0.85,BLR,12.9716,77.5946,KGI,12.5186,78.2137,8.416,15.495,4.846,D0082_015,104.92,131.15
S0_base,82,T0082_016,RIGID_16T,16000,52.0,26.0,0.72,VLR,12.9165,79.1325,SPB,12.9675,79.943,10.549,17.601,4.63,D0082_016,110.02,137.53
S0_base,82,T0082_017,RIGID_9T,9000,34.0,21.0,0.85,GMD,13.4084,80.1082,PDY,11.9416,79.8083,8.907,15.232,5.105,D0082_017,207.89,226.79
S0_base,82,T0082_018,RIGID_16T,16000,52.0,26.0,0.72,NGC,8.1833,77.4119,TTN,8.7642,78.1348,13.009,18.097,6.26,D0082_018,128.05,160.06
S0_base,82,T0082_019,RIGID_9T,9000,34.0,21.0,0.85,BLR,12.9716,77.5946,CBE,11.0168,76.9558,11.717,21.376,2.358,D0082_019,269.27,293.75
S0_base,82,T0082_020,RIGID_16T,16000,52.0,26.0,0.72,KPM,12.8342,79.7036,VLR,12.9165,79.1325,9.205,14.687,6.023,D0082_020,78.22,97.78
S0_base,82,T0082_021,RIGID_9T,9000,34.0,21.0,0.85,BLR,12.9716,77.5946,TUM,13.3379,77.1173,7.606,13.297,5.768,D0082_021,82.25,102.82
S0_base,82,T0082_022,RIGID_9T,9000,34.0,21.0,0.85,MDU,9.9252,78.1198,TRY,10.7905,78.7047,6.853,13.523,4.55,D0082_022,144.43,180.54
S0_base,82,T0082_023,LCV_3T,3000,14.0,14.0,1.1,CTR,13.2172,79.1003,ORG,12.81,79.95,11.845,17.63,5.635,D0082_023,128.24,160.29
S0_base,82,T0082_024,RIGID_16T,16000,52.0,26.0,0.72,CBE,11.0168,76.9558,KCH,9.9312,76.2673,13.117,22.096,3.165,D0082_024,177.83,222.29
S0_base,82,T0082_025,ARTIC_25T,25000,78.0,31.0,0.62,ONG,15.5057,80.0499,VJA,16.5062,80.648,13.551,20.381,4.466,D0082_025,160.39,200.48
S0_base,82,T0082_026,RIGID_16T,16000,52.0,26.0,0.72,CHN,13.0827,80.2707,KPM,12.8342,79.7036,5.85,12.806,5.747,D0082_026,84.22,105.28
S0_base,82,T0082_027,LCV_3T,3000,14.0,14.0,1.1,VLR,12.9165,79.1325,SPB,12.9675,79.943,9.648,16.987,5.091,D0082_027,110.02,137.53
S0_base,82,T0082_028,RIGID_9T,9000,34.0,21.0,0.85,HSR,12.7409,77.8253,RNP,12.9249,79.3308,10.487,17.168,4.661,D0082_028,205.62,224.32
S0_base,82,T0082_029,RIGID_9T,9000,34.0,21.0,0.85,CHN,13.0827,80.2707,KPM,12.8342,79.7036,6.676,12.181,6.616,D0082_029,84.22,105.28
S0_base,83,T0083_000,LCV_3T,3000,14.0,14.0,1.1,MYS,12.2958,76.6394,ERD,11.341,77.7172,12.652,21.834,3.407,D0083_000,197.77,247.21
S0_base,83,T0083_001,RIGID_16T,16000,52.0,26.0,0.72,SLM,11.6643,78.146,NLM,13.0996,77.3936,12.179,19.6,4.197,D0083_001,224.13,244.5
S0_base,83,T0083_002,ARTIC_25T,25000,78.0,31.0,0.62,BID,12.7942,77.3854,SLM,11.6643,78.146,14.885,22.788,4.634,D0083_002,187.99,234.98
S0_base,83,T0083_003,ARTIC_25T,25000,78.0,31.0,0.62,GMD,13.4084,80.1082,SPB,12.9675,79.943,6.052,11.419,6.177,D0083_003,65.23,81.54
S0_base,83,T0083_004,RIGID_16T,16000,52.0,26.0,0.72,VLR,12.9165,79.1325,SPB,12.9675,79.943,14.302,21.016,5.07,D0083_004,110.02,137.53
S0_base,83,T0083_005,RIGID_9T,9000,34.0,21.0,0.85,MYS,12.2958,76.6394,TRP,11.1085,77.3411,10.637,18.941,4.438,D0083_005,190.67,238.34
S0_base,83,T0083_006,RIGID_9T,9000,34.0,21.0,0.85,GMD,13.4084,80.1082,SPB,12.9675,79.943,5.283,11.118,6.627,D0083_006,65.23,81.54
S0_base,83,T0083_007,RIGID_16T,16000,52.0,26.0,0.72,SLM,11.6643,78.146,RNP,12.9249,79.3308,8.617,17.648,2.77,D0083_007,237.88,259.51
S0_base,83,T0083_008,RIGID_9T,9000,34.0,21.0,0.85,CTR,13.2172,79.1003,ORG,12.81,79.95,8.343,15.559,5.205,D0083_008,128.24,160.29
S0_base,83,T0083_009,RIGID_9T,9000,34.0,21.0,0.85,CBE,11.0168,76.9558,KCH,9.9312,76.2673,6.597,14.257,3.881,D0083_009,177.83,222.29
S0_base,83,T0083_010,LCV_3T,3000,14.0,14.0,1.1,BID,12.7942,77.3854,MYS,12.2958,76.6394,5.847,13.05,4.258,D0083_010,122.65,153.31
S0_base,83,T0083_011,RIGID_16T,16000,52.0,26.0,0.72,TPT,13.6288,79.4192,GMD,13.4084,80.1082,5.053,11.565,6.003,D0083_011,98.02,122.53
S0_base,83,T0083_012,RIGID_9T,9000,34.0,21.0,0.85,SPB,12.9675,79.943,GMD,13.4084,80.1082,7.204,12.687,7.277,D0083_012,65.23,81.54
S0_base,83,T0083_013,RIGID_9T,9000,34.0,21.0,0.85,CDL,11.748,79.7714,KPM,12.8342,79.7036,6.62,14.815,4.33,D0083_013,151.26,189.07
S0_base,83,T0083_014,RIGID_16T,16000,52.0,26.0,0.72,BID,12.7942,77.3854,HSR,12.7409,77.8253,7.017,14.206,5.507,D0083_014,64.9,81.12
S0_base,83,T0083_015,RIGID_16T,16000,52.0,26.0,0.72,KGI,12.5186,78.2137,NMK,11.2189,78.1674,12.206,20.14,4.168,D0083_015,180.76,225.95
S0_base,83,T0083_016,RIGID_9T,9000,34.0,21.0,0.85,ORG,12.81,79.95,CHN,13.0827,80.2707,12.944,18.419,6.557,D0083_016,62.27,77.83
S0_base,83,T0083_017,RIGID_9T,9000,34.0,21.0,0.85,TRY,10.7905,78.7047,PDY,11.9416,79.8083,8.549,16.292,3.479,D0083_017,219.58,239.54
S0_base,83,T0083_018,RIGID_9T,9000,34.0,21.0,0.85,NLR,14.4426,79.9865,ORG,12.81,79.95,10.408,19.53,3.225,D0083_018,226.97,247.61
S0_base,83,T0083_019,RIGID_9T,9000,34.0,21.0,0.85,CHN,13.0827,80.2707,ORG,12.81,79.95,8.687,14.627,6.202,D0083_019,62.27,77.83
S0_base,83,T0083_020,RIGID_16T,16000,52.0,26.0,0.72,PDY,11.9416,79.8083,NMK,11.2189,78.1674,10.386,19.654,3.213,D0083_020,244.97,267.24
S0_base,83,T0083_021,RIGID_9T,9000,34.0,21.0,0.85,HSR,12.7409,77.8253,KGI,12.5186,78.2137,10.92,16.222,6.709,D0083_021,65.96,82.45
S0_base,83,T0083_022,RIGID_9T,9000,34.0,21.0,0.85,BLR,12.9716,77.5946,DPI,12.1211,78.1583,6.428,14.008,4.372,D0083_022,140.8,176.0
S0_base,83,T0083_023,RIGID_9T,9000,34.0,21.0,0.85,TRP,11.1085,77.3411,KRR,10.9601,78.0766,11.756,18.24,5.303,D0083_023,102.44,128.05
S0_base,83,T0083_024,RIGID_9T,9000,34.0,21.0,0.85,CHN,13.0827,80.2707,ORG,12.81,79.95,11.615,17.236,5.873,D0083_024,62.27,77.83
S0_base,83,T0083_025,RIGID_16T,16000,52.0,26.0,0.72,TPT,13.6288,79.4192,CHN,13.0827,80.2707,9.983,16.82,5.156,D0083_025,137.92,172.4
S0_base,83,T0083_026,RIGID_16T,16000,52.0,26.0,0.72,SLM,11.6643,78.146,KPM,12.8342,79.7036,9.517,17.388,3.604,D0083_026,251.89,274.79
S0_base,83,T0083_027,RIGID_9T,9000,34.0,21.0,0.85,GMD,13.4084,80.1082,RNP,12.9249,79.3308,10.375,15.49,6.145,D0083_027,124.84,156.06
S0_base,83,T0083_028,RIGID_16T,16000,52.0,26.0,0.72,CBE,11.0168,76.9558,SLM,11.6643,78.146,13.838,20.481,4.927,D0083_028,185.5,231.87
S0_base,83,T0083_029,RIGID_9T,9000,34.0,21.0,0.85,KGI,12.5186,78.2137,HSR,12.7409,77.8253,14.313,18.573,6.988,D0083_029,65.96,82.45
S0_base,84,T0084_000,LCV_3T,3000,14.0,14.0,1.1,HSR,12.7409,77.8253,SPB,12.9675,79.943,6.86,15.216,3.981,D0084_000,272.53,297.3
S0_base,84,T0084_001,LCV_3T,3000,14.0,14.0,1.1,NLM,13.0996,77.3936,KGI,12.5186,78.2137,7.514,13.935,5.577,D0084_001,137.39,171.74
S0_base,84,T0084_002,LCV_3T,3000,14.0,14.0,1.1,HSR,12.7409,77.8253,CDL,11.748,79.7714,13.747,24.566,1.934,D0084_002,281.5,307.09
S0_base,84,T0084_003,RIGID_16T,16000,52.0,26.0,0.72,ERD,11.341,77.7172,NMK,11.2189,78.1674,6.05,10.897,6.639,D0084_003,63.67,79.59
S0_base,84,T0084_004,RIGID_9T,9000,34.0,21.0,0.85,KGI,12.5186,78.2137,DPI,12.1211,78.1583,13.412,19.957,5.927,D0084_004,60.22,75.28
S0_base,84,T0084_005,RIGID_9T,9000,34.0,21.0,0.85,KRR,10.9601,78.0766,TRP,11.1085,77.3411,12.153,18.939,5.639,D0084_005,102.44,128.05
S0_base,84,T0084_006,RIGID_16T,16000,52.0,26.0,0.72,PDY,11.9416,79.8083,RNP,12.9249,79.3308,6.639,13.947,5.096,D0084_006,151.26,189.08
S0_base,84,T0084_007,RIGID_9T,9000,34.0,21.0,0.85,VLR,12.9165,79.1325,SPB,12.9675,79.943,12.267,17.364,6.103,D0084_007,110.02,137.53
S0_base,84,T0084_008,RIGID_9T,9000,34.0,21.0,0.85,DPI,12.1211,78.1583,SLM,11.6643,78.146,12.395,18.358,5.615,D0084_008,63.51,79.39
S0_base,84,T0084_009,RIGID_9T,9000,34.0,21.0,0.85,SPB,12.9675,79.943,PDY,11.9416,79.8083,11.95,19.085,5.132,D0084_009,143.76,179.7
S0_base,84,T0084_010,RIGID_9T,9000,34.0,21.0,0.85,ORG,12.81,79.95,GMD,13.4084,80.1082,9.672,15.144,6.022,D0084_010,85.89,107.36
S0_base,84,T0084_011,RIGID_16T,16000,52.0,26.0,0.72,MDU,9.9252,78.1198,KCH,9.9312,76.2673,8.719,17.398,2.743,D0084_011,239.43,261.19
S0_base,84,T0084_012,RIGID_16T,16000,52.0,26.0,0.72,HSR,12.7409,77.8253,KPM,12.8342,79.7036,14.598,24.37,2.77,D0084_012,240.65,262.53
S0_base,84,T0084_013,RIGID_9T,9000,34.0,21.0,0.85,ONG,15.5057,80.0499,GNT,16.3067,80.4365,10.954,17.882,4.601,D0084_013,122.74,153.43
S0_base,84,T0084_014,RIGID_16T,16000,52.0,26.0,0.72,ORG,12.81,79.95,CHN,13.0827,80.2707,13.259,19.644,6.174,D0084_014,62.27,77.83
S0_base,84,T0084_015,LCV_3T,3000,14.0,14.0,1.1,TRY,10.7905,78.7047,CDL,11.748,79.7714,8.762,16.052,4.176,D0084_015,197.12,246.39
S0_base,84,T0084_016,LCV_3T,3000,14.0,14.0,1.1,TRP,11.1085,77.3411,KRR,10.9601,78.0766,11.69,17.245,6.415,D0084_016,102.44,128.05
S0_base,84,T0084_017,RIGID_16T,16000,52.0,26.0,0.72,TRP,11.1085,77.3411,ERD,11.341,77.7172,6.94,12.844,5.601,D0084_017,65.46,81.82
S0_base,84,T0084_018,RIGID_9T,9000,34.0,21.0,0.85,DGL,10.3624,77.9695,TRY,10.7905,78.7047,10.158,17.279,5.063,D0084_018,116.75,145.94
S0_base,84,T0084_019,LCV_3T,3000,14.0,14.0,1.1,BLR,12.9716,77.5946,SPB,12.9675,79.943,7.132,16.658,2.272,D0084_019,300.27,327.57
S0_base,84,T0084_020,LCV_3T,3000,14.0,14.0,1.1,VLR,12.9165,79.1325,KPM,12.8342,79.7036,8.808,15.37,5.789,D0084_020,78.22,97.78
S0_base,84,T0084_021,LCV_3T,3000,14.0,14.0,1.1,DGL,10.3624,77.9695,TTN,8.7642,78.1348,5.325,14.028,3.029,D0084_021,223.29,243.59
S0_base,84,T0084_022,LCV_3T,3000,14.0,14.0,1.1,SLM,11.6643,78.146,DPI,12.1211,78.1583,10.062,15.276,6.125,D0084_022,63.51,79.39
S0_base,84,T0084_023,RIGID_9T,9000,34.0,21.0,0.85,VLR,12.9165,79.1325,KPM,12.8342,79.7036,6.504,12.964,5.558,D0084_023,78.22,97.78
S0_base,84,T0084_024,RIGID_16T,16000,52.0,26.0,0.72,BLR,12.9716,77.5946,KPM,12.8342,79.7036,10.567,20.552,2.417,D0084_024,270.34,294.91
S0_base,84,T0084_025,RIGID_9T,9000,34.0,21.0,0.85,NLM,13.0996,77.3936,KPM,12.8342,79.7036,13.374,23.468,2.371,D0084_025,297.41,324.45
S0_base,84,T0084_026,RIGID_9T,9000,34.0,21.0,0.85,BID,12.7942,77.3854,TUM,13.3379,77.1173,13.449,18.771,6.594,D0084_026,83.84,104.8
S0_base,84,T0084_027,ARTIC_25T,25000,78.0,31.0,0.62,PDY,11.9416,79.8083,RNP,12.9249,79.3308,7.345,13.866,4.945,D0084_027,151.26,189.08
S0_base,84,T0084_028,LCV_3T,3000,14.0,14.0,1.1,DPI,12.1211,78.1583,ORG,12.81,79.95,10.581,18.807,3.633,D0084_028,246.7,269.13
S0_base,84,T0084_029,LCV_3T,3000,14.0,14.0,1.1,HSR,12.7409,77.8253,TRY,10.7905,78.7047,7.453,16.79,2.98,D0084_029,279.73,305.16
S0_base,85,T0085_000,ARTIC_25T,25000,78.0,31.0,0.62,VLR,12.9165,79.1325,TUM,13.3379,77.1173,10.578,18.226,3.606,D0085_000,263.37,287.32
S0_base,85,T0085_001,RIGID_16T,16000,52.0,26.0,0.72,NLR,14.4426,79.9865,ORG,12.81,79.95,7.401,17.265,2.762,D0085_001,226.97,247.61
S0_base,85,T0085_002,RIGID_9T,9000,34.0,21.0,0.85,CHN,13.0827,80.2707,ORG,12.81,79.95,12.564,18.77,6.456,D0085_002,62.27,77.83
S0_base,85,T0085_003,LCV_3T,3000,14.0,14.0,1.1,HSR,12.7409,77.8253,BID,12.7942,77.3854,11.017,16.653,5.836,D0085_003,64.9,81.12
S0_base,85,T0085_004,LCV_3T,3000,14.0,14.0,1.1,TPT,13.6288,79.4192,GMD,13.4084,80.1082,7.794,13.203,6.593,D0085_004,98.02,122.53
S0_base,85,T0085_005,LCV_3T,3000,14.0,14.0,1.1,TPT,13.6288,79.4192,CHN,13.0827,80.2707,10.891,18.27,4.572,D0085_005,137.92,172.4
S0_base,85,T0085_006,RIGID_9T,9000,34.0,21.0,0.85,TPT,13.6288,79.4192,SPB,12.9675,79.943,7.211,14.098,4.464,D0085_006,116.05,145.07
S0_base,85,T0085_007,RIGID_16T,16000,52.0,26.0,0.72,TRP,11.1085,77.3411,HSR,12.7409,77.8253,13.242,23.185,2.54,D0085_007,236.25,257.73
S0_base,85,T0085_008,RIGID_9T,9000,34.0,21.0,0.85,KGI,12.5186,78.2137,BID,12.7942,77.3854,6.681,12.309,6.379,D0085_008,118.68,148.35
S0_base,85,T0085_009,RIGID_16T,16000,52.0,26.0,0.72,MDU,9.9252,78.1198,TNJ,10.787,79.1378,8.785,16.862,3.945,D0085_009,183.64,229.54
S0_base,85,T0085_010,RIGID_16T,16000,52.0,26.0,0.72,CTR,13.2172,79.1003,SPB,12.9675,79.943,11.522,17.504,6.21,D0085_010,119.25,149.06
S0_base,85,T0085_011,RIGID_9T,9000,34.0,21.0,0.85,SPB,12.9675,79.943,GMD,13.4084,80.1082,6.588,12.65,6.588,D0085_011,65.23,81.54
S0_base,85,T0085_012,RIGID_9T,9000,34.0,21.0,0.85,TPT,13.6288,79.4192,KPM,12.8342,79.7036,9.241,16.622,4.606,D0085_012,116.96,146.2
S0_base,85,T0085_013,RIGID_16T,16000,52.0,26.0,0.72,ERD,11.341,77.7172,TRP,11.1085,77.3411,10.047,14.466,7.463,D0085_013,65.46,81.82
S0_base,85,T0085_014,LCV_3T,3000,14.0,14.0,1.1,SLM,11.6643,78.146,DPI,12.1211,78.1583,11.395,18.254,5.924,D0085_014,63.51,79.39
S0_base,85,T0085_015,ARTIC_25T,25000,78.0,31.0,0.62,KGI,12.5186,78.2137,DPI,12.1211,78.1583,14.5,19.259,7.234,D0085_015,60.22,75.28
S0_base,85,T0085_016,RIGID_16T,16000,52.0,26.0,0.72,CBE,11.0168,76.9558,KCH,9.9312,76.2673,11.394,18.646,5.083,D0085_016,177.83,222.29
S0_base,85,T0085_017,RIGID_9T,9000,34.0,21.0,0.85,VLR,12.9165,79.1325,SPB,12.9675,79.943,8.222,15.465,4.603,D0085_017,110.02,137.53
S0_base,85,T0085_018,LCV_3T,3000,14.0,14.0,1.1,NMK,11.2189,78.1674,KCH,9.9312,76.2673,6.457,16.271,1.859,D0085_018,297.67,324.73
S0_base,85,T0085_019,RIGID_16T,16000,52.0,26.0,0.72,BLR,12.9716,77.5946,TRP,11.1085,77.3411,8.678,18.575,2.385,D0085_019,246.61,269.03
S0_base,85,T0085_020,RIGID_9T,9000,34.0,21.0,0.85,CHN,13.0827,80.2707,PDY,11.9416,79.8083,9.989,18.282,4.149,D0085_020,170.57,213.21
S0_base,85,T0085_021,RIGID_16T,16000,52.0,26.0,0.72,KGI,12.5186,78.2137,CHN,13.0827,80.2707,5.569,14.754,3.067,D0085_021,273.4,298.25
S0_base,85,T0085_022,RIGID_9T,9000,34.0,21.0,0.85,GMD,13.4084,80.1082,SPB,12.9675,79.943,7.415,12.519,7.492,D0085_022,65.23,81.54
S0_base,85,T0085_023,RIGID_16T,16000,52.0,26.0,0.72,SPB,12.9675,79.943,GMD,13.4084,80.1082,5.144,10.695,6.462,D0085_023,65.23,81.54
S0_base,85,T0085_024,RIGID_9T,9000,34.0,21.0,0.85,CBE,11.0168,76.9558,TNJ,10.787,79.1378,8.269,18.713,1.789,D0085_024,282.75,308.45
S0_base,85,T0085_025,RIGID_9T,9000,34.0,21.0,0.85,BLR,12.9716,77.5946,TUM,13.3379,77.1173,9.545,16.297,5.769,D0085_025,82.25,102.82
S0_base,85,T0085_026,RIGID_9T,9000,34.0,21.0,0.85,BLR,12.9716,77.5946,RNP,12.9249,79.3308,7.786,16.576,3.269,D0085_026,235.27,256.66
S0_base,85,T0085_027,RIGID_9T,9000,34.0,21.0,0.85,HSR,12.7409,77.8253,BID,12.7942,77.3854,6.952,11.143,7.51,D0085_027,64.9,81.12
S0_base,85,T0085_028,ARTIC_25T,25000,78.0,31.0,0.62,TUM,13.3379,77.1173,MYS,12.2958,76.6394,13.12,19.031,5.592,D0085_028,158.67,198.33
S0_base,85,T0085_029,RIGID_9T,9000,34.0,21.0,0.85,SPB,12.9675,79.943,CTR,13.2172,79.1003,10.212,18.1,4.519,D0085_029,119.25,149.06
S0_base,86,T0086_000,LCV_3T,3000,14.0,14.0,1.1,TRP,11.1085,77.3411,TRY,10.7905,78.7047,6.349,13.961,4.896,D0086_000,191.26,239.07
S0_base,86,T0086_001,RIGID_9T,9000,34.0,21.0,0.85,ERD,11.341,77.7172,KRR,10.9601,78.0766,5.505,9.984,7.412,D0086_001,72.15,90.18
S0_base,86,T0086_002,LCV_3T,3000,14.0,14.0,1.1,PDY,11.9416,79.8083,SPB,12.9675,79.943,10.162,18.164,4.518,D0086_002,143.76,179.7
S0_base,86,T0086_003,RIGID_9T,9000,34.0,21.0,0.85,VLR,12.9165,79.1325,GMD,13.4084,80.1082,14.455,21.14,5.57,D0086_003,148.7,185.88
S0_base,86,T0086_004,ARTIC_25T,25000,78.0,31.0,0.62,TPT,13.6288,79.4192,CHN,13.0827,80.2707,5.389,12.978,5.138,D0086_004,137.92,172.4
S0_base,86,T0086_005,RIGID_16T,16000,52.0,26.0,0.72,BLR,12.9716,77.5946,ATP,14.6819,77.6006,6.682,15.669,3.757,D0086_005,237.72,259.33
S0_base,86,T0086_006,RIGID_9T,9000,34.0,21.0,0.85,BID,12.7942,77.3854,TUM,13.3379,77.1173,8.533,15.868,5.16,D0086_006,83.84,104.8
S0_base,86,T0086_007,RIGID_9T,9000,34.0,21.0,0.85,MYS,12.2958,76.6394,KRR,10.9601,78.0766,8.059,16.739,2.774,D0086_007,254.62,277.76
S0_base,86,T0086_008,ARTIC_25T,25000,78.0,31.0,0.62,BLR,12.9716,77.5946,TUM,13.3379,77.1173,14.899,19.963,6.373,D0086_008,82.25,102.82
S0_base,86,T0086_009,RIGID_9T,9000,34.0,21.0,0.85,TRP,11.1085,77.3411,ERD,11.341,77.7172,6.356,12.574,5.999,D0086_009,65.46,81.82
S0_base,86,T0086_010,LCV_3T,3000,14.0,14.0,1.1,SPB,12.9675,79.943,GMD,13.4084,80.1082,5.507,9.836,7.5,D0086_010,65.23,81.54
S0_base,86,T0086_011,RIGID_9T,9000,34.0,21.0,0.85,SLM,11.6643,78.146,VLR,12.9165,79.1325,14.632,23.204,3.858,D0086_011,219.64,239.61
S0_base,86,T0086_012,ARTIC_25T,25000,78.0,31.0,0.62,HSR,12.7409,77.8253,NLM,13.0996,77.3936,5.716,12.637,5.711,D0086_012,76.85,96.06
S0_base,86,T0086_013,ARTIC_25T,25000,78.0,31.0,0.62,NLM,13.0996,77.3936,HSR,12.7409,77.8253,5.575,12.903,5.231,D0086_013,76.85,96.06
S0_base,86,T0086_014,LCV_3T,3000,14.0,14.0,1.1,TRY,10.7905,78.7047,KRR,10.9601,78.0766,10.912,17.487,5.733,D0086_014,88.92,111.14
S0_base,86,T0086_015,RIGID_16T,16000,52.0,26.0,0.72,CHN,13.0827,80.2707,CDL,11.748,79.7714,10.111,17.941,3.761,D0086_015,197.51,246.88
S0_base,86,T0086_016,LCV_3T,3000,14.0,14.0,1.1,TNJ,10.787,79.1378,PDY,11.9416,79.8083,11.353,18.983,4.967,D0086_016,184.67,230.84
S0_base,86,T0086_017,RIGID_9T,9000,34.0,21.0,0.85,ERD,11.341,77.7172,DPI,12.1211,78.1583,11.613,17.628,6.357,D0086_017,123.94,154.92
S0_base,86,T0086_018,LCV_3T,3000,14.0,14.0,1.1,MYS,12.2958,76.6394,NLM,13.0996,77.3936,13.738,20.068,5.166,D0086_018,151.46,189.32
S0_base,86,T0086_019,LCV_3T,3000,14.0,14.0,1.1,BID,12.7942,77.3854,HSR,12.7409,77.8253,7.213,11.484,7.517,D0086_019,64.9,81.12
S0_base,86,T0086_020,ARTIC_25T,25000,78.0,31.0,0.62,HSR,12.7409,77.8253,SPB,12.9675,79.943,13.625,22.974,2.948,D0086_020,272.53,297.3
S0_base,86,T0086_021,ARTIC_25T,25000,78.0,31.0,0.62,PDY,11.9416,79.8083,GMD,13.4084,80.1082,14.993,23.846,3.165,D0086_021,207.89,226.79
S0_base,86,T0086_022,RIGID_9T,9000,34.0,21.0,0.85,MDU,9.9252,78.1198,TRP,11.1085,77.3411,8.89,17.681,3.722,D0086_022,195.89,244.87
S0_base,86,T0086_023,LCV_3T,3000,14.0,14.0,1.1,ERD,11.341,77.7172,HSR,12.7409,77.8253,7.134,15.802,3.576,D0086_023,195.13,243.91
S0_base,86,T0086_024,RIGID_9T,9000,34.0,21.0,0.85,HSR,12.7409,77.8253,NLM,13.0996,77.3936,8.646,13.461,6.93,D0086_024,76.85,96.06
S0_base,86,T0086_025,RIGID_9T,9000,34.0,21.0,0.85,KGI,12.5186,78.2137,NMK,11.2189,78.1674,8.085,16.254,4.367,D0086_025,180.76,225.95
S0_base,86,T0086_026,RIGID_16T,16000,52.0,26.0,0.72,VLR,12.9165,79.1325,TPT,13.6288,79.4192,8.329,14.099,6.269,D0086_026,106.33,132.91
S0_base,86,T0086_027,LCV_3T,3000,14.0,14.0,1.1,CTR,13.2172,79.1003,GMD,13.4084,80.1082,10.248,17.069,5.833,D0086_027,138.89,173.62
S0_base,86,T0086_028,LCV_3T,3000,14.0,14.0,1.1,MYS,12.2958,76.6394,TRP,11.1085,77.3411,9.809,17.856,3.203,D0086_028,190.67,238.34
S0_base,86,T0086_029,RIGID_16T,16000,52.0,26.0,0.72,MYS,12.2958,76.6394,BID,12.7942,77.3854,5.819,10.723,6.367,D0086_029,122.65,153.31
S0_base,87,T0087_000,RIGID_16T,16000,52.0,26.0,0.72,NMK,11.2189,78.1674,PDY,11.9416,79.8083,14.531,23.067,4.048,D0087_000,244.97,267.24
S0_base,87,T0087_001,RIGID_9T,9000,34.0,21.0,0.85,CTR,13.2172,79.1003,PDY,11.9416,79.8083,7.939,14.033,5.162,D0087_001,201.64,219.97
S0_base,87,T0087_002,RIGID_16T,16000,52.0,26.0,0.72,CHN,13.0827,80.2707,ORG,12.81,79.95,5.796,10.117,7.688,D0087_002,62.27,77.83
S0_base,87,T0087_003,RIGID_16T,16000,52.0,26.0,0.72,TPT,13.6288,79.4192,SPB,12.9675,79.943,13.79,20.115,5.172,D0087_003,116.05,145.07
S0_base,87,T0087_004,ARTIC_25T,25000,78.0,31.0,0.62,DPI,12.1211,78.1583,ORG,12.81,79.95,12.093,19.78,4.112,D0087_004,246.7,269.13
S0_base,87,T0087_005,RIGID_9T,9000,34.0,21.0,0.85,TPT,13.6288,79.4192,RNP,12.9249,79.3308,8.142,14.456,6.14,D0087_005,98.57,123.21
S0_base,87,T0087_006,RIGID_9T,9000,34.0,21.0,0.85,MYS,12.2958,76.6394,BID,12.7942,77.3854,9.603,17.825,4.336,D0087_006,122.65,153.31
S0_base,87,T0087_007,ARTIC_25T,25000,78.0,31.0,0.62,VLR,12.9165,79.1325,KPM,12.8342,79.7036,10.112,16.595,5.222,D0087_007,78.22,97.78
S0_base,87,T0087_008,RIGID_16T,16000,52.0,26.0,0.72,BLR,12.9716,77.5946,RNP,12.9249,79.3308,7.948,16.452,2.882,D0087_008,235.27,256.66
S0_base,87,T0087_009,RIGID_9T,9000,34.0,21.0,0.85,KGI,12.5186,78.2137,PDY,11.9416,79.8083,9.264,17.581,4.066,D0087_009,230.98,251.98
S0_base,87,T0087_010,RIGID_16T,16000,52.0,26.0,0.72,VLR,12.9165,79.1325,BLR,12.9716,77.5946,10.245,19.537,3.188,D0087_010,208.47,227.42
S0_base,87,T0087_011,RIGID_16T,16000,52.0,26.0,0.72,KPM,12.8342,79.7036,CHN,13.0827,80.2707,11.179,15.76,6.757,D0087_011,84.22,105.28
S0_base,87,T0087_012,LCV_3T,3000,14.0,14.0,1.1,MYS,12.2958,76.6394,BLR,12.9716,77.5946,9.055,15.553,5.659,D0087_012,160.02,200.03
S0_base,87,T0087_013,RIGID_9T,9000,34.0,21.0,0.85,HSR,12.7409,77.8253,TUM,13.3379,77.1173,5.24,11.738,5.423,D0087_013,126.79,158.49
S0_base,87,T0087_014,LCV_3T,3000,14.0,14.0,1.1,CDL,11.748,79.7714,RNP,12.9249,79.3308,5.228,13.147,4.014,D0087_014,174.18,217.72
S0_base,87,T0087_015,RIGID_9T,9000,34.0,21.0,0.85,TRP,11.1085,77.3411,KCH,9.9312,76.2673,10.613,19.33,3.609,D0087_015,219.8,239.78
S0_base,87,T0087_016,LCV_3T,3000,14.0,14.0,1.1,TPT,13.6288,79.4192,GMD,13.4084,80.1082,10.005,16.427,4.981,D0087_016,98.02,122.53
S0_base,87,T0087_017,ARTIC_25T,25000,78.0,31.0,0.62,BLR,12.9716,77.5946,KGI,12.5186,78.2137,12.703,18.702,5.276,D0087_017,104.92,131.15
S0_base,87,T0087_018,RIGID_9T,9000,34.0,21.0,0.85,VLR,12.9165,79.1325,GMD,13.4084,80.1082,11.547,17.589,5.31,D0087_018,148.7,185.88
S0_base,87,T0087_019,RIGID_9T,9000,34.0,21.0,0.85,SLM,11.6643,78.146,MDU,9.9252,78.1198,14.097,22.601,3.704,D0087_019,241.75,263.73
S0_base,87,T0087_020,LCV_3T,3000,14.0,14.0,1.1,SLM,11.6643,78.146,ORG,12.81,79.95,9.021,18.951,2.633,D0087_020,275.88,300.96
S0_base,87,T0087_021,RIGID_9T,9000,34.0,21.0,0.85,KPM,12.8342,79.7036,CHN,13.0827,80.2707,12.772,18.816,5.662,D0087_021,84.22,105.28
S0_base,87,T0087_022,ARTIC_25T,25000,78.0,31.0,0.62,ONG,15.5057,80.0499,VJA,16.5062,80.648,9.381,18.149,3.538,D0087_022,160.39,200.48
S0_base,87,T0087_023,ARTIC_25T,25000,78.0,31.0,0.62,KGI,12.5186,78.2137,HSR,12.7409,77.8253,10.529,15.484,6.581,D0087_023,65.96,82.45
S0_base,87,T0087_024,RIGID_16T,16000,52.0,26.0,0.72,CTR,13.2172,79.1003,GMD,13.4084,80.1082,5.865,12.73,5.575,D0087_024,138.89,173.62
S0_base,87,T0087_025,RIGID_16T,16000,52.0,26.0,0.72,KRR,10.9601,78.0766,SLM,11.6643,78.146,6.649,11.68,6.934,D0087_025,98.34,122.92
S0_base,87,T0087_026,ARTIC_25T,25000,78.0,31.0,0.62,KGI,12.5186,78.2137,BID,12.7942,77.3854,5.941,13.344,4.931,D0087_026,118.68,148.35
S0_base,87,T0087_027,LCV_3T,3000,14.0,14.0,1.1,DPI,12.1211,78.1583,KGI,12.5186,78.2137,11.147,15.492,7.59,D0087_027,60.22,75.28
S0_base,87,T0087_028,ARTIC_25T,25000,78.0,31.0,0.62,TRP,11.1085,77.3411,KCH,9.9312,76.2673,10.642,18.493,3.931,D0087_028,219.8,239.78
S0_base,87,T0087_029,ARTIC_25T,25000,78.0,31.0,0.62,TRY,10.7905,78.7047,TNJ,10.787,79.1378,9.115,15.695,6.218,D0087_029,63.87,79.83
S0_base,88,T0088_000,RIGID_9T,9000,34.0,21.0,0.85,ERD,11.341,77.7172,PDY,11.9416,79.8083,13.67,22.718,2.591,D0088_000,280.04,305.5
S0_base,88,T0088_001,RIGID_16T,16000,52.0,26.0,0.72,BLR,12.9716,77.5946,CTR,13.2172,79.1003,6.015,12.338,5.097,D0088_001,206.68,225.47
S0_base,88,T0088_002,RIGID_16T,16000,52.0,26.0,0.72,BLR,12.9716,77.5946,TUM,13.3379,77.1173,12.012,17.562,5.67,D0088_002,82.25,102.82
S0_base,88,T0088_003,RIGID_16T,16000,52.0,26.0,0.72,VLR,12.9165,79.1325,ERD,11.341,77.7172,13.908,22.603,2.823,D0088_003,275.13,300.14
S0_base,88,T0088_004,LCV_3T,3000,14.0,14.0,1.1,GMD,13.4084,80.1082,SPB,12.9675,79.943,10.391,15.916,5.708,D0088_004,65.23,81.54
S0_base,88,T0088_005,RIGID_9T,9000,34.0,21.0,0.85,TPT,13.6288,79.4192,CHN,13.0827,80.2707,13.301,20.65,4.148,D0088_005,137.92,172.4
S0_base,88,T0088_006,ARTIC_25T,25000,78.0,31.0,0.62,ORG,12.81,79.95,CHN,13.0827,80.2707,11.167,16.229,6.467,D0088_006,62.27,77.83
S0_base,88,T0088_007,RIGID_9T,9000,34.0,21.0,0.85,ORG,12.81,79.95,GMD,13.4084,80.1082,7.418,13.055,5.753,D0088_007,85.89,107.36
S0_base,88,T0088_008,RIGID_9T,9000,34.0,21.0,0.85,NLR,14.4426,79.9865,SPB,12.9675,79.943,12.42,18.716,5.194,D0088_008,205.11,223.76
S0_base,88,T0088_009,RIGID_9T,9000,34.0,21.0,0.85,CBE,11.0168,76.9558,ERD,11.341,77.7172,7.57,15.44,4.536,D0088_009,113.18,141.47
S0_base,88,T0088_010,RIGID_9T,9000,34.0,21.0,0.85,ORG,12.81,79.95,CDL,11.748,79.7714,14.374,21.373,4.676,D0088_010,149.59,186.99
S0_base,88,T0088_011,ARTIC_25T,25000,78.0,31.0,0.62,TPT,13.6288,79.4192,ORG,12.81,79.95,11.325,18.398,5.618,D0088_011,134.58,168.22
S0_base,88,T0088_012,LCV_3T,3000,14.0,14.0,1.1,CHN,13.0827,80.2707,ORG,12.81,79.95,13.75,19.181,6.911,D0088_012,62.27,77.83
S0_base,88,T0088_013,RIGID_9T,9000,34.0,21.0,0.85,TPT,13.6288,79.4192,KPM,12.8342,79.7036,5.002,11.285,5.687,D0088_013,116.96,146.2
S0_base,88,T0088_014,LCV_3T,3000,14.0,14.0,1.1,SLM,11.6643,78.146,CBE,11.0168,76.9558,12.65,20.021,5.054,D0088_014,185.5,231.87
S0_base,88,T0088_015,RIGID_9T,9000,34.0,21.0,0.85,RNP,12.9249,79.3308,CHN,13.0827,80.2707,5.154,12.216,4.378,D0088_015,129.17,161.46
S0_base,88,T0088_016,RIGID_16T,16000,52.0,26.0,0.72,BID,12.7942,77.3854,TRP,11.1085,77.3411,9.526,17.022,4.269,D0088_016,234.38,255.69
S0_base,88,T0088_017,RIGID_16T,16000,52.0,26.0,0.72,CHN,13.0827,80.2707,KPM,12.8342,79.7036,14.923,22.21,5.101,D0088_017,84.22,105.28
S0_base,88,T0088_018,LCV_3T,3000,14.0,14.0,1.1,KGI,12.5186,78.2137,NLM,13.0996,77.3936,11.284,17.959,5.126,D0088_018,137.39,171.74
S0_base,88,T0088_019,RIGID_9T,9000,34.0,21.0,0.85,TRY,10.7905,78.7047,TTN,8.7642,78.1348,11.489,19.663,3.535,D0088_019,275.89,300.97
S0_base,88,T0088_020,RIGID_16T,16000,52.0,26.0,0.72,HSR,12.7409,77.8253,BID,12.7942,77.3854,10.446,17.042,5.817,D0088_020,64.9,81.12
S0_base,88,T0088_021,RIGID_9T,9000,34.0,21.0,0.85,NLR,14.4426,79.9865,ORG,12.81,79.95,7.278,14.977,4.803,D0088_021,226.97,247.61
S0_base,88,T0088_022,RIGID_9T,9000,34.0,21.0,0.85,TRY,10.7905,78.7047,NMK,11.2189,78.1674,5.144,10.163,7.015,D0088_022,94.44,118.05
S0_base,88,T0088_023,LCV_3T,3000,14.0,14.0,1.1,KRR,10.9601,78.0766,SLM,11.6643,78.146,10.598,16.823,4.987,D0088_023,98.34,122.92
S0_base,88,T0088_024,ARTIC_25T,25000,78.0,31.0,0.62,TPT,13.6288,79.4192,BLR,12.9716,77.5946,7.047,16.141,2.836,D0088_024,248.43,271.01
S0_base,88,T0088_025,RIGID_16T,16000,52.0,26.0,0.72,TPT,13.6288,79.4192,ORG,12.81,79.95,9.831,16.186,4.965,D0088_025,134.58,168.22
S0_base,88,T0088_026,RIGID_9T,9000,34.0,21.0,0.85,GMD,13.4084,80.1082,SPB,12.9675,79.943,12.611,18.933,5.678,D0088_026,65.23,81.54
S0_base,88,T0088_027,LCV_3T,3000,14.0,14.0,1.1,VLR,12.9165,79.1325,BID,12.7942,77.3854,5.579,13.246,3.991,D0088_027,237.36,258.94
S0_base,88,T0088_028,RIGID_9T,9000,34.0,21.0,0.85,VLR,12.9165,79.1325,SPB,12.9675,79.943,8.091,14.837,5.29,D0088_028,110.02,137.53
S0_base,88,T0088_029,RIGID_16T,16000,52.0,26.0,0.72,ERD,11.341,77.7172,CBE,11.0168,76.9558,9.698,15.471,5.752,D0088_029,113.18,141.47
S0_base,89,T0089_000,ARTIC_25T,25000,78.0,31.0,0.62,TPT,13.6288,79.4192,PDY,11.9416,79.8083,5.872,14.673,3.553,D0089_000,240.37,262.22
S0_base,89,T0089_001,ARTIC_25T,25000,78.0,31.0,0.62,VLR,12.9165,79.1325,KPM,12.8342,79.7036,9.884,15.436,6.689,D0089_001,78.22,97.78
S0_base,89,T0089_002,LCV_3T,3000,14.0,14.0,1.1,TPT,13.6288,79.4192,CHN,13.0827,80.2707,9.23,16.686,4.926,D0089_002,137.92,172.4
S0_base,89,T0089_003,RIGID_16T,16000,52.0,26.0,0.72,BLR,12.9716,77.5946,KGI,12.5186,78.2137,5.027,11.477,4.901,D0089_003,104.92,131.15
S0_base,89,T0089_004,RIGID_9T,9000,34.0,21.0,0.85,ORG,12.81,79.95,CHN,13.0827,80.2707,13.194,18.776,6.62,D0089_004,62.27,77.83
S0_base,89,T0089_005,LCV_3T,3000,14.0,14.0,1.1,DGL,10.3624,77.9695,MDU,9.9252,78.1198,5.537,12.183,5.843,D0089_005,64.15,80.19
S0_base,89,T0089_006,ARTIC_25T,25000,78.0,31.0,0.62,CDL,11.748,79.7714,RNP,12.9249,79.3308,5.587,12.077,4.806,D0089_006,174.18,217.72
S0_base,89,T0089_007,ARTIC_25T,25000,78.0,31.0,0.62,KGI,12.5186,78.2137,SPB,12.9675,79.943,5.753,14.618,3.374,D0089_007,242.6,264.66
S0_base,89,T0089_008,RIGID_9T,9000,34.0,21.0,0.85,SLM,11.6643,78.146,SPB,12.9675,79.943,10.001,18.735,3.325,D0089_008,286.88,312.96
S0_base,89,T0089_009,RIGID_9T,9000,34.0,21.0,0.85,TRY,10.7905,78.7047,NMK,11.2189,78.1674,12.403,18.342,6.376,D0089_009,94.44,118.05
S0_base,89,T0089_010,LCV_3T,3000,14.0,14.0,1.1,CBE,11.0168,76.9558,ERD,11.341,77.7172,9.491,15.754,5.666,D0089_010,113.18,141.47
S0_base,89,T0089_011,RIGID_9T,9000,34.0,21.0,0.85,KPM,12.8342,79.7036,TPT,13.6288,79.4192,7.383,14.308,4.416,D0089_011,116.96,146.2
S0_base,89,T0089_012,RIGID_9T,9000,34.0,21.0,0.85,ORG,12.81,79.95,CTR,13.2172,79.1003,8.087,14.89,5.242,D0089_012,128.24,160.29
S0_base,89,T0089_013,RIGID_16T,16000,52.0,26.0,0.72,ORG,12.81,79.95,CHN,13.0827,80.2707,5.826,11.394,6.85,D0089_013,62.27,77.83
S0_base,89,T0089_014,RIGID_16T,16000,52.0,26.0,0.72,SLM,11.6643,78.146,NLM,13.0996,77.3936,12.564,22.461,2.756,D0089_014,224.13,244.5
S0_base,89,T0089_015,RIGID_16T,16000,52.0,26.0,0.72,ORG,12.81,79.95,GMD,13.4084,80.1082,6.915,13.552,5.28,D0089_015,85.89,107.36
S0_base,89,T0089_016,RIGID_16T,16000,52.0,26.0,0.72,RNP,12.9249,79.3308,SPB,12.9675,79.943,14.437,18.898,7.07,D0089_016,83.14,103.93
S0_base,89,T0089_017,ARTIC_25T,25000,78.0,31.0,0.62,KGI,12.5186,78.2137,HSR,12.7409,77.8253,9.826,15.016,6.127,D0089_017,65.96,82.45
S0_base,89,T0089_018,RIGID_16T,16000,52.0,26.0,0.72,HSR,12.7409,77.8253,SPB,12.9675,79.943,9.863,19.594,2.631,D0089_018,272.53,297.3
S0_base,89,T0089_019,LCV_3T,3000,14.0,14.0,1.1,ORG,12.81,79.95,NLR,14.4426,79.9865,13.867,22.365,3.346,D0089_019,226.97,247.61
S0_base,89,T0089_020,RIGID_9T,9000,34.0,21.0,0.85,SPB,12.9675,79.943,SLM,11.6643,78.146,7.91,17.168,2.79,D0089_020,286.88,312.96
S0_base,89,T0089_021,RIGID_9T,9000,34.0,21.0,0.85,TNJ,10.787,79.1378,MDU,9.9252,78.1198,8.948,18.369,3.269,D0089_021,183.64,229.54
S0_base,89,T0089_022,RIGID_9T,9000,34.0,21.0,0.85,CTR,13.2172,79.1003,KGI,12.5186,78.2137,5.165,13.296,4.278,D0089_022,154.47,193.09
S0_base,89,T0089_023,RIGID_9T,9000,34.0,21.0,0.85,CBE,11.0168,76.9558,KCH,9.9312,76.2673,5.488,13.365,4.497,D0089_023,177.83,222.29
S0_base,89,T0089_024,RIGID_9T,9000,34.0,21.0,0.85,CBE,11.0168,76.9558,HSR,12.7409,77.8253,10.532,17.861,3.973,D0089_024,252.27,275.2
S0_base,89,T0089_025,RIGID_9T,9000,34.0,21.0,0.85,DGL,10.3624,77.9695,TRP,11.1085,77.3411,14.427,20.735,5.679,D0089_025,134.6,168.26
S0_base,89,T0089_026,LCV_3T,3000,14.0,14.0,1.1,CTR,13.2172,79.1003,GMD,13.4084,80.1082,8.306,13.533,5.976,D0089_026,138.89,173.62
S0_base,89,T0089_027,RIGID_16T,16000,52.0,26.0,0.72,MDU,9.9252,78.1198,SLM,11.6643,78.146,7.568,14.336,4.596,D0089_027,241.75,263.73
S0_base,89,T0089_028,LCV_3T,3000,14.0,14.0,1.1,BID,12.7942,77.3854,KGI,12.5186,78.2137,11.801,18.619,5.652,D0089_028,118.68,148.35
S0_base,89,T0089_029,ARTIC_25T,25000,78.0,31.0,0.62,BID,12.7942,77.3854,KGI,12.5186,78.2137,5.557,10.845,6.203,D0089_029,118.68,148.35
S0_base,90,T0090_000,RIGID_9T,9000,34.0,21.0,0.85,VLR,12.9165,79.1325,BLR,12.9716,77.5946,6.913,14.955,3.169,D0090_000,208.47,227.42
S0_base,90,T0090_001,ARTIC_25T,25000,78.0,31.0,0.62,SLM,11.6643,78.146,RNP,12.9249,79.3308,11.033,19.82,3.808,D0090_001,237.88,259.51
S0_base,90,T0090_002,RIGID_16T,16000,52.0,26.0,0.72,VLR,12.9165,79.1325,ORG,12.81,79.95,7.839,13.629,6.034,D0090_002,111.76,139.7
S0_base,90,T0090_003,LCV_3T,3000,14.0,14.0,1.1,BLR,12.9716,77.5946,KGI,12.5186,78.2137,11.902,19.485,4.837,D0090_003,104.92,131.15
S0_base,90,T0090_004,RIGID_9T,9000,34.0,21.0,0.85,NMK,11.2189,78.1674,DPI,12.1211,78.1583,14.186,20.531,5.496,D0090_004,125.41,156.76
S0_base,90,T0090_005,RIGID_16T,16000,52.0,26.0,0.72,CHN,13.0827,80.2707,KPM,12.8342,79.7036,6.514,12.48,6.33,D0090_005,84.22,105.28
S0_base,90,T0090_006,RIGID_16T,16000,52.0,26.0,0.72,NLR,14.4426,79.9865,GMD,13.4084,80.1082,8.009,15.637,3.926,D0090_006,144.68,180.85
S0_base,90,T0090_007,RIGID_9T,9000,34.0,21.0,0.85,SLM,11.6643,78.146,RNP,12.9249,79.3308,8.313,15.956,4.27,D0090_007,237.88,259.51
S0_base,90,T0090_008,RIGID_9T,9000,34.0,21.0,0.85,VLR,12.9165,79.1325,ORG,12.81,79.95,11.503,18.584,5.231,D0090_008,111.76,139.7
S0_base,90,T0090_009,ARTIC_25T,25000,78.0,31.0,0.62,VLR,12.9165,79.1325,SPB,12.9675,79.943,5.552,11.63,6.642,D0090_009,110.02,137.53
S0_base,90,T0090_010,LCV_3T,3000,14.0,14.0,1.1,KRR,10.9601,78.0766,TRP,11.1085,77.3411,10.581,17.222,5.921,D0090_010,102.44,128.05
S0_base,90,T0090_011,ARTIC_25T,25000,78.0,31.0,0.62,KRR,10.9601,78.0766,CBE,11.0168,76.9558,12.583,19.484,5.653,D0090_011,153.13,191.41
S0_base,90,T0090_012,ARTIC_25T,25000,78.0,31.0,0.62,TRP,11.1085,77.3411,SLM,11.6643,78.146,6.699,13.73,5.284,D0090_012,134.15,167.69
S0_base,90,T0090_013,RIGID_16T,16000,52.0,26.0,0.72,VLR,12.9165,79.1325,SPB,12.9675,79.943,7.894,14.63,5.838,D0090_013,110.02,137.53
S0_base,90,T0090_014,RIGID_9T,9000,34.0,21.0,0.85,KGI,12.5186,78.2137,BLR,12.9716,77.5946,6.166,12.133,5.383,D0090_014,104.92,131.15
S0_base,90,T0090_015,RIGID_16T,16000,52.0,26.0,0.72,CTR,13.2172,79.1003,KPM,12.8342,79.7036,9.046,14.139,6.354,D0090_015,97.51,121.89
S0_base,90,T0090_016,LCV_3T,3000,14.0,14.0,1.1,TPT,13.6288,79.4192,NLM,13.0996,77.3936,13.237,22.541,3.246,D0090_016,267.74,292.08
S0_base,90,T0090_017,RIGID_9T,9000,34.0,21.0,0.85,TRP,11.1085,77.3411,TRY,10.7905,78.7047,10.57,19.437,3.31,D0090_017,191.26,239.07
S0_base,90,T0090_018,ARTIC_25T,25000,78.0,31.0,0.62,VLR,12.9165,79.1325,GMD,13.4084,80.1082,8.124,15.192,4.983,D0090_018,148.7,185.88
S0_base,90,T0090_019,RIGID_16T,16000,52.0,26.0,0.72,ORG,12.81,79.95,CHN,13.0827,80.2707,5.966,11.061,6.588,D0090_019,62.27,77.83
S0_base,90,T0090_020,LCV_3T,3000,14.0,14.0,1.1,DPI,12.1211,78.1583,BID,12.7942,77.3854,9.369,15.902,5.01,D0090_020,140.56,175.7
S0_base,90,T0090_021,ARTIC_25T,25000,78.0,31.0,0.62,VLR,12.9165,79.1325,KPM,12.8342,79.7036,10.076,15.946,5.541,D0090_021,78.22,97.78
S0_base,90,T0090_022,RIGID_16T,16000,52.0,26.0,0.72,TRY,10.7905,78.7047,TNJ,10.787,79.1378,7.87,13.741,5.936,D0090_022,63.87,79.83
S0_base,90,T0090_023,ARTIC_25T,25000,78.0,31.0,0.62,KGI,12.5186,78.2137,CBE,11.0168,76.9558,7.441,17.057,2.311,D0090_023,254.82,277.99
S0_base,90,T0090_024,RIGID_9T,9000,34.0,21.0,0.85,TNJ,10.787,79.1378,PDY,11.9416,79.8083,9.881,18.388,3.171,D0090_024,184.67,230.84
S0_base,90,T0090_025,LCV_3T,3000,14.0,14.0,1.1,BLR,12.9716,77.5946,ORG,12.81,79.95,5.271,15.275,1.483,D0090_025,302.01,329.46
S0_base,90,T0090_026,RIGID_9T,9000,34.0,21.0,0.85,TPT,13.6288,79.4192,CHN,13.0827,80.2707,13.329,20.254,5.725,D0090_026,137.92,172.4
S0_base,90,T0090_027,RIGID_16T,16000,52.0,26.0,0.72,DGL,10.3624,77.9695,CDL,11.748,79.7714,12.125,21.303,3.279,D0090_027,294.78,321.57
S0_base,90,T0090_028,RIGID_16T,16000,52.0,26.0,0.72,MYS,12.2958,76.6394,BLR,12.9716,77.5946,10.946,18.857,4.845,D0090_028,160.02,200.03
S0_base,90,T0090_029,RIGID_16T,16000,52.0,26.0,0.72,SLM,11.6643,78.146,SPB,12.9675,79.943,5.005,15.815,1.752,D0090_029,286.88,312.96
S0_base,91,T0091_000,LCV_3T,3000,14.0,14.0,1.1,TPT,13.6288,79.4192,ORG,12.81,79.95,6.841,15.172,4.039,D0091_000,134.58,168.22
S0_base,91,T0091_001,LCV_3T,3000,14.0,14.0,1.1,KRR,10.9601,78.0766,MDU,9.9252,78.1198,7.205,15.062,4.673,D0091_001,143.97,179.96
S0_base,91,T0091_002,ARTIC_25T,25000,78.0,31.0,0.62,TPT,13.6288,79.4192,KGI,12.5186,78.2137,11.157,18.86,4.11,D0091_002,224.61,245.03
S0_base,91,T0091_003,ARTIC_25T,25000,78.0,31.0,0.62,RNP,12.9249,79.3308,SPB,12.9675,79.943,12.291,19.257,5.736,D0091_003,83.14,103.93
S0_base,91,T0091_004,RIGID_16T,16000,52.0,26.0,0.72,NMK,11.2189,78.1674,TRP,11.1085,77.3411,7.735,14.266,6.236,D0091_004,113.72,142.15
S0_base,91,T0091_005,RIGID_9T,9000,34.0,21.0,0.85,ORG,12.81,79.95,CHN,13.0827,80.2707,12.73,17.109,6.974,D0091_005,62.27,77.83
S0_base,91,T0091_006,RIGID_9T,9000,34.0,21.0,0.85,CTR,13.2172,79.1003,ORG,12.81,79.95,11.635,18.532,5.066,D0091_006,128.24,160.29
S0_base,91,T0091_007,RIGID_9T,9000,34.0,21.0,0.85,CDL,11.748,79.7714,CHN,13.0827,80.2707,14.57,23.528,2.777,D0091_007,197.51,246.88
S0_base,91,T0091_008,ARTIC_25T,25000,78.0,31.0,0.62,VLR,12.9165,79.1325,CHN,13.0827,80.2707,14.764,21.575,4.961,D0091_008,155.87,194.84
S0_base,91,T0091_009,RIGID_9T,9000,34.0,21.0,0.85,GMD,13.4084,80.1082,RNP,12.9249,79.3308,7.834,15.282,5.001,D0091_009,124.84,156.06
S0_base,91,T0091_010,RIGID_16T,16000,52.0,26.0,0.72,TPT,13.6288,79.4192,ORG,12.81,79.95,5.443,11.262,5.659,D0091_010,134.58,168.22
S0_base,91,T0091_011,RIGID_9T,9000,34.0,21.0,0.85,DPI,12.1211,78.1583,PDY,11.9416,79.8083,7.128,15.574,3.748,D0091_011,225.68,246.2
S0_base,91,T0091_012,ARTIC_25T,25000,78.0,31.0,0.62,ERD,11.341,77.7172,TRP,11.1085,77.3411,14.953,20.422,6.226,D0091_012,65.46,81.82
S0_base,91,T0091_013,ARTIC_25T,25000,78.0,31.0,0.62,TNJ,10.787,79.1378,KRR,10.9601,78.0766,8.753,15.39,5.307,D0091_013,146.84,183.55
S0_base,91,T0091_014,RIGID_9T,9000,34.0,21.0,0.85,KGI,12.5186,78.2137,DPI,12.1211,78.1583,13.601,18.415,6.508,D0091_014,60.22,75.28
S0_base,91,T0091_015,LCV_3T,3000,14.0,14.0,1.1,DPI,12.1211,78.1583,GMD,13.4084,80.1082,6.75,17.115,1.448,D0091_015,301.31,328.7
S0_base,91,T0091_016,RIGID_9T,9000,34.0,21.0,0.85,BLR,12.9716,77.5946,SPB,12.9675,79.943,14.919,23.794,2.718,D0091_016,300.27,327.57
S0_base,91,T0091_017,RIGID_16T,16000,52.0,26.0,0.72,KPM,12.8342,79.7036,CHN,13.0827,80.2707,8.104,14.17,6.036,D0091_017,84.22,105.28
S0_base,91,T0091_018,RIGID_9T,9000,34.0,21.0,0.85,TNJ,10.787,79.1378,TTN,8.7642,78.1348,8.521,16.557,3.564,D0091_018,295.4,322.26
S0_base,91,T0091_019,RIGID_16T,16000,52.0,26.0,0.72,HSR,12.7409,77.8253,CDL,11.748,79.7714,12.414,21.405,3.695,D0091_019,281.5,307.09
S0_base,91,T0091_020,RIGID_16T,16000,52.0,26.0,0.72,CTR,13.2172,79.1003,SPB,12.9675,79.943,9.351,15.999,5.448,D0091_020,119.25,149.06
S0_base,91,T0091_021,RIGID_16T,16000,52.0,26.0,0.72,KGI,12.5186,78.2137,RNP,12.9249,79.3308,5.795,12.87,4.936,D0091_021,161.64,202.05
S0_base,91,T0091_022,ARTIC_25T,25000,78.0,31.0,0.62,VLR,12.9165,79.1325,KPM,12.8342,79.7036,9.411,15.478,5.496,D0091_022,78.22,97.78
S0_base,91,T0091_023,RIGID_9T,9000,34.0,21.0,0.85,BLR,12.9716,77.5946,TPT,13.6288,79.4192,12.963,21.286,3.748,D0091_023,248.43,271.01
S0_base,91,T0091_024,LCV_3T,3000,14.0,14.0,1.1,TRP,11.1085,77.3411,ERD,11.341,77.7172,9.675,14.339,7.537,D0091_024,65.46,81.82
S0_base,91,T0091_025,RIGID_9T,9000,34.0,21.0,0.85,CTR,13.2172,79.1003,NLM,13.0996,77.3936,6.883,15.045,4.461,D0091_025,231.57,252.62
S0_base,91,T0091_026,LCV_3T,3000,14.0,14.0,1.1,TRY,10.7905,78.7047,TTN,8.7642,78.1348,6.662,16.698,2.092,D0091_026,275.89,300.97
S0_base,91,T0091_027,RIGID_16T,16000,52.0,26.0,0.72,VLR,12.9165,79.1325,KPM,12.8342,79.7036,8.369,14.81,5.457,D0091_027,78.22,97.78
S0_base,91,T0091_028,LCV_3T,3000,14.0,14.0,1.1,HSR,12.7409,77.8253,ORG,12.81,79.95,5.764,14.99,3.166,D0091_028,272.03,296.76
S0_base,91,T0091_029,RIGID_9T,9000,34.0,21.0,0.85,ERD,11.341,77.7172,KGI,12.5186,78.2137,11.947,19.021,5.062,D0091_029,177.06,221.32
S0_base,92,T0092_000,ARTIC_25T,25000,78.0,31.0,0.62,SLM,11.6643,78.146,NMK,11.2189,78.1674,8.665,13.566,7.556,D0092_000,66.93,83.67
S0_base,92,T0092_001,RIGID_16T,16000,52.0,26.0,0.72,ERD,11.341,77.7172,KCH,9.9312,76.2673,13.074,22.902,2.189,D0092_001,263.01,286.92
S0_base,92,T0092_002,RIGID_16T,16000,52.0,26.0,0.72,NMK,11.2189,78.1674,VLR,12.9165,79.1325,11.428,19.727,4.224,D0092_002,254.85,278.02
S0_base,92,T0092_003,RIGID_9T,9000,34.0,21.0,0.85,HSR,12.7409,77.8253,DPI,12.1211,78.1583,5.804,12.475,5.932,D0092_003,97.29,121.61
S0_base,92,T0092_004,RIGID_9T,9000,34.0,21.0,0.85,HSR,12.7409,77.8253,CDL,11.748,79.7714,6.674,15.774,2.283,D0092_004,281.5,307.09
S0_base,92,T0092_005,RIGID_16T,16000,52.0,26.0,0.72,TRP,11.1085,77.3411,ERD,11.341,77.7172,12.947,17.253,6.924,D0092_005,65.46,81.82
S0_base,92,T0092_006,LCV_3T,3000,14.0,14.0,1.1,VLR,12.9165,79.1325,CHN,13.0827,80.2707,13.664,20.61,5.744,D0092_006,155.87,194.84
S0_base,92,T0092_007,RIGID_16T,16000,52.0,26.0,0.72,SLM,11.6643,78.146,HSR,12.7409,77.8253,5.753,13.09,4.547,D0092_007,155.85,194.82
S0_base,92,T0092_008,ARTIC_25T,25000,78.0,31.0,0.62,TRP,11.1085,77.3411,ERD,11.341,77.7172,5.756,12.824,5.519,D0092_008,65.46,81.82
S0_base,92,T0092_009,LCV_3T,3000,14.0,14.0,1.1,KCH,9.9312,76.2673,TTN,8.7642,78.1348,8.518,17.751,3.447,D0092_009,286.19,312.2
S0_base,92,T0092_010,RIGID_16T,16000,52.0,26.0,0.72,NGC,8.1833,77.4119,TTN,8.7642,78.1348,5.221,12.435,4.584,D0092_010,128.05,160.06
S0_base,92,T0092_011,ARTIC_25T,25000,78.0,31.0,0.62,CHN,13.0827,80.2707,KPM,12.8342,79.7036,9.448,14.922,6.972,D0092_011,84.22,105.28
S0_base,92,T0092_012,LCV_3T,3000,14.0,14.0,1.1,DGL,10.3624,77.9695,TRP,11.1085,77.3411,9.985,17.363,4.305,D0092_012,134.6,168.26
S0_base,92,T0092_013,RIGID_16T,16000,52.0,26.0,0.72,ERD,11.341,77.7172,SLM,11.6643,78.146,8.698,14.119,6.216,D0092_013,73.69,92.11
S0_base,92,T0092_014,RIGID_16T,16000,52.0,26.0,0.72,TRY,10.7905,78.7047,TNJ,10.787,79.1378,8.544,14.497,6.536,D0092_014,63.87,79.83
S0_base,92,T0092_015,RIGID_9T,9000,34.0,21.0,0.85,MYS,12.2958,76.6394,TUM,13.3379,77.1173,8.423,15.482,4.84,D0092_015,158.67,198.33
S0_base,92,T0092_016,RIGID_16T,16000,52.0,26.0,0.72,ERD,11.341,77.7172,SLM,11.6643,78.146,10.119,15.866,6.187,D0092_016,73.69,92.11
S0_base,92,T0092_017,ARTIC_25T,25000,78.0,31.0,0.62,TPT,13.6288,79.4192,ORG,12.81,79.95,7.707,13.605,5.368,D0092_017,134.58,168.22
S0_base,92,T0092_018,RIGID_9T,9000,34.0,21.0,0.85,MDU,9.9252,78.1198,DGL,10.3624,77.9695,14.761,20.163,5.917,D0092_018,64.15,80.19
S0_base,92,T0092_019,ARTIC_25T,25000,78.0,31.0,0.62,TRP,11.1085,77.3411,SLM,11.6643,78.146,10.634,18.886,4.225,D0092_019,134.15,167.69
S0_base,92,T0092_020,LCV_3T,3000,14.0,14.0,1.1,SLM,11.6643,78.146,TRP,11.1085,77.3411,14.156,21.401,4.275,D0092_020,134.15,167.69
S0_base,92,T0092_021,ARTIC_25T,25000,78.0,31.0,0.62,TPT,13.6288,79.4192,RNP,12.9249,79.3308,9.322,16.558,5.507,D0092_021,98.57,123.21
S0_base,92,T0092_022,RIGID_9T,9000,34.0,21.0,0.85,SLM,11.6643,78.146,KPM,12.8342,79.7036,5.821,15.031,3.451,D0092_022,251.89,274.79
S0_base,92,T0092_023,RIGID_9T,9000,34.0,21.0,0.85,CHN,13.0827,80.2707,ORG,12.81,79.95,13.347,18.061,6.542,D0092_023,62.27,77.83
S0_base,92,T0092_024,RIGID_16T,16000,52.0,26.0,0.72,ORG,12.81,79.95,RNP,12.9249,79.3308,11.703,16.714,6.277,D0092_024,85.41,106.76
S0_base,92,T0092_025,LCV_3T,3000,14.0,14.0,1.1,VLR,12.9165,79.1325,BID,12.7942,77.3854,6.798,13.853,4.401,D0092_025,237.36,258.94
S0_base,92,T0092_026,RIGID_9T,9000,34.0,21.0,0.85,KGI,12.5186,78.2137,NMK,11.2189,78.1674,12.291,20.047,3.912,D0092_026,180.76,225.95
S0_base,92,T0092_027,ARTIC_25T,25000,78.0,31.0,0.62,VLR,12.9165,79.1325,ORG,12.81,79.95,14.147,20.535,5.083,D0092_027,111.76,139.7
S0_base,92,T0092_028,LCV_3T,3000,14.0,14.0,1.1,MDU,9.9252,78.1198,TTN,8.7642,78.1348,14.074,21.415,4.566,D0092_028,161.38,201.73
S0_base,92,T0092_029,RIGID_9T,9000,34.0,21.0,0.85,HSR,12.7409,77.8253,TUM,13.3379,77.1173,13.722,21.269,4.996,D0092_029,126.79,158.49
S0_base,93,T0093_000,LCV_3T,3000,14.0,14.0,1.1,NMK,11.2189,78.1674,RNP,12.9249,79.3308,6.778,14.6,4.053,D0093_000,269.05,293.51
S0_base,93,T0093_001,RIGID_16T,16000,52.0,26.0,0.72,TUM,13.3379,77.1173,MLR,12.9141,74.856,8.125,17.384,2.688,D0093_001,294.25,321.0
S0_base,93,T0093_002,RIGID_9T,9000,34.0,21.0,0.85,VLR,12.9165,79.1325,SPB,12.9675,79.943,11.267,17.792,6.173,D0093_002,110.02,137.53
S0_base,93,T0093_003,RIGID_16T,16000,52.0,26.0,0.72,NLM,13.0996,77.3936,VLR,12.9165,79.1325,8.624,16.14,4.214,D0093_003,236.86,258.4
S0_base,93,T0093_004,RIGID_16T,16000,52.0,26.0,0.72,TNJ,10.787,79.1378,TTN,8.7642,78.1348,6.572,15.852,3.518,D0093_004,295.4,322.26
S0_base,93,T0093_005,RIGID_9T,9000,34.0,21.0,0.85,TRY,10.7905,78.7047,CDL,11.748,79.7714,14.658,22.539,3.83,D0093_005,197.12,246.39
S0_base,93,T0093_006,ARTIC_25T,25000,78.0,31.0,0.62,CBE,11.0168,76.9558,BID,12.7942,77.3854,7.359,16.309,3.689,D0093_006,239.65,261.43
S0_base,93,T0093_007,RIGID_16T,16000,52.0,26.0,0.72,SLM,11.6643,78.146,BLR,12.9716,77.5946,11.406,20.758,2.844,D0093_007,196.53,245.66
S0_base,93,T0093_008,ARTIC_25T,25000,78.0,31.0,0.62,GMD,13.4084,80.1082,ORG,12.81,79.95,12.376,18.654,6.045,D0093_008,85.89,107.36
S0_base,93,T0093_009,ARTIC_25T,25000,78.0,31.0,0.62,VLR,12.9165,79.1325,SPB,12.9675,79.943,14.609,20.761,5.283,D0093_009,110.02,137.53
S0_base,93,T0093_010,ARTIC_25T,25000,78.0,31.0,0.62,CBE,11.0168,76.9558,TRY,10.7905,78.7047,14.187,23.308,3.155,D0093_010,240.76,262.65
S0_base,93,T0093_011,LCV_3T,3000,14.0,14.0,1.1,BLR,12.9716,77.5946,KRR,10.9601,78.0766,7.13,15.929,3.934,D0093_011,271.08,295.73
S0_base,93,T0093_012,RIGID_9T,9000,34.0,21.0,0.85,MDU,9.9252,78.1198,DGL,10.3624,77.9695,9.219,14.326,6.923,D0093_012,64.15,80.19
S0_base,93,T0093_013,RIGID_16T,16000,52.0,26.0,0.72,CTR,13.2172,79.1003,PDY,11.9416,79.8083,11.201,19.351,3.733,D0093_013,201.64,219.97
S0_base,93,T0093_014,LCV_3T,3000,14.0,14.0,1.1,SLM,11.6643,78.146,DGL,10.3624,77.9695,13.951,21.534,4.412,D0093_014,182.55,228.19
S0_base,93,T0093_015,LCV_3T,3000,14.0,14.0,1.1,CBE,11.0168,76.9558,NLM,13.0996,77.3936,10.507,19.973,3.132,D0093_015,279.0,304.36
S0_base,93,T0093_016,RIGID_16T,16000,52.0,26.0,0.72,VLR,12.9165,79.1325,CDL,11.748,79.7714,8.107,15.915,3.429,D0093_016,184.13,230.16
S0_base,93,T0093_017,ARTIC_25T,25000,78.0,31.0,0.62,NLR,14.4426,79.9865,TPT,13.6288,79.4192,8.896,16.364,5.235,D0093_017,136.55,170.69
S0_base,93,T0093_018,RIGID_9T,9000,34.0,21.0,0.85,ONG,15.5057,80.0499,VJA,16.5062,80.648,9.376,17.812,4.333,D0093_018,160.39,200.48
S0_base,93,T0093_019,RIGID_9T,9000,34.0,21.0,0.85,NMK,11.2189,78.1674,TRP,11.1085,77.3411,11.205,17.448,5.533,D0093_019,113.72,142.15
S0_base,93,T0093_020,RIGID_16T,16000,52.0,26.0,0.72,TRP,11.1085,77.3411,ERD,11.341,77.7172,9.445,16.675,5.537,D0093_020,65.46,81.82
S0_base,93,T0093_021,RIGID_9T,9000,34.0,21.0,0.85,CBE,11.0168,76.9558,NMK,11.2189,78.1674,10.128,17.021,5.465,D0093_021,167.61,209.52
S0_base,93,T0093_022,RIGID_16T,16000,52.0,26.0,0.72,KGI,12.5186,78.2137,HSR,12.7409,77.8253,5.271,11.543,5.779,D0093_022,65.96,82.45
S0_base,93,T0093_023,RIGID_9T,9000,34.0,21.0,0.85,NLR,14.4426,79.9865,ORG,12.81,79.95,10.705,19.162,2.954,D0093_023,226.97,247.61
S0_base,93,T0093_024,RIGID_9T,9000,34.0,21.0,0.85,ONG,15.5057,80.0499,VJA,16.5062,80.648,13.477,20.47,5.095,D0093_024,160.39,200.48
S0_base,93,T0093_025,RIGID_16T,16000,52.0,26.0,0.72,TNJ,10.787,79.1378,TRY,10.7905,78.7047,8.123,13.585,6.824,D0093_025,63.87,79.83
S0_base,93,T0093_026,ARTIC_25T,25000,78.0,31.0,0.62,BID,12.7942,77.3854,HSR,12.7409,77.8253,5.262,10.469,6.359,D0093_026,64.9,81.12
S0_base,93,T0093_027,RIGID_9T,9000,34.0,21.0,0.85,DPI,12.1211,78.1583,BLR,12.9716,77.5946,5.623,13.439,4.836,D0093_027,140.8,176.0
S0_base,93,T0093_028,RIGID_9T,9000,34.0,21.0,0.85,HSR,12.7409,77.8253,VLR,12.9165,79.1325,9.61,17.032,4.292,D0093_028,178.83,223.54
S0_base,93,T0093_029,ARTIC_25T,25000,78.0,31.0,0.62,NLM,13.0996,77.3936,HSR,12.7409,77.8253,14.299,19.819,6.189,D0093_029,76.85,96.06
S0_base,94,T0094_000,RIGID_9T,9000,34.0,21.0,0.85,ORG,12.81,79.95,RNP,12.9249,79.3308,7.026,12.315,6.071,D0094_000,85.41,106.76
S0_base,94,T0094_001,RIGID_9T,9000,34.0,21.0,0.85,SLM,11.6643,78.146,TUM,13.3379,77.1173,9.428,17.41,4.12,D0094_001,256.1,279.38
S0_base,94,T0094_002,RIGID_16T,16000,52.0,26.0,0.72,ONG,15.5057,80.0499,VJA,16.5062,80.648,5.758,12.732,4.865,D0094_002,160.39,200.48
S0_base,94,T0094_003,RIGID_9T,9000,34.0,21.0,0.85,GMD,13.4084,80.1082,SPB,12.9675,79.943,9.79,14.293,7.025,D0094_003,65.23,81.54
S0_base,94,T0094_004,LCV_3T,3000,14.0,14.0,1.1,BID,12.7942,77.3854,KGI,12.5186,78.2137,10.74,17.741,5.742,D0094_004,118.68,148.35
S0_base,94,T0094_005,LCV_3T,3000,14.0,14.0,1.1,ONG,15.5057,80.0499,GMD,13.4084,80.1082,10.794,20.035,2.251,D0094_005,275.29,300.31
S0_base,94,T0094_006,ARTIC_25T,25000,78.0,31.0,0.62,ONG,15.5057,80.0499,GNT,16.3067,80.4365,14.757,20.543,5.648,D0094_006,122.74,153.43
S0_base,94,T0094_007,ARTIC_25T,25000,78.0,31.0,0.62,VLR,12.9165,79.1325,GMD,13.4084,80.1082,14.565,22.321,3.871,D0094_007,148.7,185.88
S0_base,94,T0094_008,RIGID_9T,9000,34.0,21.0,0.85,CHN,13.0827,80.2707,ORG,12.81,79.95,9.357,15.73,6.054,D0094_008,62.27,77.83
S0_base,94,T0094_009,RIGID_9T,9000,34.0,21.0,0.85,CHN,13.0827,80.2707,TPT,13.6288,79.4192,13.433,19.688,5.773,D0094_009,137.92,172.4
S0_base,94,T0094_010,LCV_3T,3000,14.0,14.0,1.1,BID,12.7942,77.3854,TUM,13.3379,77.1173,7.307,12.263,7.154,D0094_010,83.84,104.8
S0_base,94,T0094_011,LCV_3T,3000,14.0,14.0,1.1,CTR,13.2172,79.1003,CHN,13.0827,80.2707,8.67,16.258,3.884,D0094_011,159.51,199.39
S0_base,94,T0094_012,RIGID_16T,16000,52.0,26.0,0.72,HSR,12.7409,77.8253,ERD,11.341,77.7172,14.715,23.33,2.779,D0094_012,195.13,243.91
S0_base,94,T0094_013,ARTIC_25T,25000,78.0,31.0,0.62,CTR,13.2172,79.1003,GMD,13.4084,80.1082,10.054,17.812,4.853,D0094_013,138.89,173.62
S0_base,94,T0094_014,RIGID_9T,9000,34.0,21.0,0.85,NLR,14.4426,79.9865,GMD,13.4084,80.1082,8.665,16.586,4.135,D0094_014,144.68,180.85
S0_base,94,T0094_015,LCV_3T,3000,14.0,14.0,1.1,HSR,12.7409,77.8253,TPT,13.6288,79.4192,7.632,16.592,2.663,D0094_015,248.51,271.1
S0_base,94,T0094_016,ARTIC_25T,25000,78.0,31.0,0.62,ERD,11.341,77.7172,TRP,11.1085,77.3411,12.025,18.401,6.206,D0094_016,65.46,81.82
S0_base,94,T0094_017,LCV_3T,3000,14.0,14.0,1.1,VLR,12.9165,79.1325,KPM,12.8342,79.7036,12.41,17.435,6.344,D0094_017,78.22,97.78
S0_base,94,T0094_018,RIGID_9T,9000,34.0,21.0,0.85,CTR,13.2172,79.1003,KPM,12.8342,79.7036,11.795,18.584,5.366,D0094_018,97.51,121.89
S0_base,94,T0094_019,RIGID_16T,16000,52.0,26.0,0.72,TRY,10.7905,78.7047,KGI,12.5186,78.2137,8.808,17.889,3.48,D0094_019,249.32,271.99
S0_base,94,T0094_020,RIGID_9T,9000,34.0,21.0,0.85,CTR,13.2172,79.1003,ORG,12.81,79.95,5.451,12.851,4.639,D0094_020,128.24,160.29
S0_base,94,T0094_021,ARTIC_25T,25000,78.0,31.0,0.62,RNP,12.9249,79.3308,TPT,13.6288,79.4192,7.033,14.687,4.803,D0094_021,98.57,123.21
S0_base,94,T0094_022,LCV_3T,3000,14.0,14.0,1.1,KGI,12.5186,78.2137,KPM,12.8342,79.7036,6.893,14.695,4.806,D0094_022,206.75,225.54
S0_base,94,T0094_023,LCV_3T,3000,14.0,14.0,1.1,TRY,10.7905,78.7047,NMK,11.2189,78.1674,14.134,20.529,5.909,D0094_023,94.44,118.05
S0_base,94,T0094_024,RIGID_16T,16000,52.0,26.0,0.72,SLM,11.6643,78.146,ORG,12.81,79.95,14.792,24.406,2.839,D0094_024,275.88,300.96
S0_base,94,T0094_025,RIGID_9T,9000,34.0,21.0,0.85,SPB,12.9675,79.943,RNP,12.9249,79.3308,9.694,15.717,6.573,D0094_025,83.14,103.93
S0_base,94,T0094_026,RIGID_9T,9000,34.0,21.0,0.85,CHN,13.0827,80.2707,ORG,12.81,79.95,9.499,14.777,6.242,D0094_026,62.27,77.83
S0_base,94,T0094_027,LCV_3T,3000,14.0,14.0,1.1,CHN,13.0827,80.2707,ORG,12.81,79.95,6.69,13.423,5.557,D0094_027,62.27,77.83
S0_base,94,T0094_028,RIGID_9T,9000,34.0,21.0,0.85,NLR,14.4426,79.9865,GMD,13.4084,80.1082,13.455,19.766,5.953,D0094_028,144.68,180.85
S0_base,94,T0094_029,RIGID_16T,16000,52.0,26.0,0.72,KGI,12.5186,78.2137,NMK,11.2189,78.1674,10.784,18.401,3.987,D0094_029,180.76,225.95
S0_base,95,T0095_000,RIGID_9T,9000,34.0,21.0,0.85,BLR,12.9716,77.5946,RNP,12.9249,79.3308,12.384,20.151,3.942,D0095_000,235.27,256.66
S0_base,95,T0095_001,RIGID_9T,9000,34.0,21.0,0.85,SLM,11.6643,78.146,KPM,12.8342,79.7036,7.062,15.184,3.837,D0095_001,251.89,274.79
S0_base,95,T0095_002,RIGID_9T,9000,34.0,21.0,0.85,BLR,12.9716,77.5946,CTR,13.2172,79.1003,8.028,15.746,4.885,D0095_002,206.68,225.47
S0_base,95,T0095_003,RIGID_9T,9000,34.0,21.0,0.85,SPB,12.9675,79.943,PDY,11.9416,79.8083,5.974,13.65,3.831,D0095_003,143.76,179.7
S0_base,95,T0095_004,LCV_3T,3000,14.0,14.0,1.1,VLR,12.9165,79.1325,SPB,12.9675,79.943,6.2,13.139,5.204,D0095_004,110.02,137.53
S0_base,95,T0095_005,RIGID_9T,9000,34.0,21.0,0.85,TRY,10.7905,78.7047,NMK,11.2189,78.1674,10.239,14.763,6.756,D0095_005,94.44,118.05
S0_base,95,T0095_006,LCV_3T,3000,14.0,14.0,1.1,TPT,13.6288,79.4192,KPM,12.8342,79.7036,9.118,17.089,4.489,D0095_006,116.96,146.2
S0_base,95,T0095_007,LCV_3T,3000,14.0,14.0,1.1,ORG,12.81,79.95,GMD,13.4084,80.1082,10.27,15.336,6.485,D0095_007,85.89,107.36
S0_base,95,T0095_008,RIGID_9T,9000,34.0,21.0,0.85,VLR,12.9165,79.1325,BLR,12.9716,77.5946,11.121,19.188,3.941,D0095_008,208.47,227.42
S0_base,95,T0095_009,RIGID_9T,9000,34.0,21.0,0.85,VLR,12.9165,79.1325,SPB,12.9675,79.943,8.189,14.121,6.443,D0095_009,110.02,137.53
S0_base,95,T0095_010,RIGID_9T,9000,34.0,21.0,0.85,NLM,13.0996,77.3936,RNP,12.9249,79.3308,7.954,17.099,2.647,D0095_010,248.71,271.32
S0_base,95,T0095_011,RIGID_9T,9000,34.0,21.0,0.85,ERD,11.341,77.7172,TRP,11.1085,77.3411,13.328,18.918,6.677,D0095_011,65.46,81.82
S0_base,95,T0095_012,RIGID_9T,9000,34.0,21.0,0.85,GMD,13.4084,80.1082,SPB,12.9675,79.943,13.849,18.573,7.126,D0095_012,65.23,81.54
S0_base,95,T0095_013,RIGID_9T,9000,34.0,21.0,0.85,ERD,11.341,77.7172,RNP,12.9249,79.3308,9.779,19.177,3.259,D0095_013,293.31,319.98
S0_base,95,T0095_014,ARTIC_25T,25000,78.0,31.0,0.62,NMK,11.2189,78.1674,SLM,11.6643,78.146,10.275,14.65,7.5,D0095_014,66.93,83.67
S0_base,95,T0095_015,RIGID_16T,16000,52.0,26.0,0.72,TRY,10.7905,78.7047,KRR,10.9601,78.0766,11.188,16.948,6.956,D0095_015,88.92,111.14
S0_base,95,T0095_016,RIGID_9T,9000,34.0,21.0,0.85,NLR,14.4426,79.9865,SPB,12.9675,79.943,14.931,23.566,3.382,D0095_016,205.11,223.76
S0_base,95,T0095_017,RIGID_9T,9000,34.0,21.0,0.85,ERD,11.341,77.7172,RNP,12.9249,79.3308,8.316,17.912,2.987,D0095_017,293.31,319.98
S0_base,95,T0095_018,RIGID_16T,16000,52.0,26.0,0.72,BID,12.7942,77.3854,DPI,12.1211,78.1583,14.298,21.739,5.234,D0095_018,140.56,175.7
S0_base,95,T0095_019,RIGID_16T,16000,52.0,26.0,0.72,DGL,10.3624,77.9695,MDU,9.9252,78.1198,9.988,14.788,7.156,D0095_019,64.15,80.19
S0_base,95,T0095_020,RIGID_16T,16000,52.0,26.0,0.72,DPI,12.1211,78.1583,HSR,12.7409,77.8253,12.368,17.488,6.434,D0095_020,97.29,121.61
S0_base,95,T0095_021,RIGID_9T,9000,34.0,21.0,0.85,KGI,12.5186,78.2137,SLM,11.6643,78.146,11.289,18.779,5.167,D0095_021,119.1,148.87
S0_base,95,T0095_022,RIGID_9T,9000,34.0,21.0,0.85,SPB,12.9675,79.943,HSR,12.7409,77.8253,11.198,21.859,2.026,D0095_022,272.53,297.3
S0_base,95,T0095_023,RIGID_9T,9000,34.0,21.0,0.85,SLM,11.6643,78.146,SPB,12.9675,79.943,13.589,23.174,2.044,D0095_023,286.88,312.96
S0_base,95,T0095_024,RIGID_16T,16000,52.0,26.0,0.72,CTR,13.2172,79.1003,NLM,13.0996,77.3936,5.751,14.664,3.136,D0095_024,231.57,252.62
S0_base,95,T0095_025,RIGID_9T,9000,34.0,21.0,0.85,KGI,12.5186,78.2137,BID,12.7942,77.3854,5.254,10.259,6.268,D0095_025,118.68,148.35
S0_base,95,T0095_026,RIGID_9T,9000,34.0,21.0,0.85,PDY,11.9416,79.8083,ORG,12.81,79.95,10.742,16.036,5.925,D0095_026,122.23,152.78
S0_base,95,T0095_027,RIGID_9T,9000,34.0,21.0,0.85,TPT,13.6288,79.4192,SPB,12.9675,79.943,5.388,11.545,5.098,D0095_027,116.05,145.07
S0_base,95,T0095_028,RIGID_16T,16000,52.0,26.0,0.72,CHN,13.0827,80.2707,ORG,12.81,79.95,14.753,20.932,6.262,D0095_028,62.27,77.83
S0_base,95,T0095_029,LCV_3T,3000,14.0,14.0,1.1,KGI,12.5186,78.2137,BLR,12.9716,77.5946,13.962,19.287,6.005,D0095_029,104.92,131.15
S0_base,96,T0096_000,RIGID_9T,9000,34.0,21.0,0.85,SLM,11.6643,78.146,ERD,11.341,77.7172,11.518,16.295,7.44,D0096_000,73.69,92.11
S0_base,96,T0096_001,RIGID_16T,16000,52.0,26.0,0.72,MDU,9.9252,78.1198,TTN,8.7642,78.1348,9.271,17.001,4.78,D0096_001,161.38,201.73
S0_base,96,T0096_002,ARTIC_25T,25000,78.0,31.0,0.62,SLM,11.6643,78.146,TNJ,10.787,79.1378,6.005,13.649,4.356,D0096_002,182.08,227.6
S0_base,96,T0096_003,RIGID_9T,9000,34.0,21.0,0.85,KGI,12.5186,78.2137,CHN,13.0827,80.2707,12.512,21.293,3.958,D0096_003,273.4,298.25
S0_base,96,T0096_004,RIGID_16T,16000,52.0,26.0,0.72,KGI,12.5186,78.2137,KPM,12.8342,79.7036,11.354,20.194,3.817,D0096_004,206.75,225.54
S0_base,96,T0096_005,RIGID_9T,9000,34.0,21.0,0.85,DPI,12.1211,78.1583,BLR,12.9716,77.5946,7.253,14.657,4.23,D0096_005,140.8,176.0
S0_base,96,T0096_006,ARTIC_25T,25000,78.0,31.0,0.62,TPT,13.6288,79.4192,SPB,12.9675,79.943,6.082,12.212,5.259,D0096_006,116.05,145.07
S0_base,96,T0096_007,RIGID_16T,16000,52.0,26.0,0.72,BLR,12.9716,77.5946,MYS,12.2958,76.6394,13.781,19.658,5.427,D0096_007,160.02,200.03
S0_base,96,T0096_008,ARTIC_25T,25000,78.0,31.0,0.62,SPB,12.9675,79.943,RNP,12.9249,79.3308,12.025,16.71,6.874,D0096_008,83.14,103.93
S0_base,96,T0096_009,RIGID_9T,9000,34.0,21.0,0.85,CTR,13.2172,79.1003,GMD,13.4084,80.1082,11.902,17.711,6.012,D0096_009,138.89,173.62
S0_base,96,T0096_010,LCV_3T,3000,14.0,14.0,1.1,HSR,12.7409,77.8253,BID,12.7942,77.3854,13.479,17.627,7.172,D0096_010,64.9,81.12
S0_base,96,T0096_011,RIGID_16T,16000,52.0,26.0,0.72,CTR,13.2172,79.1003,SPB,12.9675,79.943,12.916,20.101,5.545,D0096_011,119.25,149.06
S0_base,96,T0096_012,RIGID_16T,16000,52.0,26.0,0.72,TNJ,10.787,79.1378,TRY,10.7905,78.7047,10.663,15.936,6.937,D0096_012,63.87,79.83
S0_base,96,T0096_013,RIGID_9T,9000,34.0,21.0,0.85,SLM,11.6643,78.146,RNP,12.9249,79.3308,11.197,19.23,3.704,D0096_013,237.88,259.51
S0_base,96,T0096_014,RIGID_9T,9000,34.0,21.0,0.85,VLR,12.9165,79.1325,SPB,12.9675,79.943,10.627,16.269,6.091,D0096_014,110.02,137.53
S0_base,96,T0096_015,LCV_3T,3000,14.0,14.0,1.1,RNP,12.9249,79.3308,GMD,13.4084,80.1082,5.725,12.551,5.858,D0096_015,124.84,156.06
S0_base,96,T0096_016,RIGID_16T,16000,52.0,26.0,0.72,CTR,13.2172,79.1003,CDL,11.748,79.7714,10.044,18.607,3.601,D0096_016,223.6,243.92
S0_base,96,T0096_017,RIGID_16T,16000,52.0,26.0,0.72,KGI,12.5186,78.2137,CDL,11.748,79.7714,8.826,16.808,3.776,D0096_017,237.23,258.79
S0_base,96,T0096_018,RIGID_9T,9000,34.0,21.0,0.85,SLM,11.6643,78.146,BLR,12.9716,77.5946,6.708,16.128,3.328,D0096_018,196.53,245.66
S0_base,96,T0096_019,RIGID_9T,9000,34.0,21.0,0.85,SLM,11.6643,78.146,RNP,12.9249,79.3308,8.116,15.793,3.982,D0096_019,237.88,259.51
S0_base,96,T0096_020,ARTIC_25T,25000,78.0,31.0,0.62,TPT,13.6288,79.4192,RNP,12.9249,79.3308,7.078,14.228,5.164,D0096_020,98.57,123.21
S0_base,96,T0096_021,ARTIC_25T,25000,78.0,31.0,0.62,ORG,12.81,79.95,GMD,13.4084,80.1082,8.315,13.773,6.157,D0096_021,85.89,107.36
S0_base,96,T0096_022,LCV_3T,3000,14.0,14.0,1.1,CBE,11.0168,76.9558,KRR,10.9601,78.0766,10.619,18.392,4.728,D0096_022,153.13,191.41
S0_base,96,T0096_023,LCV_3T,3000,14.0,14.0,1.1,TPT,13.6288,79.4192,ORG,12.81,79.95,6.516,12.499,5.784,D0096_023,134.58,168.22
S0_base,96,T0096_024,RIGID_9T,9000,34.0,21.0,0.85,KGI,12.5186,78.2137,RNP,12.9249,79.3308,10.114,18.598,3.988,D0096_024,161.64,202.05
S0_base,96,T0096_025,RIGID_9T,9000,34.0,21.0,0.85,GMD,13.4084,80.1082,SPB,12.9675,79.943,6.214,13.114,5.493,D0096_025,65.23,81.54
S0_base,96,T0096_026,RIGID_16T,16000,52.0,26.0,0.72,MYS,12.2958,76.6394,NLM,13.0996,77.3936,12.258,18.941,5.052,D0096_026,151.46,189.32
S0_base,96,T0096_027,LCV_3T,3000,14.0,14.0,1.1,TRP,11.1085,77.3411,SLM,11.6643,78.146,7.122,13.931,4.676,D0096_027,134.15,167.69
S0_base,96,T0096_028,LCV_3T,3000,14.0,14.0,1.1,GMD,13.4084,80.1082,ORG,12.81,79.95,11.667,18.108,5.496,D0096_028,85.89,107.36
S0_base,96,T0096_029,RIGID_9T,9000,34.0,21.0,0.85,BLR,12.9716,77.5946,RNP,12.9249,79.3308,12.388,19.33,4.706,D0096_029,235.27,256.66
S0_base,97,T0097_000,RIGID_16T,16000,52.0,26.0,0.72,TPT,13.6288,79.4192,CHN,13.0827,80.2707,5.689,13.18,4.707,D0097_000,137.92,172.4
S0_base,97,T0097_001,RIGID_9T,9000,34.0,21.0,0.85,VLR,12.9165,79.1325,CHN,13.0827,80.2707,8.155,15.297,4.384,D0097_001,155.87,194.84
S0_base,97,T0097_002,LCV_3T,3000,14.0,14.0,1.1,SLM,11.6643,78.146,CDL,11.748,79.7714,11.502,18.779,4.054,D0097_002,221.53,241.67
S0_base,97,T0097_003,RIGID_9T,9000,34.0,21.0,0.85,BLR,12.9716,77.5946,KGI,12.5186,78.2137,9.54,15.534,6.338,D0097_003,104.92,131.15
S0_base,97,T0097_004,LCV_3T,3000,14.0,14.0,1.1,CBE,11.0168,76.9558,KCH,9.9312,76.2673,11.844,19.294,4.864,D0097_004,177.83,222.29
S0_base,97,T0097_005,RIGID_9T,9000,34.0,21.0,0.85,KGI,12.5186,78.2137,ERD,11.341,77.7172,5.236,12.647,4.34,D0097_005,177.06,221.32
S0_base,97,T0097_006,RIGID_16T,16000,52.0,26.0,0.72,CTR,13.2172,79.1003,ORG,12.81,79.95,6.256,11.479,6.263,D0097_006,128.24,160.29
S0_base,97,T0097_007,ARTIC_25T,25000,78.0,31.0,0.62,VLR,12.9165,79.1325,ORG,12.81,79.95,6.25,11.355,6.663,D0097_007,111.76,139.7
S0_base,97,T0097_008,RIGID_16T,16000,52.0,26.0,0.72,BLR,12.9716,77.5946,SLM,11.6643,78.146,9.566,17.452,4.226,D0097_008,196.53,245.66
S0_base,97,T0097_009,RIGID_16T,16000,52.0,26.0,0.72,CBE,11.0168,76.9558,KCH,9.9312,76.2673,5.362,11.473,5.249,D0097_009,177.83,222.29
S0_base,97,T0097_010,LCV_3T,3000,14.0,14.0,1.1,CHN,13.0827,80.2707,ORG,12.81,79.95,13.462,18.893,5.829,D0097_010,62.27,77.83
S0_base,97,T0097_011,RIGID_9T,9000,34.0,21.0,0.85,NLM,13.0996,77.3936,HSR,12.7409,77.8253,10.935,17.034,6.413,D0097_011,76.85,96.06
S0_base,97,T0097_012,RIGID_16T,16000,52.0,26.0,0.72,ORG,12.81,79.95,CHN,13.0827,80.2707,13.66,19.775,6.545,D0097_012,62.27,77.83
S0_base,97,T0097_013,ARTIC_25T,25000,78.0,31.0,0.62,SLM,11.6643,78.146,MDU,9.9252,78.1198,9.233,16.771,4.389,D0097_013,241.75,263.73
S0_base,97,T0097_014,RIGID_16T,16000,52.0,26.0,0.72,CHN,13.0827,80.2707,ORG,12.81,79.95,9.347,15.859,5.681,D0097_014,62.27,77.83
S0_base,97,T0097_015,ARTIC_25T,25000,78.0,31.0,0.62,HSR,12.7409,77.8253,CDL,11.748,79.7714,6.625,15.666,3.01,D0097_015,281.5,307.09
S0_base,97,T0097_016,RIGID_9T,9000,34.0,21.0,0.85,CHN,13.0827,80.2707,KPM,12.8342,79.7036,12.294,18.707,6.167,D0097_016,84.22,105.28
S0_base,97,T0097_017,RIGID_16T,16000,52.0,26.0,0.72,TNJ,10.787,79.1378,ERD,11.341,77.7172,7.502,16.843,3.043,D0097_017,208.52,227.48
S0_base,97,T0097_018,ARTIC_25T,25000,78.0,31.0,0.62,HSR,12.7409,77.8253,KGI,12.5186,78.2137,12.33,18.649,5.933,D0097_018,65.96,82.45
S0_base,97,T0097_019,RIGID_9T,9000,34.0,21.0,0.85,ERD,11.341,77.7172,SLM,11.6643,78.146,14.118,20.005,6.095,D0097_019,73.69,92.11
S0_base,97,T0097_020,RIGID_16T,16000,52.0,26.0,0.72,CHN,13.0827,80.2707,KPM,12.8342,79.7036,10.641,15.854,6.839,D0097_020,84.22,105.28
S0_base,97,T0097_021,LCV_3T,3000,14.0,14.0,1.1,SLM,11.6643,78.146,MDU,9.9252,78.1198,10.666,20.237,2.488,D0097_021,241.75,263.73
S0_base,97,T0097_022,RIGID_16T,16000,52.0,26.0,0.72,CHN,13.0827,80.2707,NLR,14.4426,79.9865,5.774,14.253,3.068,D0097_022,192.87,241.09
S0_base,97,T0097_023,LCV_3T,3000,14.0,14.0,1.1,GMD,13.4084,80.1082,ORG,12.81,79.95,10.02,16.991,5.153,D0097_023,85.89,107.36
S0_base,97,T0097_024,RIGID_9T,9000,34.0,21.0,0.85,SLM,11.6643,78.146,TRP,11.1085,77.3411,6.103,13.864,4.798,D0097_024,134.15,167.69
S0_base,97,T0097_025,RIGID_9T,9000,34.0,21.0,0.85,CBE,11.0168,76.9558,SLM,11.6643,78.146,10.056,19.217,3.026,D0097_025,185.5,231.87
S0_base,97,T0097_026,RIGID_9T,9000,34.0,21.0,0.85,DGL,10.3624,77.9695,MDU,9.9252,78.1198,11.74,18.675,5.522,D0097_026,64.15,80.19
S0_base,97,T0097_027,LCV_3T,3000,14.0,14.0,1.1,VLR,12.9165,79.1325,CHN,13.0827,80.2707,8.303,16.225,4.86,D0097_027,155.87,194.84
S0_base,97,T0097_028,RIGID_9T,9000,34.0,21.0,0.85,TRY,10.7905,78.7047,KRR,10.9601,78.0766,14.641,21.494,5.333,D0097_028,88.92,111.14
S0_base,97,T0097_029,RIGID_16T,16000,52.0,26.0,0.72,VLR,12.9165,79.1325,KPM,12.8342,79.7036,7.379,13.631,5.859,D0097_029,78.22,97.78
S0_base,98,T0098_000,RIGID_9T,9000,34.0,21.0,0.85,BLR,12.9716,77.5946,RNP,12.9249,79.3308,13.582,22.238,3.538,D0098_000,235.27,256.66
S0_base,98,T0098_001,ARTIC_25T,25000,78.0,31.0,0.62,DPI,12.1211,78.1583,KGI,12.5186,78.2137,8.128,13.135,7.727,D0098_001,60.22,75.28
S0_base,98,T0098_002,LCV_3T,3000,14.0,14.0,1.1,CTR,13.2172,79.1003,CDL,11.748,79.7714,9.954,17.216,4.617,D0098_002,223.6,243.92
S0_base,98,T0098_003,ARTIC_25T,25000,78.0,31.0,0.62,TPT,13.6288,79.4192,ORG,12.81,79.95,6.879,13.803,5.382,D0098_003,134.58,168.22
S0_base,98,T0098_004,RIGID_9T,9000,34.0,21.0,0.85,CHN,13.0827,80.2707,KPM,12.8342,79.7036,6.673,12.664,6.101,D0098_004,84.22,105.28
S0_base,98,T0098_005,LCV_3T,3000,14.0,14.0,1.1,DPI,12.1211,78.1583,RNP,12.9249,79.3308,5.295,13.965,3.946,D0098_005,194.4,243.0
S0_base,98,T0098_006,LCV_3T,3000,14.0,14.0,1.1,VLR,12.9165,79.1325,BLR,12.9716,77.5946,9.409,18.015,3.267,D0098_006,208.47,227.42
S0_base,98,T0098_007,ARTIC_25T,25000,78.0,31.0,0.62,GMD,13.4084,80.1082,CDL,11.748,79.7714,10.21,17.256,4.481,D0098_007,235.26,256.65
S0_base,98,T0098_008,LCV_3T,3000,14.0,14.0,1.1,DGL,10.3624,77.9695,MDU,9.9252,78.1198,10.669,15.791,7.554,D0098_008,64.15,80.19
S0_base,98,T0098_009,RIGID_16T,16000,52.0,26.0,0.72,ERD,11.341,77.7172,PDY,11.9416,79.8083,5.926,14.894,3.031,D0098_009,280.04,305.5
S0_base,98,T0098_010,RIGID_16T,16000,52.0,26.0,0.72,CBE,11.0168,76.9558,ERD,11.341,77.7172,6.668,13.386,5.066,D0098_010,113.18,141.47
S0_base,98,T0098_011,RIGID_16T,16000,52.0,26.0,0.72,DPI,12.1211,78.1583,TRP,11.1085,77.3411,13.382,22.54,3.211,D0098_011,179.41,224.26
S0_base,98,T0098_012,LCV_3T,3000,14.0,14.0,1.1,CDL,11.748,79.7714,RNP,12.9249,79.3308,14.301,22.404,4.073,D0098_012,174.18,217.72
S0_base,98,T0098_013,RIGID_9T,9000,34.0,21.0,0.85,NMK,11.2189,78.1674,SLM,11.6643,78.146,6.256,10.237,7.273,D0098_013,66.93,83.67
S0_base,98,T0098_014,RIGID_9T,9000,34.0,21.0,0.85,SPB,12.9675,79.943,GMD,13.4084,80.1082,9.036,14.782,6.968,D0098_014,65.23,81.54
S0_base,98,T0098_015,RIGID_16T,16000,52.0,26.0,0.72,DPI,12.1211,78.1583,CDL,11.748,79.7714,14.466,23.357,3.061,D0098_015,225.41,245.9
S0_base,98,T0098_016,RIGID_9T,9000,34.0,21.0,0.85,MYS,12.2958,76.6394,BLR,12.9716,77.5946,13.093,19.982,5.5,D0098_016,160.02,200.03
S0_base,98,T0098_017,RIGID_9T,9000,34.0,21.0,0.85,TPT,13.6288,79.4192,ORG,12.81,79.95,5.742,13.415,4.146,D0098_017,134.58,168.22
S0_base,98,T0098_018,RIGID_16T,16000,52.0,26.0,0.72,TUM,13.3379,77.1173,DPI,12.1211,78.1583,13.259,21.679,3.18,D0098_018,220.28,240.3
S0_base,98,T0098_019,LCV_3T,3000,14.0,14.0,1.1,NLR,14.4426,79.9865,SPB,12.9675,79.943,14.116,21.481,4.491,D0098_019,205.11,223.76
S0_base,98,T0098_020,RIGID_9T,9000,34.0,21.0,0.85,CHN,13.0827,80.2707,KPM,12.8342,79.7036,14.65,19.511,6.75,D0098_020,84.22,105.28
S0_base,98,T0098_021,ARTIC_25T,25000,78.0,31.0,0.62,MYS,12.2958,76.6394,DPI,12.1211,78.1583,12.015,20.333,4.215,D0098_021,207.77,226.65
S0_base,98,T0098_022,RIGID_9T,9000,34.0,21.0,0.85,CHN,13.0827,80.2707,ORG,12.81,79.95,10.902,16.221,6.67,D0098_022,62.27,77.83
S0_base,98,T0098_023,RIGID_9T,9000,34.0,21.0,0.85,BLR,12.9716,77.5946,SLM,11.6643,78.146,10.147,18.73,3.191,D0098_023,196.53,245.66
S0_base,98,T0098_024,RIGID_16T,16000,52.0,26.0,0.72,HSR,12.7409,77.8253,CDL,11.748,79.7714,9.034,19.273,2.192,D0098_024,281.5,307.09
S0_base,98,T0098_025,RIGID_16T,16000,52.0,26.0,0.72,ORG,12.81,79.95,GMD,13.4084,80.1082,5.888,11.603,5.986,D0098_025,85.89,107.36
S0_base,98,T0098_026,RIGID_9T,9000,34.0,21.0,0.85,SLM,11.6643,78.146,BID,12.7942,77.3854,12.73,21.705,3.044,D0098_026,187.99,234.98
S0_base,98,T0098_027,LCV_3T,3000,14.0,14.0,1.1,KGI,12.5186,78.2137,VLR,12.9165,79.1325,12.896,18.869,5.402,D0098_027,136.3,170.37
S0_base,98,T0098_028,ARTIC_25T,25000,78.0,31.0,0.62,KGI,12.5186,78.2137,HSR,12.7409,77.8253,7.568,11.933,7.591,D0098_028,65.96,82.45
S0_base,98,T0098_029,RIGID_9T,9000,34.0,21.0,0.85,TRY,10.7905,78.7047,RNP,12.9249,79.3308,13.583,21.665,3.141,D0098_029,291.37,317.85
S0_base,99,T0099_000,RIGID_9T,9000,34.0,21.0,0.85,ERD,11.341,77.7172,CBE,11.0168,76.9558,12.944,19.443,5.79,D0099_000,113.18,141.47
S0_base,99,T0099_001,RIGID_16T,16000,52.0,26.0,0.72,TPT,13.6288,79.4192,CTR,13.2172,79.1003,11.178,17.253,6.295,D0099_001,71.64,89.55
S0_base,99,T0099_002,RIGID_16T,16000,52.0,26.0,0.72,TPT,13.6288,79.4192,NLR,14.4426,79.9865,8.211,15.239,5.301,D0099_002,136.55,170.69
S0_base,99,T0099_003,RIGID_16T,16000,52.0,26.0,0.72,KGI,12.5186,78.2137,BID,12.7942,77.3854,6.764,12.988,5.69,D0099_003,118.68,148.35
S0_base,99,T0099_004,LCV_3T,3000,14.0,14.0,1.1,TPT,13.6288,79.4192,GMD,13.4084,80.1082,11.923,18.545,5.579,D0099_004,98.02,122.53
S0_base,99,T0099_005,LCV_3T,3000,14.0,14.0,1.1,KGI,12.5186,78.2137,SPB,12.9675,79.943,11.334,19.691,3.919,D0099_005,242.6,264.66
S0_base,99,T0099_006,RIGID_9T,9000,34.0,21.0,0.85,VLR,12.9165,79.1325,CHN,13.0827,80.2707,10.111,18.223,4.418,D0099_006,155.87,194.84
S0_base,99,T0099_007,RIGID_9T,9000,34.0,21.0,0.85,GMD,13.4084,80.1082,SPB,12.9675,79.943,11.654,16.047,6.855,D0099_007,65.23,81.54
S0_base,99,T0099_008,RIGID_16T,16000,52.0,26.0,0.72,KPM,12.8342,79.7036,CDL,11.748,79.7714,8.337,16.071,3.905,D0099_008,151.26,189.07
S0_base,99,T0099_009,RIGID_16T,16000,52.0,26.0,0.72,VLR,12.9165,79.1325,SPB,12.9675,79.943,7.955,13.737,6.049,D0099_009,110.02,137.53
S0_base,99,T0099_010,RIGID_9T,9000,34.0,21.0,0.85,NLM,13.0996,77.3936,HSR,12.7409,77.8253,8.659,14.423,6.116,D0099_010,76.85,96.06
S0_base,99,T0099_011,LCV_3T,3000,14.0,14.0,1.1,BID,12.7942,77.3854,SLM,11.6643,78.146,13.295,22.162,2.892,D0099_011,187.99,234.98
S0_base,99,T0099_012,ARTIC_25T,25000,78.0,31.0,0.62,MDU,9.9252,78.1198,TRY,10.7905,78.7047,12.577,19.672,5.194,D0099_012,144.43,180.54
S0_base,99,T0099_013,ARTIC_25T,25000,78.0,31.0,0.62,KPM,12.8342,79.7036,TPT,13.6288,79.4192,8.138,13.651,6.325,D0099_013,116.96,146.2
S0_base,99,T0099_014,RIGID_9T,9000,34.0,21.0,0.85,VLR,12.9165,79.1325,KPM,12.8342,79.7036,7.845,13.617,5.66,D0099_014,78.22,97.78
S0_base,99,T0099_015,RIGID_9T,9000,34.0,21.0,0.85,CBE,11.0168,76.9558,KCH,9.9312,76.2673,9.318,17.309,3.248,D0099_015,177.83,222.29
S0_base,99,T0099_016,LCV_3T,3000,14.0,14.0,1.1,SLM,11.6643,78.146,KRR,10.9601,78.0766,13.963,18.371,6.938,D0099_016,98.34,122.92
S0_base,99,T0099_017,RIGID_9T,9000,34.0,21.0,0.85,DPI,12.1211,78.1583,CHN,13.0827,80.2707,6.586,16.801,1.986,D0099_017,298.47,325.6
S0_base,99,T0099_018,RIGID_16T,16000,52.0,26.0,0.72,VLR,12.9165,79.1325,CDL,11.748,79.7714,14.148,21.635,4.694,D0099_018,184.13,230.16
S0_base,99,T0099_019,RIGID_9T,9000,34.0,21.0,0.85,RNP,12.9249,79.3308,SPB,12.9675,79.943,6.13,13.414,5.427,D0099_019,83.14,103.93
S0_base,99,T0099_020,ARTIC_25T,25000,78.0,31.0,0.62,TRP,11.1085,77.3411,HSR,12.7409,77.8253,8.389,16.109,4.279,D0099_020,236.25,257.73
S0_base,99,T0099_021,RIGID_16T,16000,52.0,26.0,0.72,VLR,12.9165,79.1325,CDL,11.748,79.7714,13.674,22.14,3.598,D0099_021,184.13,230.16
S0_base,99,T0099_022,RIGID_16T,16000,52.0,26.0,0.72,PDY,11.9416,79.8083,KPM,12.8342,79.7036,12.387,18.66,5.355,D0099_022,124.88,156.1
S0_base,99,T0099_023,ARTIC_25T,25000,78.0,31.0,0.62,ONG,15.5057,80.0499,GNT,16.3067,80.4365,14.354,20.22,6.154,D0099_023,122.74,153.43
S0_base,99,T0099_024,ARTIC_25T,25000,78.0,31.0,0.62,TPT,13.6288,79.4192,SPB,12.9675,79.943,9.721,17.303,4.62,D0099_024,116.05,145.07
S0_base,99,T0099_025,RIGID_9T,9000,34.0,21.0,0.85,DPI,12.1211,78.1583,KGI,12.5186,78.2137,7.236,13.868,5.876,D0099_025,60.22,75.28
S0_base,99,T0099_026,LCV_3T,3000,14.0,14.0,1.1,VLR,12.9165,79.1325,KPM,12.8342,79.7036,7.528,13.633,5.458,D0099_026,78.22,97.78
S0_base,99,T0099_027,RIGID_16T,16000,52.0,26.0,0.72,CHN,13.0827,80.2707,ORG,12.81,79.95,7.635,13.283,6.217,D0099_027,62.27,77.83
S0_base,99,T0099_028,LCV_3T,3000,14.0,14.0,1.1,TPT,13.6288,79.4192,CTR,13.2172,79.1003,14.062,21.449,5.404,D0099_028,71.64,89.55
S0_base,99,T0099_029,LCV_3T,3000,14.0,14.0,1.1,BLR,12.9716,77.5946,SPB,12.9675,79.943,6.984,17.022,2.383,D0099_029,300.27,327.57
